candidate_id,test_slug,question_code,response_kind,answer_value,answer_option_code,recipe_note,recipe_version
GD-001,ipip-neo-120-v1,N101,single_choice,,N,facet=ANXIETY;target_sum=9,gd_001_answer_recipe_v1
GD-001,ipip-neo-120-v1,E101,single_choice,,A,facet=FRIENDLINESS;target_sum=16,gd_001_answer_recipe_v1
GD-001,ipip-neo-120-v1,O101,single_choice,,N,facet=IMAGINATION;target_sum=12,gd_001_answer_recipe_v1
GD-001,ipip-neo-120-v1,A101,single_choice,,A,facet=TRUST;target_sum=14,gd_001_answer_recipe_v1
GD-001,ipip-neo-120-v1,C101,single_choice,,SA,facet=SELF_EFFICACY;target_sum=17,gd_001_answer_recipe_v1
GD-001,ipip-neo-120-v1,N201,single_choice,,D,facet=ANGER;target_sum=7,gd_001_answer_recipe_v1
GD-001,ipip-neo-120-v1,E201,single_choice,,N,facet=GREGARIOUSNESS;target_sum=11,gd_001_answer_recipe_v1
GD-001,ipip-neo-120-v1,O201,single_choice,,N,facet=ARTISTIC_INTERESTS;target_sum=9,gd_001_answer_recipe_v1
GD-001,ipip-neo-120-v1,A201,single_choice,,SD,facet=MORALITY;target_sum=17,gd_001_answer_recipe_v1
GD-001,ipip-neo-120-v1,C201,single_choice,,A,facet=ORDERLINESS;target_sum=16,gd_001_answer_recipe_v1
GD-001,ipip-neo-120-v1,N301,single_choice,,D,facet=DEPRESSION;target_sum=7,gd_001_answer_recipe_v1
GD-001,ipip-neo-120-v1,E301,single_choice,,A,facet=ASSERTIVENESS;target_sum=13,gd_001_answer_recipe_v1
GD-001,ipip-neo-120-v1,O301,single_choice,,N,facet=EMOTIONALITY;target_sum=12,gd_001_answer_recipe_v1
GD-001,ipip-neo-120-v1,A301,single_choice,,A,facet=ALTRUISM;target_sum=16,gd_001_answer_recipe_v1
GD-001,ipip-neo-120-v1,C301,single_choice,,SA,facet=DUTIFULNESS;target_sum=18,gd_001_answer_recipe_v1
GD-001,ipip-neo-120-v1,N401,single_choice,,N,facet=SELF_CONSCIOUSNESS;target_sum=10,gd_001_answer_recipe_v1
GD-001,ipip-neo-120-v1,E401,single_choice,,A,facet=ACTIVITY_LEVEL;target_sum=15,gd_001_answer_recipe_v1
GD-001,ipip-neo-120-v1,O401,single_choice,,A,facet=ADVENTUROUSNESS;target_sum=14,gd_001_answer_recipe_v1
GD-001,ipip-neo-120-v1,A401,single_choice,,SD,facet=COOPERATION;target_sum=17,gd_001_answer_recipe_v1
GD-001,ipip-neo-120-v1,C401,single_choice,,A,facet=ACHIEVEMENT_STRIVING;target_sum=16,gd_001_answer_recipe_v1
GD-001,ipip-neo-120-v1,N501,single_choice,,D,facet=IMMODERATION;target_sum=8,gd_001_answer_recipe_v1
GD-001,ipip-neo-120-v1,E501,single_choice,,N,facet=EXCITEMENT_SEEKING;target_sum=9,gd_001_answer_recipe_v1
GD-001,ipip-neo-120-v1,O501,single_choice,,A,facet=INTELLECT;target_sum=15,gd_001_answer_recipe_v1
GD-001,ipip-neo-120-v1,A501,single_choice,,D,facet=MODESTY;target_sum=13,gd_001_answer_recipe_v1
GD-001,ipip-neo-120-v1,C501,single_choice,,SA,facet=SELF_DISCIPLINE;target_sum=17,gd_001_answer_recipe_v1
GD-001,ipip-neo-120-v1,N601,single_choice,,N,facet=VULNERABILITY;target_sum=10,gd_001_answer_recipe_v1
GD-001,ipip-neo-120-v1,E601,single_choice,,A,facet=CHEERFULNESS;target_sum=15,gd_001_answer_recipe_v1
GD-001,ipip-neo-120-v1,O601,single_choice,,N,facet=LIBERALISM;target_sum=12,gd_001_answer_recipe_v1
GD-001,ipip-neo-120-v1,A601,single_choice,,A,facet=SYMPATHY;target_sum=16,gd_001_answer_recipe_v1
GD-001,ipip-neo-120-v1,C601,single_choice,,D,facet=CAUTIOUSNESS;target_sum=16,gd_001_answer_recipe_v1
GD-001,ipip-neo-120-v1,N102,single_choice,,D,facet=ANXIETY;target_sum=9,gd_001_answer_recipe_v1
GD-001,ipip-neo-120-v1,E102,single_choice,,A,facet=FRIENDLINESS;target_sum=16,gd_001_answer_recipe_v1
GD-001,ipip-neo-120-v1,O102,single_choice,,N,facet=IMAGINATION;target_sum=12,gd_001_answer_recipe_v1
GD-001,ipip-neo-120-v1,A102,single_choice,,A,facet=TRUST;target_sum=14,gd_001_answer_recipe_v1
GD-001,ipip-neo-120-v1,C102,single_choice,,A,facet=SELF_EFFICACY;target_sum=17,gd_001_answer_recipe_v1
GD-001,ipip-neo-120-v1,N202,single_choice,,D,facet=ANGER;target_sum=7,gd_001_answer_recipe_v1
GD-001,ipip-neo-120-v1,E202,single_choice,,N,facet=GREGARIOUSNESS;target_sum=11,gd_001_answer_recipe_v1
GD-001,ipip-neo-120-v1,O202,single_choice,,D,facet=ARTISTIC_INTERESTS;target_sum=9,gd_001_answer_recipe_v1
GD-001,ipip-neo-120-v1,A202,single_choice,,D,facet=MORALITY;target_sum=17,gd_001_answer_recipe_v1
GD-001,ipip-neo-120-v1,C202,single_choice,,D,facet=ORDERLINESS;target_sum=16,gd_001_answer_recipe_v1
GD-001,ipip-neo-120-v1,N302,single_choice,,D,facet=DEPRESSION;target_sum=7,gd_001_answer_recipe_v1
GD-001,ipip-neo-120-v1,E302,single_choice,,N,facet=ASSERTIVENESS;target_sum=13,gd_001_answer_recipe_v1
GD-001,ipip-neo-120-v1,O302,single_choice,,N,facet=EMOTIONALITY;target_sum=12,gd_001_answer_recipe_v1
GD-001,ipip-neo-120-v1,A302,single_choice,,A,facet=ALTRUISM;target_sum=16,gd_001_answer_recipe_v1
GD-001,ipip-neo-120-v1,C302,single_choice,,SA,facet=DUTIFULNESS;target_sum=18,gd_001_answer_recipe_v1
GD-001,ipip-neo-120-v1,N402,single_choice,,N,facet=SELF_CONSCIOUSNESS;target_sum=10,gd_001_answer_recipe_v1
GD-001,ipip-neo-120-v1,E402,single_choice,,A,facet=ACTIVITY_LEVEL;target_sum=15,gd_001_answer_recipe_v1
GD-001,ipip-neo-120-v1,O402,single_choice,,D,facet=ADVENTUROUSNESS;target_sum=14,gd_001_answer_recipe_v1
GD-001,ipip-neo-120-v1,A402,single_choice,,D,facet=COOPERATION;target_sum=17,gd_001_answer_recipe_v1
GD-001,ipip-neo-120-v1,C402,single_choice,,A,facet=ACHIEVEMENT_STRIVING;target_sum=16,gd_001_answer_recipe_v1
GD-001,ipip-neo-120-v1,N502,single_choice,,A,facet=IMMODERATION;target_sum=8,gd_001_answer_recipe_v1
GD-001,ipip-neo-120-v1,E502,single_choice,,D,facet=EXCITEMENT_SEEKING;target_sum=9,gd_001_answer_recipe_v1
GD-001,ipip-neo-120-v1,O502,single_choice,,D,facet=INTELLECT;target_sum=15,gd_001_answer_recipe_v1
GD-001,ipip-neo-120-v1,A502,single_choice,,N,facet=MODESTY;target_sum=13,gd_001_answer_recipe_v1
GD-001,ipip-neo-120-v1,C502,single_choice,,A,facet=SELF_DISCIPLINE;target_sum=17,gd_001_answer_recipe_v1
GD-001,ipip-neo-120-v1,N602,single_choice,,N,facet=VULNERABILITY;target_sum=10,gd_001_answer_recipe_v1
GD-001,ipip-neo-120-v1,E602,single_choice,,A,facet=CHEERFULNESS;target_sum=15,gd_001_answer_recipe_v1
GD-001,ipip-neo-120-v1,O602,single_choice,,N,facet=LIBERALISM;target_sum=12,gd_001_answer_recipe_v1
GD-001,ipip-neo-120-v1,A602,single_choice,,A,facet=SYMPATHY;target_sum=16,gd_001_answer_recipe_v1
GD-001,ipip-neo-120-v1,C602,single_choice,,D,facet=CAUTIOUSNESS;target_sum=16,gd_001_answer_recipe_v1
GD-001,ipip-neo-120-v1,N103,single_choice,,D,facet=ANXIETY;target_sum=9,gd_001_answer_recipe_v1
GD-001,ipip-neo-120-v1,E103,single_choice,,D,facet=FRIENDLINESS;target_sum=16,gd_001_answer_recipe_v1
GD-001,ipip-neo-120-v1,O103,single_choice,,N,facet=IMAGINATION;target_sum=12,gd_001_answer_recipe_v1
GD-001,ipip-neo-120-v1,A103,single_choice,,N,facet=TRUST;target_sum=14,gd_001_answer_recipe_v1
GD-001,ipip-neo-120-v1,C103,single_choice,,A,facet=SELF_EFFICACY;target_sum=17,gd_001_answer_recipe_v1
GD-001,ipip-neo-120-v1,N203,single_choice,,D,facet=ANGER;target_sum=7,gd_001_answer_recipe_v1
GD-001,ipip-neo-120-v1,E203,single_choice,,N,facet=GREGARIOUSNESS;target_sum=11,gd_001_answer_recipe_v1
GD-001,ipip-neo-120-v1,O203,single_choice,,A,facet=ARTISTIC_INTERESTS;target_sum=9,gd_001_answer_recipe_v1
GD-001,ipip-neo-120-v1,A203,single_choice,,D,facet=MORALITY;target_sum=17,gd_001_answer_recipe_v1
GD-001,ipip-neo-120-v1,C203,single_choice,,D,facet=ORDERLINESS;target_sum=16,gd_001_answer_recipe_v1
GD-001,ipip-neo-120-v1,N303,single_choice,,D,facet=DEPRESSION;target_sum=7,gd_001_answer_recipe_v1
GD-001,ipip-neo-120-v1,E303,single_choice,,N,facet=ASSERTIVENESS;target_sum=13,gd_001_answer_recipe_v1
GD-001,ipip-neo-120-v1,O303,single_choice,,N,facet=EMOTIONALITY;target_sum=12,gd_001_answer_recipe_v1
GD-001,ipip-neo-120-v1,A303,single_choice,,D,facet=ALTRUISM;target_sum=16,gd_001_answer_recipe_v1
GD-001,ipip-neo-120-v1,C303,single_choice,,D,facet=DUTIFULNESS;target_sum=18,gd_001_answer_recipe_v1
GD-001,ipip-neo-120-v1,N403,single_choice,,D,facet=SELF_CONSCIOUSNESS;target_sum=10,gd_001_answer_recipe_v1
GD-001,ipip-neo-120-v1,E403,single_choice,,A,facet=ACTIVITY_LEVEL;target_sum=15,gd_001_answer_recipe_v1
GD-001,ipip-neo-120-v1,O403,single_choice,,N,facet=ADVENTUROUSNESS;target_sum=14,gd_001_answer_recipe_v1
GD-001,ipip-neo-120-v1,A403,single_choice,,D,facet=COOPERATION;target_sum=17,gd_001_answer_recipe_v1
GD-001,ipip-neo-120-v1,C403,single_choice,,D,facet=ACHIEVEMENT_STRIVING;target_sum=16,gd_001_answer_recipe_v1
GD-001,ipip-neo-120-v1,N503,single_choice,,A,facet=IMMODERATION;target_sum=8,gd_001_answer_recipe_v1
GD-001,ipip-neo-120-v1,E503,single_choice,,D,facet=EXCITEMENT_SEEKING;target_sum=9,gd_001_answer_recipe_v1
GD-001,ipip-neo-120-v1,O503,single_choice,,D,facet=INTELLECT;target_sum=15,gd_001_answer_recipe_v1
GD-001,ipip-neo-120-v1,A503,single_choice,,N,facet=MODESTY;target_sum=13,gd_001_answer_recipe_v1
GD-001,ipip-neo-120-v1,C503,single_choice,,D,facet=SELF_DISCIPLINE;target_sum=17,gd_001_answer_recipe_v1
GD-001,ipip-neo-120-v1,N603,single_choice,,D,facet=VULNERABILITY;target_sum=10,gd_001_answer_recipe_v1
GD-001,ipip-neo-120-v1,E603,single_choice,,A,facet=CHEERFULNESS;target_sum=15,gd_001_answer_recipe_v1
GD-001,ipip-neo-120-v1,O603,single_choice,,N,facet=LIBERALISM;target_sum=12,gd_001_answer_recipe_v1
GD-001,ipip-neo-120-v1,A603,single_choice,,D,facet=SYMPATHY;target_sum=16,gd_001_answer_recipe_v1
GD-001,ipip-neo-120-v1,C603,single_choice,,D,facet=CAUTIOUSNESS;target_sum=16,gd_001_answer_recipe_v1
GD-001,ipip-neo-120-v1,N104,single_choice,,D,facet=ANXIETY;target_sum=9,gd_001_answer_recipe_v1
GD-001,ipip-neo-120-v1,E104,single_choice,,D,facet=FRIENDLINESS;target_sum=16,gd_001_answer_recipe_v1
GD-001,ipip-neo-120-v1,O104,single_choice,,N,facet=IMAGINATION;target_sum=12,gd_001_answer_recipe_v1
GD-001,ipip-neo-120-v1,A104,single_choice,,N,facet=TRUST;target_sum=14,gd_001_answer_recipe_v1
GD-001,ipip-neo-120-v1,C104,single_choice,,A,facet=SELF_EFFICACY;target_sum=17,gd_001_answer_recipe_v1
GD-001,ipip-neo-120-v1,N204,single_choice,,SA,facet=ANGER;target_sum=7,gd_001_answer_recipe_v1
GD-001,ipip-neo-120-v1,E204,single_choice,,A,facet=GREGARIOUSNESS;target_sum=11,gd_001_answer_recipe_v1
GD-001,ipip-neo-120-v1,O204,single_choice,,A,facet=ARTISTIC_INTERESTS;target_sum=9,gd_001_answer_recipe_v1
GD-001,ipip-neo-120-v1,A204,single_choice,,D,facet=MORALITY;target_sum=17,gd_001_answer_recipe_v1
GD-001,ipip-neo-120-v1,C204,single_choice,,D,facet=ORDERLINESS;target_sum=16,gd_001_answer_recipe_v1
GD-001,ipip-neo-120-v1,N304,single_choice,,SA,facet=DEPRESSION;target_sum=7,gd_001_answer_recipe_v1
GD-001,ipip-neo-120-v1,E304,single_choice,,N,facet=ASSERTIVENESS;target_sum=13,gd_001_answer_recipe_v1
GD-001,ipip-neo-120-v1,O304,single_choice,,N,facet=EMOTIONALITY;target_sum=12,gd_001_answer_recipe_v1
GD-001,ipip-neo-120-v1,A304,single_choice,,D,facet=ALTRUISM;target_sum=16,gd_001_answer_recipe_v1
GD-001,ipip-neo-120-v1,C304,single_choice,,D,facet=DUTIFULNESS;target_sum=18,gd_001_answer_recipe_v1
GD-001,ipip-neo-120-v1,N404,single_choice,,A,facet=SELF_CONSCIOUSNESS;target_sum=10,gd_001_answer_recipe_v1
GD-001,ipip-neo-120-v1,E404,single_choice,,N,facet=ACTIVITY_LEVEL;target_sum=15,gd_001_answer_recipe_v1
GD-001,ipip-neo-120-v1,O404,single_choice,,N,facet=ADVENTUROUSNESS;target_sum=14,gd_001_answer_recipe_v1
GD-001,ipip-neo-120-v1,A404,single_choice,,D,facet=COOPERATION;target_sum=17,gd_001_answer_recipe_v1
GD-001,ipip-neo-120-v1,C404,single_choice,,D,facet=ACHIEVEMENT_STRIVING;target_sum=16,gd_001_answer_recipe_v1
GD-001,ipip-neo-120-v1,N504,single_choice,,A,facet=IMMODERATION;target_sum=8,gd_001_answer_recipe_v1
GD-001,ipip-neo-120-v1,E504,single_choice,,D,facet=EXCITEMENT_SEEKING;target_sum=9,gd_001_answer_recipe_v1
GD-001,ipip-neo-120-v1,O504,single_choice,,N,facet=INTELLECT;target_sum=15,gd_001_answer_recipe_v1
GD-001,ipip-neo-120-v1,A504,single_choice,,N,facet=MODESTY;target_sum=13,gd_001_answer_recipe_v1
GD-001,ipip-neo-120-v1,C504,single_choice,,D,facet=SELF_DISCIPLINE;target_sum=17,gd_001_answer_recipe_v1
GD-001,ipip-neo-120-v1,N604,single_choice,,A,facet=VULNERABILITY;target_sum=10,gd_001_answer_recipe_v1
GD-001,ipip-neo-120-v1,E604,single_choice,,N,facet=CHEERFULNESS;target_sum=15,gd_001_answer_recipe_v1
GD-001,ipip-neo-120-v1,O604,single_choice,,N,facet=LIBERALISM;target_sum=12,gd_001_answer_recipe_v1
GD-001,ipip-neo-120-v1,A604,single_choice,,D,facet=SYMPATHY;target_sum=16,gd_001_answer_recipe_v1
GD-001,ipip-neo-120-v1,C604,single_choice,,D,facet=CAUTIOUSNESS;target_sum=16,gd_001_answer_recipe_v1
GD-002,ipip-neo-120-v1,N101,single_choice,,D,profile=gd_002_authored;facet=ANXIETY;target_sum=11;scored_pattern=2-3-3-3,gd_002_ipip_authoring_v1
GD-002,ipip-neo-120-v1,E101,single_choice,,SA,profile=gd_002_authored;facet=FRIENDLINESS;target_sum=19;scored_pattern=5-5-4-5,gd_002_ipip_authoring_v1
GD-002,ipip-neo-120-v1,O101,single_choice,,N,profile=gd_002_authored;facet=IMAGINATION;target_sum=13;scored_pattern=3-3-3-4,gd_002_ipip_authoring_v1
GD-002,ipip-neo-120-v1,A101,single_choice,,N,profile=gd_002_authored;facet=TRUST;target_sum=13;scored_pattern=3-4-3-3,gd_002_ipip_authoring_v1
GD-002,ipip-neo-120-v1,C101,single_choice,,N,profile=gd_002_authored;facet=SELF_EFFICACY;target_sum=16;scored_pattern=3-4-4-5,gd_002_ipip_authoring_v1
GD-002,ipip-neo-120-v1,N201,single_choice,,SD,profile=gd_002_authored;facet=ANGER;target_sum=6;scored_pattern=1-2-2-1,gd_002_ipip_authoring_v1
GD-002,ipip-neo-120-v1,E201,single_choice,,A,profile=gd_002_authored;facet=GREGARIOUSNESS;target_sum=14;scored_pattern=4-3-3-4,gd_002_ipip_authoring_v1
GD-002,ipip-neo-120-v1,O201,single_choice,,N,profile=gd_002_authored;facet=ARTISTIC_INTERESTS;target_sum=11;scored_pattern=3-3-3-2,gd_002_ipip_authoring_v1
GD-002,ipip-neo-120-v1,A201,single_choice,,SD,profile=gd_002_authored;facet=MORALITY;target_sum=16;scored_pattern=5-3-4-4,gd_002_ipip_authoring_v1
GD-002,ipip-neo-120-v1,C201,single_choice,,A,profile=gd_002_authored;facet=ORDERLINESS;target_sum=17;scored_pattern=4-4-5-4,gd_002_ipip_authoring_v1
GD-002,ipip-neo-120-v1,N301,single_choice,,D,profile=gd_002_authored;facet=DEPRESSION;target_sum=8;scored_pattern=2-3-1-2,gd_002_ipip_authoring_v1
GD-002,ipip-neo-120-v1,E301,single_choice,,A,profile=gd_002_authored;facet=ASSERTIVENESS;target_sum=18;scored_pattern=4-4-5-5,gd_002_ipip_authoring_v1
GD-002,ipip-neo-120-v1,O301,single_choice,,N,profile=gd_002_authored;facet=EMOTIONALITY;target_sum=13;scored_pattern=3-4-3-3,gd_002_ipip_authoring_v1
GD-002,ipip-neo-120-v1,A301,single_choice,,N,profile=gd_002_authored;facet=ALTRUISM;target_sum=16;scored_pattern=3-4-4-5,gd_002_ipip_authoring_v1
GD-002,ipip-neo-120-v1,C301,single_choice,,A,profile=gd_002_authored;facet=DUTIFULNESS;target_sum=17;scored_pattern=4-5-4-4,gd_002_ipip_authoring_v1
GD-002,ipip-neo-120-v1,N401,single_choice,,A,profile=gd_002_authored;facet=SELF_CONSCIOUSNESS;target_sum=15;scored_pattern=4-3-4-4,gd_002_ipip_authoring_v1
GD-002,ipip-neo-120-v1,E401,single_choice,,A,profile=gd_002_authored;facet=ACTIVITY_LEVEL;target_sum=17;scored_pattern=4-4-5-4,gd_002_ipip_authoring_v1
GD-002,ipip-neo-120-v1,O401,single_choice,,A,profile=gd_002_authored;facet=ADVENTUROUSNESS;target_sum=13;scored_pattern=4-3-3-3,gd_002_ipip_authoring_v1
GD-002,ipip-neo-120-v1,A401,single_choice,,D,profile=gd_002_authored;facet=COOPERATION;target_sum=17;scored_pattern=4-4-5-4,gd_002_ipip_authoring_v1
GD-002,ipip-neo-120-v1,C401,single_choice,,SA,profile=gd_002_authored;facet=ACHIEVEMENT_STRIVING;target_sum=16;scored_pattern=5-3-4-4,gd_002_ipip_authoring_v1
GD-002,ipip-neo-120-v1,N501,single_choice,,SD,profile=gd_002_authored;facet=IMMODERATION;target_sum=7;scored_pattern=1-2-2-2,gd_002_ipip_authoring_v1
GD-002,ipip-neo-120-v1,E501,single_choice,,D,profile=gd_002_authored;facet=EXCITEMENT_SEEKING;target_sum=7;scored_pattern=2-2-1-2,gd_002_ipip_authoring_v1
GD-002,ipip-neo-120-v1,O501,single_choice,,N,profile=gd_002_authored;facet=INTELLECT;target_sum=16;scored_pattern=3-4-4-5,gd_002_ipip_authoring_v1
GD-002,ipip-neo-120-v1,A501,single_choice,,N,profile=gd_002_authored;facet=MODESTY;target_sum=12;scored_pattern=3-4-2-3,gd_002_ipip_authoring_v1
GD-002,ipip-neo-120-v1,C501,single_choice,,A,profile=gd_002_authored;facet=SELF_DISCIPLINE;target_sum=17;scored_pattern=4-4-4-5,gd_002_ipip_authoring_v1
GD-002,ipip-neo-120-v1,N601,single_choice,,N,profile=gd_002_authored;facet=VULNERABILITY;target_sum=11;scored_pattern=3-3-3-2,gd_002_ipip_authoring_v1
GD-002,ipip-neo-120-v1,E601,single_choice,,A,profile=gd_002_authored;facet=CHEERFULNESS;target_sum=14;scored_pattern=4-3-3-4,gd_002_ipip_authoring_v1
GD-002,ipip-neo-120-v1,O601,single_choice,,N,profile=gd_002_authored;facet=LIBERALISM;target_sum=13;scored_pattern=3-3-4-3,gd_002_ipip_authoring_v1
GD-002,ipip-neo-120-v1,A601,single_choice,,SA,profile=gd_002_authored;facet=SYMPATHY;target_sum=16;scored_pattern=5-3-4-4,gd_002_ipip_authoring_v1
GD-002,ipip-neo-120-v1,C601,single_choice,,D,profile=gd_002_authored;facet=CAUTIOUSNESS;target_sum=17;scored_pattern=4-4-5-4,gd_002_ipip_authoring_v1
GD-002,ipip-neo-120-v1,N102,single_choice,,N,profile=gd_002_authored;facet=ANXIETY;target_sum=11;scored_pattern=2-3-3-3,gd_002_ipip_authoring_v1
GD-002,ipip-neo-120-v1,E102,single_choice,,SA,profile=gd_002_authored;facet=FRIENDLINESS;target_sum=19;scored_pattern=5-5-4-5,gd_002_ipip_authoring_v1
GD-002,ipip-neo-120-v1,O102,single_choice,,N,profile=gd_002_authored;facet=IMAGINATION;target_sum=13;scored_pattern=3-3-3-4,gd_002_ipip_authoring_v1
GD-002,ipip-neo-120-v1,A102,single_choice,,A,profile=gd_002_authored;facet=TRUST;target_sum=13;scored_pattern=3-4-3-3,gd_002_ipip_authoring_v1
GD-002,ipip-neo-120-v1,C102,single_choice,,A,profile=gd_002_authored;facet=SELF_EFFICACY;target_sum=16;scored_pattern=3-4-4-5,gd_002_ipip_authoring_v1
GD-002,ipip-neo-120-v1,N202,single_choice,,D,profile=gd_002_authored;facet=ANGER;target_sum=6;scored_pattern=1-2-2-1,gd_002_ipip_authoring_v1
GD-002,ipip-neo-120-v1,E202,single_choice,,N,profile=gd_002_authored;facet=GREGARIOUSNESS;target_sum=14;scored_pattern=4-3-3-4,gd_002_ipip_authoring_v1
GD-002,ipip-neo-120-v1,O202,single_choice,,N,profile=gd_002_authored;facet=ARTISTIC_INTERESTS;target_sum=11;scored_pattern=3-3-3-2,gd_002_ipip_authoring_v1
GD-002,ipip-neo-120-v1,A202,single_choice,,N,profile=gd_002_authored;facet=MORALITY;target_sum=16;scored_pattern=5-3-4-4,gd_002_ipip_authoring_v1
GD-002,ipip-neo-120-v1,C202,single_choice,,D,profile=gd_002_authored;facet=ORDERLINESS;target_sum=17;scored_pattern=4-4-5-4,gd_002_ipip_authoring_v1
GD-002,ipip-neo-120-v1,N302,single_choice,,N,profile=gd_002_authored;facet=DEPRESSION;target_sum=8;scored_pattern=2-3-1-2,gd_002_ipip_authoring_v1
GD-002,ipip-neo-120-v1,E302,single_choice,,A,profile=gd_002_authored;facet=ASSERTIVENESS;target_sum=18;scored_pattern=4-4-5-5,gd_002_ipip_authoring_v1
GD-002,ipip-neo-120-v1,O302,single_choice,,A,profile=gd_002_authored;facet=EMOTIONALITY;target_sum=13;scored_pattern=3-4-3-3,gd_002_ipip_authoring_v1
GD-002,ipip-neo-120-v1,A302,single_choice,,A,profile=gd_002_authored;facet=ALTRUISM;target_sum=16;scored_pattern=3-4-4-5,gd_002_ipip_authoring_v1
GD-002,ipip-neo-120-v1,C302,single_choice,,SA,profile=gd_002_authored;facet=DUTIFULNESS;target_sum=17;scored_pattern=4-5-4-4,gd_002_ipip_authoring_v1
GD-002,ipip-neo-120-v1,N402,single_choice,,N,profile=gd_002_authored;facet=SELF_CONSCIOUSNESS;target_sum=15;scored_pattern=4-3-4-4,gd_002_ipip_authoring_v1
GD-002,ipip-neo-120-v1,E402,single_choice,,A,profile=gd_002_authored;facet=ACTIVITY_LEVEL;target_sum=17;scored_pattern=4-4-5-4,gd_002_ipip_authoring_v1
GD-002,ipip-neo-120-v1,O402,single_choice,,N,profile=gd_002_authored;facet=ADVENTUROUSNESS;target_sum=13;scored_pattern=4-3-3-3,gd_002_ipip_authoring_v1
GD-002,ipip-neo-120-v1,A402,single_choice,,D,profile=gd_002_authored;facet=COOPERATION;target_sum=17;scored_pattern=4-4-5-4,gd_002_ipip_authoring_v1
GD-002,ipip-neo-120-v1,C402,single_choice,,N,profile=gd_002_authored;facet=ACHIEVEMENT_STRIVING;target_sum=16;scored_pattern=5-3-4-4,gd_002_ipip_authoring_v1
GD-002,ipip-neo-120-v1,N502,single_choice,,A,profile=gd_002_authored;facet=IMMODERATION;target_sum=7;scored_pattern=1-2-2-2,gd_002_ipip_authoring_v1
GD-002,ipip-neo-120-v1,E502,single_choice,,D,profile=gd_002_authored;facet=EXCITEMENT_SEEKING;target_sum=7;scored_pattern=2-2-1-2,gd_002_ipip_authoring_v1
GD-002,ipip-neo-120-v1,O502,single_choice,,D,profile=gd_002_authored;facet=INTELLECT;target_sum=16;scored_pattern=3-4-4-5,gd_002_ipip_authoring_v1
GD-002,ipip-neo-120-v1,A502,single_choice,,D,profile=gd_002_authored;facet=MODESTY;target_sum=12;scored_pattern=3-4-2-3,gd_002_ipip_authoring_v1
GD-002,ipip-neo-120-v1,C502,single_choice,,A,profile=gd_002_authored;facet=SELF_DISCIPLINE;target_sum=17;scored_pattern=4-4-4-5,gd_002_ipip_authoring_v1
GD-002,ipip-neo-120-v1,N602,single_choice,,N,profile=gd_002_authored;facet=VULNERABILITY;target_sum=11;scored_pattern=3-3-3-2,gd_002_ipip_authoring_v1
GD-002,ipip-neo-120-v1,E602,single_choice,,N,profile=gd_002_authored;facet=CHEERFULNESS;target_sum=14;scored_pattern=4-3-3-4,gd_002_ipip_authoring_v1
GD-002,ipip-neo-120-v1,O602,single_choice,,N,profile=gd_002_authored;facet=LIBERALISM;target_sum=13;scored_pattern=3-3-4-3,gd_002_ipip_authoring_v1
GD-002,ipip-neo-120-v1,A602,single_choice,,N,profile=gd_002_authored;facet=SYMPATHY;target_sum=16;scored_pattern=5-3-4-4,gd_002_ipip_authoring_v1
GD-002,ipip-neo-120-v1,C602,single_choice,,D,profile=gd_002_authored;facet=CAUTIOUSNESS;target_sum=17;scored_pattern=4-4-5-4,gd_002_ipip_authoring_v1
GD-002,ipip-neo-120-v1,N103,single_choice,,N,profile=gd_002_authored;facet=ANXIETY;target_sum=11;scored_pattern=2-3-3-3,gd_002_ipip_authoring_v1
GD-002,ipip-neo-120-v1,E103,single_choice,,D,profile=gd_002_authored;facet=FRIENDLINESS;target_sum=19;scored_pattern=5-5-4-5,gd_002_ipip_authoring_v1
GD-002,ipip-neo-120-v1,O103,single_choice,,N,profile=gd_002_authored;facet=IMAGINATION;target_sum=13;scored_pattern=3-3-3-4,gd_002_ipip_authoring_v1
GD-002,ipip-neo-120-v1,A103,single_choice,,N,profile=gd_002_authored;facet=TRUST;target_sum=13;scored_pattern=3-4-3-3,gd_002_ipip_authoring_v1
GD-002,ipip-neo-120-v1,C103,single_choice,,A,profile=gd_002_authored;facet=SELF_EFFICACY;target_sum=16;scored_pattern=3-4-4-5,gd_002_ipip_authoring_v1
GD-002,ipip-neo-120-v1,N203,single_choice,,D,profile=gd_002_authored;facet=ANGER;target_sum=6;scored_pattern=1-2-2-1,gd_002_ipip_authoring_v1
GD-002,ipip-neo-120-v1,E203,single_choice,,N,profile=gd_002_authored;facet=GREGARIOUSNESS;target_sum=14;scored_pattern=4-3-3-4,gd_002_ipip_authoring_v1
GD-002,ipip-neo-120-v1,O203,single_choice,,N,profile=gd_002_authored;facet=ARTISTIC_INTERESTS;target_sum=11;scored_pattern=3-3-3-2,gd_002_ipip_authoring_v1
GD-002,ipip-neo-120-v1,A203,single_choice,,D,profile=gd_002_authored;facet=MORALITY;target_sum=16;scored_pattern=5-3-4-4,gd_002_ipip_authoring_v1
GD-002,ipip-neo-120-v1,C203,single_choice,,SD,profile=gd_002_authored;facet=ORDERLINESS;target_sum=17;scored_pattern=4-4-5-4,gd_002_ipip_authoring_v1
GD-002,ipip-neo-120-v1,N303,single_choice,,SD,profile=gd_002_authored;facet=DEPRESSION;target_sum=8;scored_pattern=2-3-1-2,gd_002_ipip_authoring_v1
GD-002,ipip-neo-120-v1,E303,single_choice,,SA,profile=gd_002_authored;facet=ASSERTIVENESS;target_sum=18;scored_pattern=4-4-5-5,gd_002_ipip_authoring_v1
GD-002,ipip-neo-120-v1,O303,single_choice,,N,profile=gd_002_authored;facet=EMOTIONALITY;target_sum=13;scored_pattern=3-4-3-3,gd_002_ipip_authoring_v1
GD-002,ipip-neo-120-v1,A303,single_choice,,D,profile=gd_002_authored;facet=ALTRUISM;target_sum=16;scored_pattern=3-4-4-5,gd_002_ipip_authoring_v1
GD-002,ipip-neo-120-v1,C303,single_choice,,D,profile=gd_002_authored;facet=DUTIFULNESS;target_sum=17;scored_pattern=4-5-4-4,gd_002_ipip_authoring_v1
GD-002,ipip-neo-120-v1,N403,single_choice,,A,profile=gd_002_authored;facet=SELF_CONSCIOUSNESS;target_sum=15;scored_pattern=4-3-4-4,gd_002_ipip_authoring_v1
GD-002,ipip-neo-120-v1,E403,single_choice,,SA,profile=gd_002_authored;facet=ACTIVITY_LEVEL;target_sum=17;scored_pattern=4-4-5-4,gd_002_ipip_authoring_v1
GD-002,ipip-neo-120-v1,O403,single_choice,,N,profile=gd_002_authored;facet=ADVENTUROUSNESS;target_sum=13;scored_pattern=4-3-3-3,gd_002_ipip_authoring_v1
GD-002,ipip-neo-120-v1,A403,single_choice,,SD,profile=gd_002_authored;facet=COOPERATION;target_sum=17;scored_pattern=4-4-5-4,gd_002_ipip_authoring_v1
GD-002,ipip-neo-120-v1,C403,single_choice,,D,profile=gd_002_authored;facet=ACHIEVEMENT_STRIVING;target_sum=16;scored_pattern=5-3-4-4,gd_002_ipip_authoring_v1
GD-002,ipip-neo-120-v1,N503,single_choice,,A,profile=gd_002_authored;facet=IMMODERATION;target_sum=7;scored_pattern=1-2-2-2,gd_002_ipip_authoring_v1
GD-002,ipip-neo-120-v1,E503,single_choice,,SD,profile=gd_002_authored;facet=EXCITEMENT_SEEKING;target_sum=7;scored_pattern=2-2-1-2,gd_002_ipip_authoring_v1
GD-002,ipip-neo-120-v1,O503,single_choice,,D,profile=gd_002_authored;facet=INTELLECT;target_sum=16;scored_pattern=3-4-4-5,gd_002_ipip_authoring_v1
GD-002,ipip-neo-120-v1,A503,single_choice,,A,profile=gd_002_authored;facet=MODESTY;target_sum=12;scored_pattern=3-4-2-3,gd_002_ipip_authoring_v1
GD-002,ipip-neo-120-v1,C503,single_choice,,D,profile=gd_002_authored;facet=SELF_DISCIPLINE;target_sum=17;scored_pattern=4-4-4-5,gd_002_ipip_authoring_v1
GD-002,ipip-neo-120-v1,N603,single_choice,,N,profile=gd_002_authored;facet=VULNERABILITY;target_sum=11;scored_pattern=3-3-3-2,gd_002_ipip_authoring_v1
GD-002,ipip-neo-120-v1,E603,single_choice,,N,profile=gd_002_authored;facet=CHEERFULNESS;target_sum=14;scored_pattern=4-3-3-4,gd_002_ipip_authoring_v1
GD-002,ipip-neo-120-v1,O603,single_choice,,D,profile=gd_002_authored;facet=LIBERALISM;target_sum=13;scored_pattern=3-3-4-3,gd_002_ipip_authoring_v1
GD-002,ipip-neo-120-v1,A603,single_choice,,D,profile=gd_002_authored;facet=SYMPATHY;target_sum=16;scored_pattern=5-3-4-4,gd_002_ipip_authoring_v1
GD-002,ipip-neo-120-v1,C603,single_choice,,SD,profile=gd_002_authored;facet=CAUTIOUSNESS;target_sum=17;scored_pattern=4-4-5-4,gd_002_ipip_authoring_v1
GD-002,ipip-neo-120-v1,N104,single_choice,,N,profile=gd_002_authored;facet=ANXIETY;target_sum=11;scored_pattern=2-3-3-3,gd_002_ipip_authoring_v1
GD-002,ipip-neo-120-v1,E104,single_choice,,SD,profile=gd_002_authored;facet=FRIENDLINESS;target_sum=19;scored_pattern=5-5-4-5,gd_002_ipip_authoring_v1
GD-002,ipip-neo-120-v1,O104,single_choice,,A,profile=gd_002_authored;facet=IMAGINATION;target_sum=13;scored_pattern=3-3-3-4,gd_002_ipip_authoring_v1
GD-002,ipip-neo-120-v1,A104,single_choice,,N,profile=gd_002_authored;facet=TRUST;target_sum=13;scored_pattern=3-4-3-3,gd_002_ipip_authoring_v1
GD-002,ipip-neo-120-v1,C104,single_choice,,SA,profile=gd_002_authored;facet=SELF_EFFICACY;target_sum=16;scored_pattern=3-4-4-5,gd_002_ipip_authoring_v1
GD-002,ipip-neo-120-v1,N204,single_choice,,SA,profile=gd_002_authored;facet=ANGER;target_sum=6;scored_pattern=1-2-2-1,gd_002_ipip_authoring_v1
GD-002,ipip-neo-120-v1,E204,single_choice,,D,profile=gd_002_authored;facet=GREGARIOUSNESS;target_sum=14;scored_pattern=4-3-3-4,gd_002_ipip_authoring_v1
GD-002,ipip-neo-120-v1,O204,single_choice,,A,profile=gd_002_authored;facet=ARTISTIC_INTERESTS;target_sum=11;scored_pattern=3-3-3-2,gd_002_ipip_authoring_v1
GD-002,ipip-neo-120-v1,A204,single_choice,,D,profile=gd_002_authored;facet=MORALITY;target_sum=16;scored_pattern=5-3-4-4,gd_002_ipip_authoring_v1
GD-002,ipip-neo-120-v1,C204,single_choice,,D,profile=gd_002_authored;facet=ORDERLINESS;target_sum=17;scored_pattern=4-4-5-4,gd_002_ipip_authoring_v1
GD-002,ipip-neo-120-v1,N304,single_choice,,A,profile=gd_002_authored;facet=DEPRESSION;target_sum=8;scored_pattern=2-3-1-2,gd_002_ipip_authoring_v1
GD-002,ipip-neo-120-v1,E304,single_choice,,SD,profile=gd_002_authored;facet=ASSERTIVENESS;target_sum=18;scored_pattern=4-4-5-5,gd_002_ipip_authoring_v1
GD-002,ipip-neo-120-v1,O304,single_choice,,N,profile=gd_002_authored;facet=EMOTIONALITY;target_sum=13;scored_pattern=3-4-3-3,gd_002_ipip_authoring_v1
GD-002,ipip-neo-120-v1,A304,single_choice,,SD,profile=gd_002_authored;facet=ALTRUISM;target_sum=16;scored_pattern=3-4-4-5,gd_002_ipip_authoring_v1
GD-002,ipip-neo-120-v1,C304,single_choice,,D,profile=gd_002_authored;facet=DUTIFULNESS;target_sum=17;scored_pattern=4-5-4-4,gd_002_ipip_authoring_v1
GD-002,ipip-neo-120-v1,N404,single_choice,,D,profile=gd_002_authored;facet=SELF_CONSCIOUSNESS;target_sum=15;scored_pattern=4-3-4-4,gd_002_ipip_authoring_v1
GD-002,ipip-neo-120-v1,E404,single_choice,,D,profile=gd_002_authored;facet=ACTIVITY_LEVEL;target_sum=17;scored_pattern=4-4-5-4,gd_002_ipip_authoring_v1
GD-002,ipip-neo-120-v1,O404,single_choice,,N,profile=gd_002_authored;facet=ADVENTUROUSNESS;target_sum=13;scored_pattern=4-3-3-3,gd_002_ipip_authoring_v1
GD-002,ipip-neo-120-v1,A404,single_choice,,D,profile=gd_002_authored;facet=COOPERATION;target_sum=17;scored_pattern=4-4-5-4,gd_002_ipip_authoring_v1
GD-002,ipip-neo-120-v1,C404,single_choice,,D,profile=gd_002_authored;facet=ACHIEVEMENT_STRIVING;target_sum=16;scored_pattern=5-3-4-4,gd_002_ipip_authoring_v1
GD-002,ipip-neo-120-v1,N504,single_choice,,A,profile=gd_002_authored;facet=IMMODERATION;target_sum=7;scored_pattern=1-2-2-2,gd_002_ipip_authoring_v1
GD-002,ipip-neo-120-v1,E504,single_choice,,D,profile=gd_002_authored;facet=EXCITEMENT_SEEKING;target_sum=7;scored_pattern=2-2-1-2,gd_002_ipip_authoring_v1
GD-002,ipip-neo-120-v1,O504,single_choice,,SD,profile=gd_002_authored;facet=INTELLECT;target_sum=16;scored_pattern=3-4-4-5,gd_002_ipip_authoring_v1
GD-002,ipip-neo-120-v1,A504,single_choice,,N,profile=gd_002_authored;facet=MODESTY;target_sum=12;scored_pattern=3-4-2-3,gd_002_ipip_authoring_v1
GD-002,ipip-neo-120-v1,C504,single_choice,,SD,profile=gd_002_authored;facet=SELF_DISCIPLINE;target_sum=17;scored_pattern=4-4-4-5,gd_002_ipip_authoring_v1
GD-002,ipip-neo-120-v1,N604,single_choice,,A,profile=gd_002_authored;facet=VULNERABILITY;target_sum=11;scored_pattern=3-3-3-2,gd_002_ipip_authoring_v1
GD-002,ipip-neo-120-v1,E604,single_choice,,A,profile=gd_002_authored;facet=CHEERFULNESS;target_sum=14;scored_pattern=4-3-3-4,gd_002_ipip_authoring_v1
GD-002,ipip-neo-120-v1,O604,single_choice,,N,profile=gd_002_authored;facet=LIBERALISM;target_sum=13;scored_pattern=3-3-4-3,gd_002_ipip_authoring_v1
GD-002,ipip-neo-120-v1,A604,single_choice,,D,profile=gd_002_authored;facet=SYMPATHY;target_sum=16;scored_pattern=5-3-4-4,gd_002_ipip_authoring_v1
GD-002,ipip-neo-120-v1,C604,single_choice,,D,profile=gd_002_authored;facet=CAUTIOUSNESS;target_sum=17;scored_pattern=4-4-5-4,gd_002_ipip_authoring_v1
GD-001,mwms_v1,MWMS_01,single_choice,,MWMS_LIKERT_1,dimension=amotivation,gd_001_answer_recipe_v1
GD-001,mwms_v1,MWMS_02,single_choice,,MWMS_LIKERT_1,dimension=amotivation,gd_001_answer_recipe_v1
GD-001,mwms_v1,MWMS_03,single_choice,,MWMS_LIKERT_2,dimension=amotivation,gd_001_answer_recipe_v1
GD-001,mwms_v1,MWMS_04,single_choice,,MWMS_LIKERT_2,dimension=external_social,gd_001_answer_recipe_v1
GD-001,mwms_v1,MWMS_05,single_choice,,MWMS_LIKERT_2,dimension=external_social,gd_001_answer_recipe_v1
GD-001,mwms_v1,MWMS_06,single_choice,,MWMS_LIKERT_3,dimension=external_social,gd_001_answer_recipe_v1
GD-001,mwms_v1,MWMS_07,single_choice,,MWMS_LIKERT_4,dimension=external_material,gd_001_answer_recipe_v1
GD-001,mwms_v1,MWMS_08,single_choice,,MWMS_LIKERT_4,dimension=external_material,gd_001_answer_recipe_v1
GD-001,mwms_v1,MWMS_09,single_choice,,MWMS_LIKERT_5,dimension=external_material,gd_001_answer_recipe_v1
GD-001,mwms_v1,MWMS_10,single_choice,,MWMS_LIKERT_4,dimension=introjected,gd_001_answer_recipe_v1
GD-001,mwms_v1,MWMS_11,single_choice,,MWMS_LIKERT_5,dimension=introjected,gd_001_answer_recipe_v1
GD-001,mwms_v1,MWMS_12,single_choice,,MWMS_LIKERT_3,dimension=introjected,gd_001_answer_recipe_v1
GD-001,mwms_v1,MWMS_13,single_choice,,MWMS_LIKERT_4,dimension=introjected,gd_001_answer_recipe_v1
GD-001,mwms_v1,MWMS_14,single_choice,,MWMS_LIKERT_6,dimension=identified,gd_001_answer_recipe_v1
GD-001,mwms_v1,MWMS_15,single_choice,,MWMS_LIKERT_7,dimension=identified,gd_001_answer_recipe_v1
GD-001,mwms_v1,MWMS_16,single_choice,,MWMS_LIKERT_6,dimension=identified,gd_001_answer_recipe_v1
GD-001,mwms_v1,MWMS_17,single_choice,,MWMS_LIKERT_6,dimension=intrinsic,gd_001_answer_recipe_v1
GD-001,mwms_v1,MWMS_18,single_choice,,MWMS_LIKERT_5,dimension=intrinsic,gd_001_answer_recipe_v1
GD-001,mwms_v1,MWMS_19,single_choice,,MWMS_LIKERT_6,dimension=intrinsic,gd_001_answer_recipe_v1
GD-001,safran_v1,VW01,single_choice,,VW01_opt_3,subtest=VW;target_correct=7,gd_001_answer_recipe_v1
GD-001,safran_v1,VW02,single_choice,,VW02_opt_4,subtest=VW;target_correct=7,gd_001_answer_recipe_v1
GD-001,safran_v1,VW03,single_choice,,VW03_opt_4,subtest=VW;target_correct=7,gd_001_answer_recipe_v1
GD-001,safran_v1,VW04,single_choice,,VW04_opt_3,subtest=VW;target_correct=7,gd_001_answer_recipe_v1
GD-001,safran_v1,VW05,single_choice,,VW05_opt_2,subtest=VW;target_correct=7,gd_001_answer_recipe_v1
GD-001,safran_v1,VW06,single_choice,,VW06_opt_4,subtest=VW;target_correct=7,gd_001_answer_recipe_v1
GD-001,safran_v1,VW07,single_choice,,VW07_opt_1,subtest=VW;target_correct=7,gd_001_answer_recipe_v1
GD-001,safran_v1,VW08,single_choice,,VW08_opt_1,subtest=VW;target_correct=7,gd_001_answer_recipe_v1
GD-001,safran_v1,VW09,single_choice,,VW09_opt_1,subtest=VW;target_correct=7,gd_001_answer_recipe_v1
GD-001,safran_v1,VA01,single_choice,,VA01_opt_3,subtest=VA;target_correct=7,gd_001_answer_recipe_v1
GD-001,safran_v1,VA02,single_choice,,VA02_opt_5,subtest=VA;target_correct=7,gd_001_answer_recipe_v1
GD-001,safran_v1,VA03,single_choice,,VA03_opt_3,subtest=VA;target_correct=7,gd_001_answer_recipe_v1
GD-001,safran_v1,VA04,single_choice,,VA04_opt_2,subtest=VA;target_correct=7,gd_001_answer_recipe_v1
GD-001,safran_v1,VA05,single_choice,,VA05_opt_1,subtest=VA;target_correct=7,gd_001_answer_recipe_v1
GD-001,safran_v1,VA06,single_choice,,VA06_opt_4,subtest=VA;target_correct=7,gd_001_answer_recipe_v1
GD-001,safran_v1,VA07,single_choice,,VA07_opt_4,subtest=VA;target_correct=7,gd_001_answer_recipe_v1
GD-001,safran_v1,VA08,single_choice,,VA08_opt_1,subtest=VA;target_correct=7,gd_001_answer_recipe_v1
GD-001,safran_v1,VA09,single_choice,,VA09_opt_1,subtest=VA;target_correct=7,gd_001_answer_recipe_v1
GD-001,safran_v1,FA01,single_choice,,FA01_opt_correct,subtest=FA;target_correct=5,gd_001_answer_recipe_v1
GD-001,safran_v1,FA02,single_choice,,FA02_opt_correct,subtest=FA;target_correct=5,gd_001_answer_recipe_v1
GD-001,safran_v1,FA03,single_choice,,FA03_opt_correct,subtest=FA;target_correct=5,gd_001_answer_recipe_v1
GD-001,safran_v1,FA04,single_choice,,FA04_opt_correct,subtest=FA;target_correct=5,gd_001_answer_recipe_v1
GD-001,safran_v1,FA05,single_choice,,FA05_opt_correct,subtest=FA;target_correct=5,gd_001_answer_recipe_v1
GD-001,safran_v1,FA06,single_choice,,FA06_opt_dis1,subtest=FA;target_correct=5,gd_001_answer_recipe_v1
GD-001,safran_v1,FA07,single_choice,,FA07_opt_dis1,subtest=FA;target_correct=5,gd_001_answer_recipe_v1
GD-001,safran_v1,FA08,single_choice,,FA08_opt_dis1,subtest=FA;target_correct=5,gd_001_answer_recipe_v1
GD-001,safran_v1,FA09,single_choice,,FA09_opt_dis1,subtest=FA;target_correct=5,gd_001_answer_recipe_v1
GD-001,safran_v1,FM01,single_choice,,FM01_opt_correct,subtest=FM;target_correct=5,gd_001_answer_recipe_v1
GD-001,safran_v1,FM02,single_choice,,FM02_opt_correct,subtest=FM;target_correct=5,gd_001_answer_recipe_v1
GD-001,safran_v1,FM03,single_choice,,FM03_opt_correct,subtest=FM;target_correct=5,gd_001_answer_recipe_v1
GD-001,safran_v1,FM04,single_choice,,FM04_opt_correct,subtest=FM;target_correct=5,gd_001_answer_recipe_v1
GD-001,safran_v1,FM05,single_choice,,FM05_opt_correct,subtest=FM;target_correct=5,gd_001_answer_recipe_v1
GD-001,safran_v1,FM06,single_choice,,FM06_opt_dis1,subtest=FM;target_correct=5,gd_001_answer_recipe_v1
GD-001,safran_v1,FM07,single_choice,,FM07_opt_dis1,subtest=FM;target_correct=5,gd_001_answer_recipe_v1
GD-001,safran_v1,FM08,single_choice,,FM08_opt_dis1,subtest=FM;target_correct=5,gd_001_answer_recipe_v1
GD-001,safran_v1,FM09,single_choice,,FM09_opt_dis1,subtest=FM;target_correct=5,gd_001_answer_recipe_v1
GD-001,safran_v1,NZ01_01,text,22,,subtest=NZ;target_correct=7,gd_001_answer_recipe_v1
GD-001,safran_v1,NZ02_01,text,4.5,,subtest=NZ;target_correct=7,gd_001_answer_recipe_v1
GD-001,safran_v1,NZ03_01,text,12.5,,subtest=NZ;target_correct=7,gd_001_answer_recipe_v1
GD-001,safran_v1,NZ04_01,text,17,,subtest=NZ;target_correct=7,gd_001_answer_recipe_v1
GD-001,safran_v1,NZ05_01,text,25,,subtest=NZ;target_correct=7,gd_001_answer_recipe_v1
GD-001,safran_v1,NZ06_01,text,9,,subtest=NZ;target_correct=7,gd_001_answer_recipe_v1
GD-001,safran_v1,NZ07_01,text,42,,subtest=NZ;target_correct=7,gd_001_answer_recipe_v1
GD-001,safran_v1,NZ08_01,text,9.5,,subtest=NZ;target_correct=7,gd_001_answer_recipe_v1
GD-001,safran_v1,NZ09_01,text,113,,subtest=NZ;target_correct=7,gd_001_answer_recipe_v1
GD-002,safran_v1,VW01,single_choice,,VW01_opt_3,subtest=VW;target_correct=7,gd_002_safran_authoring_v1
GD-002,safran_v1,VW02,single_choice,,VW02_opt_2,subtest=VW;target_correct=7,gd_002_safran_authoring_v1
GD-002,safran_v1,VW03,single_choice,,VW03_opt_4,subtest=VW;target_correct=7,gd_002_safran_authoring_v1
GD-002,safran_v1,VW04,single_choice,,VW04_opt_3,subtest=VW;target_correct=7,gd_002_safran_authoring_v1
GD-002,safran_v1,VW05,single_choice,,VW05_opt_3,subtest=VW;target_correct=7,gd_002_safran_authoring_v1
GD-002,safran_v1,VW06,single_choice,,VW06_opt_4,subtest=VW;target_correct=7,gd_002_safran_authoring_v1
GD-002,safran_v1,VW07,single_choice,,VW07_opt_1,subtest=VW;target_correct=7,gd_002_safran_authoring_v1
GD-002,safran_v1,VW08,single_choice,,VW08_opt_2,subtest=VW;target_correct=7,gd_002_safran_authoring_v1
GD-002,safran_v1,VW09,single_choice,,VW09_opt_4,subtest=VW;target_correct=7,gd_002_safran_authoring_v1
GD-002,safran_v1,VA01,single_choice,,VA01_opt_3,subtest=VA;target_correct=7,gd_002_safran_authoring_v1
GD-002,safran_v1,VA02,single_choice,,VA02_opt_5,subtest=VA;target_correct=7,gd_002_safran_authoring_v1
GD-002,safran_v1,VA03,single_choice,,VA03_opt_5,subtest=VA;target_correct=7,gd_002_safran_authoring_v1
GD-002,safran_v1,VA04,single_choice,,VA04_opt_2,subtest=VA;target_correct=7,gd_002_safran_authoring_v1
GD-002,safran_v1,VA05,single_choice,,VA05_opt_1,subtest=VA;target_correct=7,gd_002_safran_authoring_v1
GD-002,safran_v1,VA06,single_choice,,VA06_opt_1,subtest=VA;target_correct=7,gd_002_safran_authoring_v1
GD-002,safran_v1,VA07,single_choice,,VA07_opt_4,subtest=VA;target_correct=7,gd_002_safran_authoring_v1
GD-002,safran_v1,VA08,single_choice,,VA08_opt_3,subtest=VA;target_correct=7,gd_002_safran_authoring_v1
GD-002,safran_v1,VA09,single_choice,,VA09_opt_4,subtest=VA;target_correct=7,gd_002_safran_authoring_v1
GD-002,safran_v1,FA01,single_choice,,FA01_opt_correct,subtest=FA;target_correct=5,gd_002_safran_authoring_v1
GD-002,safran_v1,FA02,single_choice,,FA02_opt_dis4,subtest=FA;target_correct=5,gd_002_safran_authoring_v1
GD-002,safran_v1,FA03,single_choice,,FA03_opt_correct,subtest=FA;target_correct=5,gd_002_safran_authoring_v1
GD-002,safran_v1,FA04,single_choice,,FA04_opt_dis2,subtest=FA;target_correct=5,gd_002_safran_authoring_v1
GD-002,safran_v1,FA05,single_choice,,FA05_opt_correct,subtest=FA;target_correct=5,gd_002_safran_authoring_v1
GD-002,safran_v1,FA06,single_choice,,FA06_opt_correct,subtest=FA;target_correct=5,gd_002_safran_authoring_v1
GD-002,safran_v1,FA07,single_choice,,FA07_opt_dis3,subtest=FA;target_correct=5,gd_002_safran_authoring_v1
GD-002,safran_v1,FA08,single_choice,,FA08_opt_dis2,subtest=FA;target_correct=5,gd_002_safran_authoring_v1
GD-002,safran_v1,FA09,single_choice,,FA09_opt_correct,subtest=FA;target_correct=5,gd_002_safran_authoring_v1
GD-002,safran_v1,FM01,single_choice,,FM01_opt_dis1,subtest=FM;target_correct=5,gd_002_safran_authoring_v1
GD-002,safran_v1,FM02,single_choice,,FM02_opt_correct,subtest=FM;target_correct=5,gd_002_safran_authoring_v1
GD-002,safran_v1,FM03,single_choice,,FM03_opt_correct,subtest=FM;target_correct=5,gd_002_safran_authoring_v1
GD-002,safran_v1,FM04,single_choice,,FM04_opt_dis5,subtest=FM;target_correct=5,gd_002_safran_authoring_v1
GD-002,safran_v1,FM05,single_choice,,FM05_opt_correct,subtest=FM;target_correct=5,gd_002_safran_authoring_v1
GD-002,safran_v1,FM06,single_choice,,FM06_opt_dis1,subtest=FM;target_correct=5,gd_002_safran_authoring_v1
GD-002,safran_v1,FM07,single_choice,,FM07_opt_correct,subtest=FM;target_correct=5,gd_002_safran_authoring_v1
GD-002,safran_v1,FM08,single_choice,,FM08_opt_correct,subtest=FM;target_correct=5,gd_002_safran_authoring_v1
GD-002,safran_v1,FM09,single_choice,,FM09_opt_dis5,subtest=FM;target_correct=5,gd_002_safran_authoring_v1
GD-002,safran_v1,NZ01_01,text,22,,subtest=NZ;target_correct=5,gd_002_safran_authoring_v1
GD-002,safran_v1,NZ02_01,text,3.5,,subtest=NZ;target_correct=5,gd_002_safran_authoring_v1
GD-002,safran_v1,NZ03_01,text,12.5,,subtest=NZ;target_correct=5,gd_002_safran_authoring_v1
GD-002,safran_v1,NZ04_01,text,15,,subtest=NZ;target_correct=5,gd_002_safran_authoring_v1
GD-002,safran_v1,NZ05_01,text,25,,subtest=NZ;target_correct=5,gd_002_safran_authoring_v1
GD-002,safran_v1,NZ06_01,text,8,,subtest=NZ;target_correct=5,gd_002_safran_authoring_v1
GD-002,safran_v1,NZ07_01,text,42,,subtest=NZ;target_correct=5,gd_002_safran_authoring_v1
GD-002,safran_v1,NZ08_01,text,6.5,,subtest=NZ;target_correct=5,gd_002_safran_authoring_v1
GD-002,safran_v1,NZ09_01,text,112,,subtest=NZ;target_correct=5,gd_002_safran_authoring_v1
GD-002,mwms_v1,MWMS_01,single_choice,,MWMS_LIKERT_1,dimension=amotivation;target=lower,gd_002_mwms_authoring_v1
GD-002,mwms_v1,MWMS_02,single_choice,,MWMS_LIKERT_2,dimension=amotivation;target=lower,gd_002_mwms_authoring_v1
GD-002,mwms_v1,MWMS_03,single_choice,,MWMS_LIKERT_2,dimension=amotivation;target=lower,gd_002_mwms_authoring_v1
GD-002,mwms_v1,MWMS_04,single_choice,,MWMS_LIKERT_3,dimension=external_social;target=moderate,gd_002_mwms_authoring_v1
GD-002,mwms_v1,MWMS_05,single_choice,,MWMS_LIKERT_4,dimension=external_social;target=moderate,gd_002_mwms_authoring_v1
GD-002,mwms_v1,MWMS_06,single_choice,,MWMS_LIKERT_3,dimension=external_social;target=moderate,gd_002_mwms_authoring_v1
GD-002,mwms_v1,MWMS_07,single_choice,,MWMS_LIKERT_4,dimension=external_material;target=moderate,gd_002_mwms_authoring_v1
GD-002,mwms_v1,MWMS_08,single_choice,,MWMS_LIKERT_5,dimension=external_material;target=moderate,gd_002_mwms_authoring_v1
GD-002,mwms_v1,MWMS_09,single_choice,,MWMS_LIKERT_5,dimension=external_material;target=moderate,gd_002_mwms_authoring_v1
GD-002,mwms_v1,MWMS_10,single_choice,,MWMS_LIKERT_3,dimension=introjected;target=moderate,gd_002_mwms_authoring_v1
GD-002,mwms_v1,MWMS_11,single_choice,,MWMS_LIKERT_4,dimension=introjected;target=moderate,gd_002_mwms_authoring_v1
GD-002,mwms_v1,MWMS_12,single_choice,,MWMS_LIKERT_5,dimension=introjected;target=moderate,gd_002_mwms_authoring_v1
GD-002,mwms_v1,MWMS_13,single_choice,,MWMS_LIKERT_4,dimension=introjected;target=moderate,gd_002_mwms_authoring_v1
GD-002,mwms_v1,MWMS_14,single_choice,,MWMS_LIKERT_5,dimension=identified;target=higher,gd_002_mwms_authoring_v1
GD-002,mwms_v1,MWMS_15,single_choice,,MWMS_LIKERT_6,dimension=identified;target=higher,gd_002_mwms_authoring_v1
GD-002,mwms_v1,MWMS_16,single_choice,,MWMS_LIKERT_7,dimension=identified;target=higher,gd_002_mwms_authoring_v1
GD-002,mwms_v1,MWMS_17,single_choice,,MWMS_LIKERT_6,dimension=intrinsic;target=higher,gd_002_mwms_authoring_v1
GD-002,mwms_v1,MWMS_18,single_choice,,MWMS_LIKERT_5,dimension=intrinsic;target=higher,gd_002_mwms_authoring_v1
GD-002,mwms_v1,MWMS_19,single_choice,,MWMS_LIKERT_7,dimension=intrinsic;target=higher,gd_002_mwms_authoring_v1
GD-003,ipip-neo-120-v1,N101,single_choice,,D,profile=gd_003_authored;facet=ANXIETY;target_sum=11;scored_pattern=2-3-3-3,gd_003_ipip_authoring_v1
GD-003,ipip-neo-120-v1,E101,single_choice,,N,profile=gd_003_authored;facet=FRIENDLINESS;target_sum=16;scored_pattern=3-4-4-5,gd_003_ipip_authoring_v1
GD-003,ipip-neo-120-v1,O101,single_choice,,D,profile=gd_003_authored;facet=IMAGINATION;target_sum=12;scored_pattern=2-4-3-3,gd_003_ipip_authoring_v1
GD-003,ipip-neo-120-v1,A101,single_choice,,D,profile=gd_003_authored;facet=TRUST;target_sum=13;scored_pattern=2-3-4-4,gd_003_ipip_authoring_v1
GD-003,ipip-neo-120-v1,C101,single_choice,,A,profile=gd_003_authored;facet=SELF_EFFICACY;target_sum=16;scored_pattern=4-3-4-5,gd_003_ipip_authoring_v1
GD-003,ipip-neo-120-v1,N201,single_choice,,SD,profile=gd_003_authored;facet=ANGER;target_sum=8;scored_pattern=1-2-2-3,gd_003_ipip_authoring_v1
GD-003,ipip-neo-120-v1,E201,single_choice,,SD,profile=gd_003_authored;facet=GREGARIOUSNESS;target_sum=9;scored_pattern=1-2-3-3,gd_003_ipip_authoring_v1
GD-003,ipip-neo-120-v1,O201,single_choice,,N,profile=gd_003_authored;facet=ARTISTIC_INTERESTS;target_sum=8;scored_pattern=3-1-2-2,gd_003_ipip_authoring_v1
GD-003,ipip-neo-120-v1,A201,single_choice,,D,profile=gd_003_authored;facet=MORALITY;target_sum=16;scored_pattern=4-5-3-4,gd_003_ipip_authoring_v1
GD-003,ipip-neo-120-v1,C201,single_choice,,SA,profile=gd_003_authored;facet=ORDERLINESS;target_sum=16;scored_pattern=5-4-3-4,gd_003_ipip_authoring_v1
GD-003,ipip-neo-120-v1,N301,single_choice,,D,profile=gd_003_authored;facet=DEPRESSION;target_sum=8;scored_pattern=2-1-3-2,gd_003_ipip_authoring_v1
GD-003,ipip-neo-120-v1,E301,single_choice,,N,profile=gd_003_authored;facet=ASSERTIVENESS;target_sum=12;scored_pattern=3-4-2-3,gd_003_ipip_authoring_v1
GD-003,ipip-neo-120-v1,O301,single_choice,,A,profile=gd_003_authored;facet=EMOTIONALITY;target_sum=12;scored_pattern=4-2-3-3,gd_003_ipip_authoring_v1
GD-003,ipip-neo-120-v1,A301,single_choice,,SA,profile=gd_003_authored;facet=ALTRUISM;target_sum=16;scored_pattern=5-3-4-4,gd_003_ipip_authoring_v1
GD-003,ipip-neo-120-v1,C301,single_choice,,N,profile=gd_003_authored;facet=DUTIFULNESS;target_sum=17;scored_pattern=3-4-5-5,gd_003_ipip_authoring_v1
GD-003,ipip-neo-120-v1,N401,single_choice,,D,profile=gd_003_authored;facet=SELF_CONSCIOUSNESS;target_sum=12;scored_pattern=2-3-3-4,gd_003_ipip_authoring_v1
GD-003,ipip-neo-120-v1,E401,single_choice,,A,profile=gd_003_authored;facet=ACTIVITY_LEVEL;target_sum=16;scored_pattern=4-3-5-4,gd_003_ipip_authoring_v1
GD-003,ipip-neo-120-v1,O401,single_choice,,D,profile=gd_003_authored;facet=ADVENTUROUSNESS;target_sum=9;scored_pattern=2-1-3-3,gd_003_ipip_authoring_v1
GD-003,ipip-neo-120-v1,A401,single_choice,,D,profile=gd_003_authored;facet=COOPERATION;target_sum=16;scored_pattern=4-4-3-5,gd_003_ipip_authoring_v1
GD-003,ipip-neo-120-v1,C401,single_choice,,D,profile=gd_003_authored;facet=ACHIEVEMENT_STRIVING;target_sum=14;scored_pattern=2-4-4-4,gd_003_ipip_authoring_v1
GD-003,ipip-neo-120-v1,N501,single_choice,,SD,profile=gd_003_authored;facet=IMMODERATION;target_sum=8;scored_pattern=1-3-2-2,gd_003_ipip_authoring_v1
GD-003,ipip-neo-120-v1,E501,single_choice,,D,profile=gd_003_authored;facet=EXCITEMENT_SEEKING;target_sum=8;scored_pattern=2-1-2-3,gd_003_ipip_authoring_v1
GD-003,ipip-neo-120-v1,O501,single_choice,,D,profile=gd_003_authored;facet=INTELLECT;target_sum=16;scored_pattern=2-4-5-5,gd_003_ipip_authoring_v1
GD-003,ipip-neo-120-v1,A501,single_choice,,A,profile=gd_003_authored;facet=MODESTY;target_sum=15;scored_pattern=2-4-4-5,gd_003_ipip_authoring_v1
GD-003,ipip-neo-120-v1,C501,single_choice,,A,profile=gd_003_authored;facet=SELF_DISCIPLINE;target_sum=16;scored_pattern=4-5-4-3,gd_003_ipip_authoring_v1
GD-003,ipip-neo-120-v1,N601,single_choice,,N,profile=gd_003_authored;facet=VULNERABILITY;target_sum=12;scored_pattern=3-2-4-3,gd_003_ipip_authoring_v1
GD-003,ipip-neo-120-v1,E601,single_choice,,SD,profile=gd_003_authored;facet=CHEERFULNESS;target_sum=12;scored_pattern=1-3-4-4,gd_003_ipip_authoring_v1
GD-003,ipip-neo-120-v1,O601,single_choice,,A,profile=gd_003_authored;facet=LIBERALISM;target_sum=12;scored_pattern=4-3-2-3,gd_003_ipip_authoring_v1
GD-003,ipip-neo-120-v1,A601,single_choice,,N,profile=gd_003_authored;facet=SYMPATHY;target_sum=16;scored_pattern=3-5-4-4,gd_003_ipip_authoring_v1
GD-003,ipip-neo-120-v1,C601,single_choice,,SD,profile=gd_003_authored;facet=CAUTIOUSNESS;target_sum=17;scored_pattern=5-3-4-5,gd_003_ipip_authoring_v1
GD-003,ipip-neo-120-v1,N102,single_choice,,N,profile=gd_003_authored;facet=ANXIETY;target_sum=11;scored_pattern=2-3-3-3,gd_003_ipip_authoring_v1
GD-003,ipip-neo-120-v1,E102,single_choice,,A,profile=gd_003_authored;facet=FRIENDLINESS;target_sum=16;scored_pattern=3-4-4-5,gd_003_ipip_authoring_v1
GD-003,ipip-neo-120-v1,O102,single_choice,,A,profile=gd_003_authored;facet=IMAGINATION;target_sum=12;scored_pattern=2-4-3-3,gd_003_ipip_authoring_v1
GD-003,ipip-neo-120-v1,A102,single_choice,,N,profile=gd_003_authored;facet=TRUST;target_sum=13;scored_pattern=2-3-4-4,gd_003_ipip_authoring_v1
GD-003,ipip-neo-120-v1,C102,single_choice,,N,profile=gd_003_authored;facet=SELF_EFFICACY;target_sum=16;scored_pattern=4-3-4-5,gd_003_ipip_authoring_v1
GD-003,ipip-neo-120-v1,N202,single_choice,,D,profile=gd_003_authored;facet=ANGER;target_sum=8;scored_pattern=1-2-2-3,gd_003_ipip_authoring_v1
GD-003,ipip-neo-120-v1,E202,single_choice,,D,profile=gd_003_authored;facet=GREGARIOUSNESS;target_sum=9;scored_pattern=1-2-3-3,gd_003_ipip_authoring_v1
GD-003,ipip-neo-120-v1,O202,single_choice,,SD,profile=gd_003_authored;facet=ARTISTIC_INTERESTS;target_sum=8;scored_pattern=3-1-2-2,gd_003_ipip_authoring_v1
GD-003,ipip-neo-120-v1,A202,single_choice,,SD,profile=gd_003_authored;facet=MORALITY;target_sum=16;scored_pattern=4-5-3-4,gd_003_ipip_authoring_v1
GD-003,ipip-neo-120-v1,C202,single_choice,,D,profile=gd_003_authored;facet=ORDERLINESS;target_sum=16;scored_pattern=5-4-3-4,gd_003_ipip_authoring_v1
GD-003,ipip-neo-120-v1,N302,single_choice,,SD,profile=gd_003_authored;facet=DEPRESSION;target_sum=8;scored_pattern=2-1-3-2,gd_003_ipip_authoring_v1
GD-003,ipip-neo-120-v1,E302,single_choice,,A,profile=gd_003_authored;facet=ASSERTIVENESS;target_sum=12;scored_pattern=3-4-2-3,gd_003_ipip_authoring_v1
GD-003,ipip-neo-120-v1,O302,single_choice,,D,profile=gd_003_authored;facet=EMOTIONALITY;target_sum=12;scored_pattern=4-2-3-3,gd_003_ipip_authoring_v1
GD-003,ipip-neo-120-v1,A302,single_choice,,N,profile=gd_003_authored;facet=ALTRUISM;target_sum=16;scored_pattern=5-3-4-4,gd_003_ipip_authoring_v1
GD-003,ipip-neo-120-v1,C302,single_choice,,A,profile=gd_003_authored;facet=DUTIFULNESS;target_sum=17;scored_pattern=3-4-5-5,gd_003_ipip_authoring_v1
GD-003,ipip-neo-120-v1,N402,single_choice,,N,profile=gd_003_authored;facet=SELF_CONSCIOUSNESS;target_sum=12;scored_pattern=2-3-3-4,gd_003_ipip_authoring_v1
GD-003,ipip-neo-120-v1,E402,single_choice,,N,profile=gd_003_authored;facet=ACTIVITY_LEVEL;target_sum=16;scored_pattern=4-3-5-4,gd_003_ipip_authoring_v1
GD-003,ipip-neo-120-v1,O402,single_choice,,SA,profile=gd_003_authored;facet=ADVENTUROUSNESS;target_sum=9;scored_pattern=2-1-3-3,gd_003_ipip_authoring_v1
GD-003,ipip-neo-120-v1,A402,single_choice,,D,profile=gd_003_authored;facet=COOPERATION;target_sum=16;scored_pattern=4-4-3-5,gd_003_ipip_authoring_v1
GD-003,ipip-neo-120-v1,C402,single_choice,,A,profile=gd_003_authored;facet=ACHIEVEMENT_STRIVING;target_sum=14;scored_pattern=2-4-4-4,gd_003_ipip_authoring_v1
GD-003,ipip-neo-120-v1,N502,single_choice,,N,profile=gd_003_authored;facet=IMMODERATION;target_sum=8;scored_pattern=1-3-2-2,gd_003_ipip_authoring_v1
GD-003,ipip-neo-120-v1,E502,single_choice,,SD,profile=gd_003_authored;facet=EXCITEMENT_SEEKING;target_sum=8;scored_pattern=2-1-2-3,gd_003_ipip_authoring_v1
GD-003,ipip-neo-120-v1,O502,single_choice,,D,profile=gd_003_authored;facet=INTELLECT;target_sum=16;scored_pattern=2-4-5-5,gd_003_ipip_authoring_v1
GD-003,ipip-neo-120-v1,A502,single_choice,,D,profile=gd_003_authored;facet=MODESTY;target_sum=15;scored_pattern=2-4-4-5,gd_003_ipip_authoring_v1
GD-003,ipip-neo-120-v1,C502,single_choice,,SA,profile=gd_003_authored;facet=SELF_DISCIPLINE;target_sum=16;scored_pattern=4-5-4-3,gd_003_ipip_authoring_v1
GD-003,ipip-neo-120-v1,N602,single_choice,,D,profile=gd_003_authored;facet=VULNERABILITY;target_sum=12;scored_pattern=3-2-4-3,gd_003_ipip_authoring_v1
GD-003,ipip-neo-120-v1,E602,single_choice,,N,profile=gd_003_authored;facet=CHEERFULNESS;target_sum=12;scored_pattern=1-3-4-4,gd_003_ipip_authoring_v1
GD-003,ipip-neo-120-v1,O602,single_choice,,N,profile=gd_003_authored;facet=LIBERALISM;target_sum=12;scored_pattern=4-3-2-3,gd_003_ipip_authoring_v1
GD-003,ipip-neo-120-v1,A602,single_choice,,SA,profile=gd_003_authored;facet=SYMPATHY;target_sum=16;scored_pattern=3-5-4-4,gd_003_ipip_authoring_v1
GD-003,ipip-neo-120-v1,C602,single_choice,,N,profile=gd_003_authored;facet=CAUTIOUSNESS;target_sum=17;scored_pattern=5-3-4-5,gd_003_ipip_authoring_v1
GD-003,ipip-neo-120-v1,N103,single_choice,,N,profile=gd_003_authored;facet=ANXIETY;target_sum=11;scored_pattern=2-3-3-3,gd_003_ipip_authoring_v1
GD-003,ipip-neo-120-v1,E103,single_choice,,D,profile=gd_003_authored;facet=FRIENDLINESS;target_sum=16;scored_pattern=3-4-4-5,gd_003_ipip_authoring_v1
GD-003,ipip-neo-120-v1,O103,single_choice,,N,profile=gd_003_authored;facet=IMAGINATION;target_sum=12;scored_pattern=2-4-3-3,gd_003_ipip_authoring_v1
GD-003,ipip-neo-120-v1,A103,single_choice,,A,profile=gd_003_authored;facet=TRUST;target_sum=13;scored_pattern=2-3-4-4,gd_003_ipip_authoring_v1
GD-003,ipip-neo-120-v1,C103,single_choice,,A,profile=gd_003_authored;facet=SELF_EFFICACY;target_sum=16;scored_pattern=4-3-4-5,gd_003_ipip_authoring_v1
GD-003,ipip-neo-120-v1,N203,single_choice,,D,profile=gd_003_authored;facet=ANGER;target_sum=8;scored_pattern=1-2-2-3,gd_003_ipip_authoring_v1
GD-003,ipip-neo-120-v1,E203,single_choice,,N,profile=gd_003_authored;facet=GREGARIOUSNESS;target_sum=9;scored_pattern=1-2-3-3,gd_003_ipip_authoring_v1
GD-003,ipip-neo-120-v1,O203,single_choice,,A,profile=gd_003_authored;facet=ARTISTIC_INTERESTS;target_sum=8;scored_pattern=3-1-2-2,gd_003_ipip_authoring_v1
GD-003,ipip-neo-120-v1,A203,single_choice,,N,profile=gd_003_authored;facet=MORALITY;target_sum=16;scored_pattern=4-5-3-4,gd_003_ipip_authoring_v1
GD-003,ipip-neo-120-v1,C203,single_choice,,N,profile=gd_003_authored;facet=ORDERLINESS;target_sum=16;scored_pattern=5-4-3-4,gd_003_ipip_authoring_v1
GD-003,ipip-neo-120-v1,N303,single_choice,,N,profile=gd_003_authored;facet=DEPRESSION;target_sum=8;scored_pattern=2-1-3-2,gd_003_ipip_authoring_v1
GD-003,ipip-neo-120-v1,E303,single_choice,,D,profile=gd_003_authored;facet=ASSERTIVENESS;target_sum=12;scored_pattern=3-4-2-3,gd_003_ipip_authoring_v1
GD-003,ipip-neo-120-v1,O303,single_choice,,N,profile=gd_003_authored;facet=EMOTIONALITY;target_sum=12;scored_pattern=4-2-3-3,gd_003_ipip_authoring_v1
GD-003,ipip-neo-120-v1,A303,single_choice,,D,profile=gd_003_authored;facet=ALTRUISM;target_sum=16;scored_pattern=5-3-4-4,gd_003_ipip_authoring_v1
GD-003,ipip-neo-120-v1,C303,single_choice,,SD,profile=gd_003_authored;facet=DUTIFULNESS;target_sum=17;scored_pattern=3-4-5-5,gd_003_ipip_authoring_v1
GD-003,ipip-neo-120-v1,N403,single_choice,,N,profile=gd_003_authored;facet=SELF_CONSCIOUSNESS;target_sum=12;scored_pattern=2-3-3-4,gd_003_ipip_authoring_v1
GD-003,ipip-neo-120-v1,E403,single_choice,,SA,profile=gd_003_authored;facet=ACTIVITY_LEVEL;target_sum=16;scored_pattern=4-3-5-4,gd_003_ipip_authoring_v1
GD-003,ipip-neo-120-v1,O403,single_choice,,N,profile=gd_003_authored;facet=ADVENTUROUSNESS;target_sum=9;scored_pattern=2-1-3-3,gd_003_ipip_authoring_v1
GD-003,ipip-neo-120-v1,A403,single_choice,,N,profile=gd_003_authored;facet=COOPERATION;target_sum=16;scored_pattern=4-4-3-5,gd_003_ipip_authoring_v1
GD-003,ipip-neo-120-v1,C403,single_choice,,D,profile=gd_003_authored;facet=ACHIEVEMENT_STRIVING;target_sum=14;scored_pattern=2-4-4-4,gd_003_ipip_authoring_v1
GD-003,ipip-neo-120-v1,N503,single_choice,,A,profile=gd_003_authored;facet=IMMODERATION;target_sum=8;scored_pattern=1-3-2-2,gd_003_ipip_authoring_v1
GD-003,ipip-neo-120-v1,E503,single_choice,,D,profile=gd_003_authored;facet=EXCITEMENT_SEEKING;target_sum=8;scored_pattern=2-1-2-3,gd_003_ipip_authoring_v1
GD-003,ipip-neo-120-v1,O503,single_choice,,SD,profile=gd_003_authored;facet=INTELLECT;target_sum=16;scored_pattern=2-4-5-5,gd_003_ipip_authoring_v1
GD-003,ipip-neo-120-v1,A503,single_choice,,D,profile=gd_003_authored;facet=MODESTY;target_sum=15;scored_pattern=2-4-4-5,gd_003_ipip_authoring_v1
GD-003,ipip-neo-120-v1,C503,single_choice,,D,profile=gd_003_authored;facet=SELF_DISCIPLINE;target_sum=16;scored_pattern=4-5-4-3,gd_003_ipip_authoring_v1
GD-003,ipip-neo-120-v1,N603,single_choice,,A,profile=gd_003_authored;facet=VULNERABILITY;target_sum=12;scored_pattern=3-2-4-3,gd_003_ipip_authoring_v1
GD-003,ipip-neo-120-v1,E603,single_choice,,A,profile=gd_003_authored;facet=CHEERFULNESS;target_sum=12;scored_pattern=1-3-4-4,gd_003_ipip_authoring_v1
GD-003,ipip-neo-120-v1,O603,single_choice,,A,profile=gd_003_authored;facet=LIBERALISM;target_sum=12;scored_pattern=4-3-2-3,gd_003_ipip_authoring_v1
GD-003,ipip-neo-120-v1,A603,single_choice,,D,profile=gd_003_authored;facet=SYMPATHY;target_sum=16;scored_pattern=3-5-4-4,gd_003_ipip_authoring_v1
GD-003,ipip-neo-120-v1,C603,single_choice,,D,profile=gd_003_authored;facet=CAUTIOUSNESS;target_sum=17;scored_pattern=5-3-4-5,gd_003_ipip_authoring_v1
GD-003,ipip-neo-120-v1,N104,single_choice,,N,profile=gd_003_authored;facet=ANXIETY;target_sum=11;scored_pattern=2-3-3-3,gd_003_ipip_authoring_v1
GD-003,ipip-neo-120-v1,E104,single_choice,,SD,profile=gd_003_authored;facet=FRIENDLINESS;target_sum=16;scored_pattern=3-4-4-5,gd_003_ipip_authoring_v1
GD-003,ipip-neo-120-v1,O104,single_choice,,N,profile=gd_003_authored;facet=IMAGINATION;target_sum=12;scored_pattern=2-4-3-3,gd_003_ipip_authoring_v1
GD-003,ipip-neo-120-v1,A104,single_choice,,D,profile=gd_003_authored;facet=TRUST;target_sum=13;scored_pattern=2-3-4-4,gd_003_ipip_authoring_v1
GD-003,ipip-neo-120-v1,C104,single_choice,,SA,profile=gd_003_authored;facet=SELF_EFFICACY;target_sum=16;scored_pattern=4-3-4-5,gd_003_ipip_authoring_v1
GD-003,ipip-neo-120-v1,N204,single_choice,,N,profile=gd_003_authored;facet=ANGER;target_sum=8;scored_pattern=1-2-2-3,gd_003_ipip_authoring_v1
GD-003,ipip-neo-120-v1,E204,single_choice,,N,profile=gd_003_authored;facet=GREGARIOUSNESS;target_sum=9;scored_pattern=1-2-3-3,gd_003_ipip_authoring_v1
GD-003,ipip-neo-120-v1,O204,single_choice,,A,profile=gd_003_authored;facet=ARTISTIC_INTERESTS;target_sum=8;scored_pattern=3-1-2-2,gd_003_ipip_authoring_v1
GD-003,ipip-neo-120-v1,A204,single_choice,,D,profile=gd_003_authored;facet=MORALITY;target_sum=16;scored_pattern=4-5-3-4,gd_003_ipip_authoring_v1
GD-003,ipip-neo-120-v1,C204,single_choice,,D,profile=gd_003_authored;facet=ORDERLINESS;target_sum=16;scored_pattern=5-4-3-4,gd_003_ipip_authoring_v1
GD-003,ipip-neo-120-v1,N304,single_choice,,A,profile=gd_003_authored;facet=DEPRESSION;target_sum=8;scored_pattern=2-1-3-2,gd_003_ipip_authoring_v1
GD-003,ipip-neo-120-v1,E304,single_choice,,N,profile=gd_003_authored;facet=ASSERTIVENESS;target_sum=12;scored_pattern=3-4-2-3,gd_003_ipip_authoring_v1
GD-003,ipip-neo-120-v1,O304,single_choice,,N,profile=gd_003_authored;facet=EMOTIONALITY;target_sum=12;scored_pattern=4-2-3-3,gd_003_ipip_authoring_v1
GD-003,ipip-neo-120-v1,A304,single_choice,,D,profile=gd_003_authored;facet=ALTRUISM;target_sum=16;scored_pattern=5-3-4-4,gd_003_ipip_authoring_v1
GD-003,ipip-neo-120-v1,C304,single_choice,,SD,profile=gd_003_authored;facet=DUTIFULNESS;target_sum=17;scored_pattern=3-4-5-5,gd_003_ipip_authoring_v1
GD-003,ipip-neo-120-v1,N404,single_choice,,D,profile=gd_003_authored;facet=SELF_CONSCIOUSNESS;target_sum=12;scored_pattern=2-3-3-4,gd_003_ipip_authoring_v1
GD-003,ipip-neo-120-v1,E404,single_choice,,D,profile=gd_003_authored;facet=ACTIVITY_LEVEL;target_sum=16;scored_pattern=4-3-5-4,gd_003_ipip_authoring_v1
GD-003,ipip-neo-120-v1,O404,single_choice,,N,profile=gd_003_authored;facet=ADVENTUROUSNESS;target_sum=9;scored_pattern=2-1-3-3,gd_003_ipip_authoring_v1
GD-003,ipip-neo-120-v1,A404,single_choice,,SD,profile=gd_003_authored;facet=COOPERATION;target_sum=16;scored_pattern=4-4-3-5,gd_003_ipip_authoring_v1
GD-003,ipip-neo-120-v1,C404,single_choice,,D,profile=gd_003_authored;facet=ACHIEVEMENT_STRIVING;target_sum=14;scored_pattern=2-4-4-4,gd_003_ipip_authoring_v1
GD-003,ipip-neo-120-v1,N504,single_choice,,A,profile=gd_003_authored;facet=IMMODERATION;target_sum=8;scored_pattern=1-3-2-2,gd_003_ipip_authoring_v1
GD-003,ipip-neo-120-v1,E504,single_choice,,N,profile=gd_003_authored;facet=EXCITEMENT_SEEKING;target_sum=8;scored_pattern=2-1-2-3,gd_003_ipip_authoring_v1
GD-003,ipip-neo-120-v1,O504,single_choice,,SD,profile=gd_003_authored;facet=INTELLECT;target_sum=16;scored_pattern=2-4-5-5,gd_003_ipip_authoring_v1
GD-003,ipip-neo-120-v1,A504,single_choice,,SD,profile=gd_003_authored;facet=MODESTY;target_sum=15;scored_pattern=2-4-4-5,gd_003_ipip_authoring_v1
GD-003,ipip-neo-120-v1,C504,single_choice,,N,profile=gd_003_authored;facet=SELF_DISCIPLINE;target_sum=16;scored_pattern=4-5-4-3,gd_003_ipip_authoring_v1
GD-003,ipip-neo-120-v1,N604,single_choice,,N,profile=gd_003_authored;facet=VULNERABILITY;target_sum=12;scored_pattern=3-2-4-3,gd_003_ipip_authoring_v1
GD-003,ipip-neo-120-v1,E604,single_choice,,A,profile=gd_003_authored;facet=CHEERFULNESS;target_sum=12;scored_pattern=1-3-4-4,gd_003_ipip_authoring_v1
GD-003,ipip-neo-120-v1,O604,single_choice,,N,profile=gd_003_authored;facet=LIBERALISM;target_sum=12;scored_pattern=4-3-2-3,gd_003_ipip_authoring_v1
GD-003,ipip-neo-120-v1,A604,single_choice,,D,profile=gd_003_authored;facet=SYMPATHY;target_sum=16;scored_pattern=3-5-4-4,gd_003_ipip_authoring_v1
GD-003,ipip-neo-120-v1,C604,single_choice,,SD,profile=gd_003_authored;facet=CAUTIOUSNESS;target_sum=17;scored_pattern=5-3-4-5,gd_003_ipip_authoring_v1
GD-003,safran_v1,VW01,single_choice,,VW01_opt_3,subtest=VW;target_correct=5;correct_positions=0-1-3-5-7,gd_003_safran_authoring_v1
GD-003,safran_v1,VW02,single_choice,,VW02_opt_4,subtest=VW;target_correct=5;correct_positions=0-1-3-5-7,gd_003_safran_authoring_v1
GD-003,safran_v1,VW03,single_choice,,VW03_opt_1,subtest=VW;target_correct=5;correct_positions=0-1-3-5-7,gd_003_safran_authoring_v1
GD-003,safran_v1,VW04,single_choice,,VW04_opt_3,subtest=VW;target_correct=5;correct_positions=0-1-3-5-7,gd_003_safran_authoring_v1
GD-003,safran_v1,VW05,single_choice,,VW05_opt_1,subtest=VW;target_correct=5;correct_positions=0-1-3-5-7,gd_003_safran_authoring_v1
GD-003,safran_v1,VW06,single_choice,,VW06_opt_4,subtest=VW;target_correct=5;correct_positions=0-1-3-5-7,gd_003_safran_authoring_v1
GD-003,safran_v1,VW07,single_choice,,VW07_opt_2,subtest=VW;target_correct=5;correct_positions=0-1-3-5-7,gd_003_safran_authoring_v1
GD-003,safran_v1,VW08,single_choice,,VW08_opt_2,subtest=VW;target_correct=5;correct_positions=0-1-3-5-7,gd_003_safran_authoring_v1
GD-003,safran_v1,VW09,single_choice,,VW09_opt_1,subtest=VW;target_correct=5;correct_positions=0-1-3-5-7,gd_003_safran_authoring_v1
GD-003,safran_v1,VA01,single_choice,,VA01_opt_3,subtest=VA;target_correct=5;correct_positions=0-2-4-6-8,gd_003_safran_authoring_v1
GD-003,safran_v1,VA02,single_choice,,VA02_opt_1,subtest=VA;target_correct=5;correct_positions=0-2-4-6-8,gd_003_safran_authoring_v1
GD-003,safran_v1,VA03,single_choice,,VA03_opt_3,subtest=VA;target_correct=5;correct_positions=0-2-4-6-8,gd_003_safran_authoring_v1
GD-003,safran_v1,VA04,single_choice,,VA04_opt_1,subtest=VA;target_correct=5;correct_positions=0-2-4-6-8,gd_003_safran_authoring_v1
GD-003,safran_v1,VA05,single_choice,,VA05_opt_1,subtest=VA;target_correct=5;correct_positions=0-2-4-6-8,gd_003_safran_authoring_v1
GD-003,safran_v1,VA06,single_choice,,VA06_opt_1,subtest=VA;target_correct=5;correct_positions=0-2-4-6-8,gd_003_safran_authoring_v1
GD-003,safran_v1,VA07,single_choice,,VA07_opt_4,subtest=VA;target_correct=5;correct_positions=0-2-4-6-8,gd_003_safran_authoring_v1
GD-003,safran_v1,VA08,single_choice,,VA08_opt_1,subtest=VA;target_correct=5;correct_positions=0-2-4-6-8,gd_003_safran_authoring_v1
GD-003,safran_v1,VA09,single_choice,,VA09_opt_4,subtest=VA;target_correct=5;correct_positions=0-2-4-6-8,gd_003_safran_authoring_v1
GD-003,safran_v1,FA01,single_choice,,FA01_opt_correct,subtest=FA;target_correct=7;correct_positions=0-1-2-4-5-7-8,gd_003_safran_authoring_v1
GD-003,safran_v1,FA02,single_choice,,FA02_opt_correct,subtest=FA;target_correct=7;correct_positions=0-1-2-4-5-7-8,gd_003_safran_authoring_v1
GD-003,safran_v1,FA03,single_choice,,FA03_opt_correct,subtest=FA;target_correct=7;correct_positions=0-1-2-4-5-7-8,gd_003_safran_authoring_v1
GD-003,safran_v1,FA04,single_choice,,FA04_opt_dis1,subtest=FA;target_correct=7;correct_positions=0-1-2-4-5-7-8,gd_003_safran_authoring_v1
GD-003,safran_v1,FA05,single_choice,,FA05_opt_correct,subtest=FA;target_correct=7;correct_positions=0-1-2-4-5-7-8,gd_003_safran_authoring_v1
GD-003,safran_v1,FA06,single_choice,,FA06_opt_correct,subtest=FA;target_correct=7;correct_positions=0-1-2-4-5-7-8,gd_003_safran_authoring_v1
GD-003,safran_v1,FA07,single_choice,,FA07_opt_dis1,subtest=FA;target_correct=7;correct_positions=0-1-2-4-5-7-8,gd_003_safran_authoring_v1
GD-003,safran_v1,FA08,single_choice,,FA08_opt_correct,subtest=FA;target_correct=7;correct_positions=0-1-2-4-5-7-8,gd_003_safran_authoring_v1
GD-003,safran_v1,FA09,single_choice,,FA09_opt_correct,subtest=FA;target_correct=7;correct_positions=0-1-2-4-5-7-8,gd_003_safran_authoring_v1
GD-003,safran_v1,FM01,single_choice,,FM01_opt_dis1,subtest=FM;target_correct=7;correct_positions=1-2-3-5-6-7-8,gd_003_safran_authoring_v1
GD-003,safran_v1,FM02,single_choice,,FM02_opt_correct,subtest=FM;target_correct=7;correct_positions=1-2-3-5-6-7-8,gd_003_safran_authoring_v1
GD-003,safran_v1,FM03,single_choice,,FM03_opt_correct,subtest=FM;target_correct=7;correct_positions=1-2-3-5-6-7-8,gd_003_safran_authoring_v1
GD-003,safran_v1,FM04,single_choice,,FM04_opt_correct,subtest=FM;target_correct=7;correct_positions=1-2-3-5-6-7-8,gd_003_safran_authoring_v1
GD-003,safran_v1,FM05,single_choice,,FM05_opt_dis1,subtest=FM;target_correct=7;correct_positions=1-2-3-5-6-7-8,gd_003_safran_authoring_v1
GD-003,safran_v1,FM06,single_choice,,FM06_opt_correct,subtest=FM;target_correct=7;correct_positions=1-2-3-5-6-7-8,gd_003_safran_authoring_v1
GD-003,safran_v1,FM07,single_choice,,FM07_opt_correct,subtest=FM;target_correct=7;correct_positions=1-2-3-5-6-7-8,gd_003_safran_authoring_v1
GD-003,safran_v1,FM08,single_choice,,FM08_opt_correct,subtest=FM;target_correct=7;correct_positions=1-2-3-5-6-7-8,gd_003_safran_authoring_v1
GD-003,safran_v1,FM09,single_choice,,FM09_opt_correct,subtest=FM;target_correct=7;correct_positions=1-2-3-5-6-7-8,gd_003_safran_authoring_v1
GD-003,safran_v1,NZ01_01,text,22,,subtest=NZ;target_correct=7;correct_positions=0-1-3-4-5-7-8,gd_003_safran_authoring_v1
GD-003,safran_v1,NZ02_01,text,4.5,,subtest=NZ;target_correct=7;correct_positions=0-1-3-4-5-7-8,gd_003_safran_authoring_v1
GD-003,safran_v1,NZ03_01,text,13.5,,subtest=NZ;target_correct=7;correct_positions=0-1-3-4-5-7-8,gd_003_safran_authoring_v1
GD-003,safran_v1,NZ04_01,text,17,,subtest=NZ;target_correct=7;correct_positions=0-1-3-4-5-7-8,gd_003_safran_authoring_v1
GD-003,safran_v1,NZ05_01,text,25,,subtest=NZ;target_correct=7;correct_positions=0-1-3-4-5-7-8,gd_003_safran_authoring_v1
GD-003,safran_v1,NZ06_01,text,9,,subtest=NZ;target_correct=7;correct_positions=0-1-3-4-5-7-8,gd_003_safran_authoring_v1
GD-003,safran_v1,NZ07_01,text,43,,subtest=NZ;target_correct=7;correct_positions=0-1-3-4-5-7-8,gd_003_safran_authoring_v1
GD-003,safran_v1,NZ08_01,text,8.5,,subtest=NZ;target_correct=7;correct_positions=0-1-3-4-5-7-8,gd_003_safran_authoring_v1
GD-003,safran_v1,NZ09_01,text,112,,subtest=NZ;target_correct=7;correct_positions=0-1-3-4-5-7-8,gd_003_safran_authoring_v1
GD-003,mwms_v1,MWMS_01,single_choice,,MWMS_LIKERT_1,dimension=amotivation;target=1;item_pattern=gd_003_practical_autonomous,gd_003_mwms_authoring_v1
GD-003,mwms_v1,MWMS_02,single_choice,,MWMS_LIKERT_2,dimension=amotivation;target=2;item_pattern=gd_003_practical_autonomous,gd_003_mwms_authoring_v1
GD-003,mwms_v1,MWMS_03,single_choice,,MWMS_LIKERT_1,dimension=amotivation;target=1;item_pattern=gd_003_practical_autonomous,gd_003_mwms_authoring_v1
GD-003,mwms_v1,MWMS_04,single_choice,,MWMS_LIKERT_1,dimension=external_social;target=1;item_pattern=gd_003_practical_autonomous,gd_003_mwms_authoring_v1
GD-003,mwms_v1,MWMS_05,single_choice,,MWMS_LIKERT_2,dimension=external_social;target=2;item_pattern=gd_003_practical_autonomous,gd_003_mwms_authoring_v1
GD-003,mwms_v1,MWMS_06,single_choice,,MWMS_LIKERT_2,dimension=external_social;target=2;item_pattern=gd_003_practical_autonomous,gd_003_mwms_authoring_v1
GD-003,mwms_v1,MWMS_07,single_choice,,MWMS_LIKERT_3,dimension=external_material;target=3;item_pattern=gd_003_practical_autonomous,gd_003_mwms_authoring_v1
GD-003,mwms_v1,MWMS_08,single_choice,,MWMS_LIKERT_4,dimension=external_material;target=4;item_pattern=gd_003_practical_autonomous,gd_003_mwms_authoring_v1
GD-003,mwms_v1,MWMS_09,single_choice,,MWMS_LIKERT_5,dimension=external_material;target=5;item_pattern=gd_003_practical_autonomous,gd_003_mwms_authoring_v1
GD-003,mwms_v1,MWMS_10,single_choice,,MWMS_LIKERT_3,dimension=introjected;target=3;item_pattern=gd_003_practical_autonomous,gd_003_mwms_authoring_v1
GD-003,mwms_v1,MWMS_11,single_choice,,MWMS_LIKERT_3,dimension=introjected;target=3;item_pattern=gd_003_practical_autonomous,gd_003_mwms_authoring_v1
GD-003,mwms_v1,MWMS_12,single_choice,,MWMS_LIKERT_5,dimension=introjected;target=5;item_pattern=gd_003_practical_autonomous,gd_003_mwms_authoring_v1
GD-003,mwms_v1,MWMS_13,single_choice,,MWMS_LIKERT_5,dimension=introjected;target=5;item_pattern=gd_003_practical_autonomous,gd_003_mwms_authoring_v1
GD-003,mwms_v1,MWMS_14,single_choice,,MWMS_LIKERT_6,dimension=identified;target=6;item_pattern=gd_003_practical_autonomous,gd_003_mwms_authoring_v1
GD-003,mwms_v1,MWMS_15,single_choice,,MWMS_LIKERT_6,dimension=identified;target=6;item_pattern=gd_003_practical_autonomous,gd_003_mwms_authoring_v1
GD-003,mwms_v1,MWMS_16,single_choice,,MWMS_LIKERT_7,dimension=identified;target=7;item_pattern=gd_003_practical_autonomous,gd_003_mwms_authoring_v1
GD-003,mwms_v1,MWMS_17,single_choice,,MWMS_LIKERT_5,dimension=intrinsic;target=5;item_pattern=gd_003_practical_autonomous,gd_003_mwms_authoring_v1
GD-003,mwms_v1,MWMS_18,single_choice,,MWMS_LIKERT_6,dimension=intrinsic;target=6;item_pattern=gd_003_practical_autonomous,gd_003_mwms_authoring_v1
GD-003,mwms_v1,MWMS_19,single_choice,,MWMS_LIKERT_7,dimension=intrinsic;target=7;item_pattern=gd_003_practical_autonomous,gd_003_mwms_authoring_v1
GD-004,ipip-neo-120-v1,N101,single_choice,,N,profile=gd_004_authored;facet=ANXIETY;target_sum=12;scored_pattern=3-3-3-3,gd_004_authored_ipip_answer_recipe_v1
GD-004,ipip-neo-120-v1,E101,single_choice,,SA,profile=gd_004_authored;facet=FRIENDLINESS;target_sum=18;scored_pattern=5-5-4-4,gd_004_authored_ipip_answer_recipe_v1
GD-004,ipip-neo-120-v1,O101,single_choice,,N,profile=gd_004_authored;facet=IMAGINATION;target_sum=12;scored_pattern=3-3-3-3,gd_004_authored_ipip_answer_recipe_v1
GD-004,ipip-neo-120-v1,A101,single_choice,,A,profile=gd_004_authored;facet=TRUST;target_sum=13;scored_pattern=4-3-3-3,gd_004_authored_ipip_answer_recipe_v1
GD-004,ipip-neo-120-v1,C101,single_choice,,A,profile=gd_004_authored;facet=SELF_EFFICACY;target_sum=16;scored_pattern=4-4-4-4,gd_004_authored_ipip_answer_recipe_v1
GD-004,ipip-neo-120-v1,N201,single_choice,,D,profile=gd_004_authored;facet=ANGER;target_sum=7;scored_pattern=2-2-2-1,gd_004_authored_ipip_answer_recipe_v1
GD-004,ipip-neo-120-v1,E201,single_choice,,N,profile=gd_004_authored;facet=GREGARIOUSNESS;target_sum=12;scored_pattern=3-3-3-3,gd_004_authored_ipip_answer_recipe_v1
GD-004,ipip-neo-120-v1,O201,single_choice,,N,profile=gd_004_authored;facet=ARTISTIC_INTERESTS;target_sum=12;scored_pattern=3-3-3-3,gd_004_authored_ipip_answer_recipe_v1
GD-004,ipip-neo-120-v1,A201,single_choice,,SD,profile=gd_004_authored;facet=MORALITY;target_sum=17;scored_pattern=5-4-4-4,gd_004_authored_ipip_answer_recipe_v1
GD-004,ipip-neo-120-v1,C201,single_choice,,A,profile=gd_004_authored;facet=ORDERLINESS;target_sum=16;scored_pattern=4-4-4-4,gd_004_authored_ipip_answer_recipe_v1
GD-004,ipip-neo-120-v1,N301,single_choice,,D,profile=gd_004_authored;facet=DEPRESSION;target_sum=7;scored_pattern=2-2-2-1,gd_004_authored_ipip_answer_recipe_v1
GD-004,ipip-neo-120-v1,E301,single_choice,,A,profile=gd_004_authored;facet=ASSERTIVENESS;target_sum=13;scored_pattern=4-3-3-3,gd_004_authored_ipip_answer_recipe_v1
GD-004,ipip-neo-120-v1,O301,single_choice,,N,profile=gd_004_authored;facet=EMOTIONALITY;target_sum=12;scored_pattern=3-3-3-3,gd_004_authored_ipip_answer_recipe_v1
GD-004,ipip-neo-120-v1,A301,single_choice,,A,profile=gd_004_authored;facet=ALTRUISM;target_sum=16;scored_pattern=4-4-4-4,gd_004_authored_ipip_answer_recipe_v1
GD-004,ipip-neo-120-v1,C301,single_choice,,SA,profile=gd_004_authored;facet=DUTIFULNESS;target_sum=17;scored_pattern=5-4-4-4,gd_004_authored_ipip_answer_recipe_v1
GD-004,ipip-neo-120-v1,N401,single_choice,,N,profile=gd_004_authored;facet=SELF_CONSCIOUSNESS;target_sum=12;scored_pattern=3-3-3-3,gd_004_authored_ipip_answer_recipe_v1
GD-004,ipip-neo-120-v1,E401,single_choice,,A,profile=gd_004_authored;facet=ACTIVITY_LEVEL;target_sum=13;scored_pattern=4-3-3-3,gd_004_authored_ipip_answer_recipe_v1
GD-004,ipip-neo-120-v1,O401,single_choice,,N,profile=gd_004_authored;facet=ADVENTUROUSNESS;target_sum=12;scored_pattern=3-3-3-3,gd_004_authored_ipip_answer_recipe_v1
GD-004,ipip-neo-120-v1,A401,single_choice,,SD,profile=gd_004_authored;facet=COOPERATION;target_sum=17;scored_pattern=5-4-4-4,gd_004_authored_ipip_answer_recipe_v1
GD-004,ipip-neo-120-v1,C401,single_choice,,A,profile=gd_004_authored;facet=ACHIEVEMENT_STRIVING;target_sum=13;scored_pattern=4-3-3-3,gd_004_authored_ipip_answer_recipe_v1
GD-004,ipip-neo-120-v1,N501,single_choice,,D,profile=gd_004_authored;facet=IMMODERATION;target_sum=7;scored_pattern=2-2-2-1,gd_004_authored_ipip_answer_recipe_v1
GD-004,ipip-neo-120-v1,E501,single_choice,,D,profile=gd_004_authored;facet=EXCITEMENT_SEEKING;target_sum=8;scored_pattern=2-2-2-2,gd_004_authored_ipip_answer_recipe_v1
GD-004,ipip-neo-120-v1,O501,single_choice,,A,profile=gd_004_authored;facet=INTELLECT;target_sum=14;scored_pattern=4-4-3-3,gd_004_authored_ipip_answer_recipe_v1
GD-004,ipip-neo-120-v1,A501,single_choice,,N,profile=gd_004_authored;facet=MODESTY;target_sum=12;scored_pattern=3-3-3-3,gd_004_authored_ipip_answer_recipe_v1
GD-004,ipip-neo-120-v1,C501,single_choice,,A,profile=gd_004_authored;facet=SELF_DISCIPLINE;target_sum=16;scored_pattern=4-4-4-4,gd_004_authored_ipip_answer_recipe_v1
GD-004,ipip-neo-120-v1,N601,single_choice,,N,profile=gd_004_authored;facet=VULNERABILITY;target_sum=12;scored_pattern=3-3-3-3,gd_004_authored_ipip_answer_recipe_v1
GD-004,ipip-neo-120-v1,E601,single_choice,,A,profile=gd_004_authored;facet=CHEERFULNESS;target_sum=16;scored_pattern=4-4-4-4,gd_004_authored_ipip_answer_recipe_v1
GD-004,ipip-neo-120-v1,O601,single_choice,,N,profile=gd_004_authored;facet=LIBERALISM;target_sum=12;scored_pattern=3-3-3-3,gd_004_authored_ipip_answer_recipe_v1
GD-004,ipip-neo-120-v1,A601,single_choice,,A,profile=gd_004_authored;facet=SYMPATHY;target_sum=16;scored_pattern=4-4-4-4,gd_004_authored_ipip_answer_recipe_v1
GD-004,ipip-neo-120-v1,C601,single_choice,,SD,profile=gd_004_authored;facet=CAUTIOUSNESS;target_sum=17;scored_pattern=5-4-4-4,gd_004_authored_ipip_answer_recipe_v1
GD-004,ipip-neo-120-v1,N102,single_choice,,N,profile=gd_004_authored;facet=ANXIETY;target_sum=12;scored_pattern=3-3-3-3,gd_004_authored_ipip_answer_recipe_v1
GD-004,ipip-neo-120-v1,E102,single_choice,,SA,profile=gd_004_authored;facet=FRIENDLINESS;target_sum=18;scored_pattern=5-5-4-4,gd_004_authored_ipip_answer_recipe_v1
GD-004,ipip-neo-120-v1,O102,single_choice,,N,profile=gd_004_authored;facet=IMAGINATION;target_sum=12;scored_pattern=3-3-3-3,gd_004_authored_ipip_answer_recipe_v1
GD-004,ipip-neo-120-v1,A102,single_choice,,N,profile=gd_004_authored;facet=TRUST;target_sum=13;scored_pattern=4-3-3-3,gd_004_authored_ipip_answer_recipe_v1
GD-004,ipip-neo-120-v1,C102,single_choice,,A,profile=gd_004_authored;facet=SELF_EFFICACY;target_sum=16;scored_pattern=4-4-4-4,gd_004_authored_ipip_answer_recipe_v1
GD-004,ipip-neo-120-v1,N202,single_choice,,D,profile=gd_004_authored;facet=ANGER;target_sum=7;scored_pattern=2-2-2-1,gd_004_authored_ipip_answer_recipe_v1
GD-004,ipip-neo-120-v1,E202,single_choice,,N,profile=gd_004_authored;facet=GREGARIOUSNESS;target_sum=12;scored_pattern=3-3-3-3,gd_004_authored_ipip_answer_recipe_v1
GD-004,ipip-neo-120-v1,O202,single_choice,,N,profile=gd_004_authored;facet=ARTISTIC_INTERESTS;target_sum=12;scored_pattern=3-3-3-3,gd_004_authored_ipip_answer_recipe_v1
GD-004,ipip-neo-120-v1,A202,single_choice,,D,profile=gd_004_authored;facet=MORALITY;target_sum=17;scored_pattern=5-4-4-4,gd_004_authored_ipip_answer_recipe_v1
GD-004,ipip-neo-120-v1,C202,single_choice,,D,profile=gd_004_authored;facet=ORDERLINESS;target_sum=16;scored_pattern=4-4-4-4,gd_004_authored_ipip_answer_recipe_v1
GD-004,ipip-neo-120-v1,N302,single_choice,,D,profile=gd_004_authored;facet=DEPRESSION;target_sum=7;scored_pattern=2-2-2-1,gd_004_authored_ipip_answer_recipe_v1
GD-004,ipip-neo-120-v1,E302,single_choice,,N,profile=gd_004_authored;facet=ASSERTIVENESS;target_sum=13;scored_pattern=4-3-3-3,gd_004_authored_ipip_answer_recipe_v1
GD-004,ipip-neo-120-v1,O302,single_choice,,N,profile=gd_004_authored;facet=EMOTIONALITY;target_sum=12;scored_pattern=3-3-3-3,gd_004_authored_ipip_answer_recipe_v1
GD-004,ipip-neo-120-v1,A302,single_choice,,A,profile=gd_004_authored;facet=ALTRUISM;target_sum=16;scored_pattern=4-4-4-4,gd_004_authored_ipip_answer_recipe_v1
GD-004,ipip-neo-120-v1,C302,single_choice,,A,profile=gd_004_authored;facet=DUTIFULNESS;target_sum=17;scored_pattern=5-4-4-4,gd_004_authored_ipip_answer_recipe_v1
GD-004,ipip-neo-120-v1,N402,single_choice,,N,profile=gd_004_authored;facet=SELF_CONSCIOUSNESS;target_sum=12;scored_pattern=3-3-3-3,gd_004_authored_ipip_answer_recipe_v1
GD-004,ipip-neo-120-v1,E402,single_choice,,N,profile=gd_004_authored;facet=ACTIVITY_LEVEL;target_sum=13;scored_pattern=4-3-3-3,gd_004_authored_ipip_answer_recipe_v1
GD-004,ipip-neo-120-v1,O402,single_choice,,N,profile=gd_004_authored;facet=ADVENTUROUSNESS;target_sum=12;scored_pattern=3-3-3-3,gd_004_authored_ipip_answer_recipe_v1
GD-004,ipip-neo-120-v1,A402,single_choice,,D,profile=gd_004_authored;facet=COOPERATION;target_sum=17;scored_pattern=5-4-4-4,gd_004_authored_ipip_answer_recipe_v1
GD-004,ipip-neo-120-v1,C402,single_choice,,N,profile=gd_004_authored;facet=ACHIEVEMENT_STRIVING;target_sum=13;scored_pattern=4-3-3-3,gd_004_authored_ipip_answer_recipe_v1
GD-004,ipip-neo-120-v1,N502,single_choice,,A,profile=gd_004_authored;facet=IMMODERATION;target_sum=7;scored_pattern=2-2-2-1,gd_004_authored_ipip_answer_recipe_v1
GD-004,ipip-neo-120-v1,E502,single_choice,,D,profile=gd_004_authored;facet=EXCITEMENT_SEEKING;target_sum=8;scored_pattern=2-2-2-2,gd_004_authored_ipip_answer_recipe_v1
GD-004,ipip-neo-120-v1,O502,single_choice,,D,profile=gd_004_authored;facet=INTELLECT;target_sum=14;scored_pattern=4-4-3-3,gd_004_authored_ipip_answer_recipe_v1
GD-004,ipip-neo-120-v1,A502,single_choice,,N,profile=gd_004_authored;facet=MODESTY;target_sum=12;scored_pattern=3-3-3-3,gd_004_authored_ipip_answer_recipe_v1
GD-004,ipip-neo-120-v1,C502,single_choice,,A,profile=gd_004_authored;facet=SELF_DISCIPLINE;target_sum=16;scored_pattern=4-4-4-4,gd_004_authored_ipip_answer_recipe_v1
GD-004,ipip-neo-120-v1,N602,single_choice,,N,profile=gd_004_authored;facet=VULNERABILITY;target_sum=12;scored_pattern=3-3-3-3,gd_004_authored_ipip_answer_recipe_v1
GD-004,ipip-neo-120-v1,E602,single_choice,,A,profile=gd_004_authored;facet=CHEERFULNESS;target_sum=16;scored_pattern=4-4-4-4,gd_004_authored_ipip_answer_recipe_v1
GD-004,ipip-neo-120-v1,O602,single_choice,,N,profile=gd_004_authored;facet=LIBERALISM;target_sum=12;scored_pattern=3-3-3-3,gd_004_authored_ipip_answer_recipe_v1
GD-004,ipip-neo-120-v1,A602,single_choice,,A,profile=gd_004_authored;facet=SYMPATHY;target_sum=16;scored_pattern=4-4-4-4,gd_004_authored_ipip_answer_recipe_v1
GD-004,ipip-neo-120-v1,C602,single_choice,,D,profile=gd_004_authored;facet=CAUTIOUSNESS;target_sum=17;scored_pattern=5-4-4-4,gd_004_authored_ipip_answer_recipe_v1
GD-004,ipip-neo-120-v1,N103,single_choice,,N,profile=gd_004_authored;facet=ANXIETY;target_sum=12;scored_pattern=3-3-3-3,gd_004_authored_ipip_answer_recipe_v1
GD-004,ipip-neo-120-v1,E103,single_choice,,D,profile=gd_004_authored;facet=FRIENDLINESS;target_sum=18;scored_pattern=5-5-4-4,gd_004_authored_ipip_answer_recipe_v1
GD-004,ipip-neo-120-v1,O103,single_choice,,N,profile=gd_004_authored;facet=IMAGINATION;target_sum=12;scored_pattern=3-3-3-3,gd_004_authored_ipip_answer_recipe_v1
GD-004,ipip-neo-120-v1,A103,single_choice,,N,profile=gd_004_authored;facet=TRUST;target_sum=13;scored_pattern=4-3-3-3,gd_004_authored_ipip_answer_recipe_v1
GD-004,ipip-neo-120-v1,C103,single_choice,,A,profile=gd_004_authored;facet=SELF_EFFICACY;target_sum=16;scored_pattern=4-4-4-4,gd_004_authored_ipip_answer_recipe_v1
GD-004,ipip-neo-120-v1,N203,single_choice,,D,profile=gd_004_authored;facet=ANGER;target_sum=7;scored_pattern=2-2-2-1,gd_004_authored_ipip_answer_recipe_v1
GD-004,ipip-neo-120-v1,E203,single_choice,,N,profile=gd_004_authored;facet=GREGARIOUSNESS;target_sum=12;scored_pattern=3-3-3-3,gd_004_authored_ipip_answer_recipe_v1
GD-004,ipip-neo-120-v1,O203,single_choice,,N,profile=gd_004_authored;facet=ARTISTIC_INTERESTS;target_sum=12;scored_pattern=3-3-3-3,gd_004_authored_ipip_answer_recipe_v1
GD-004,ipip-neo-120-v1,A203,single_choice,,D,profile=gd_004_authored;facet=MORALITY;target_sum=17;scored_pattern=5-4-4-4,gd_004_authored_ipip_answer_recipe_v1
GD-004,ipip-neo-120-v1,C203,single_choice,,D,profile=gd_004_authored;facet=ORDERLINESS;target_sum=16;scored_pattern=4-4-4-4,gd_004_authored_ipip_answer_recipe_v1
GD-004,ipip-neo-120-v1,N303,single_choice,,D,profile=gd_004_authored;facet=DEPRESSION;target_sum=7;scored_pattern=2-2-2-1,gd_004_authored_ipip_answer_recipe_v1
GD-004,ipip-neo-120-v1,E303,single_choice,,N,profile=gd_004_authored;facet=ASSERTIVENESS;target_sum=13;scored_pattern=4-3-3-3,gd_004_authored_ipip_answer_recipe_v1
GD-004,ipip-neo-120-v1,O303,single_choice,,N,profile=gd_004_authored;facet=EMOTIONALITY;target_sum=12;scored_pattern=3-3-3-3,gd_004_authored_ipip_answer_recipe_v1
GD-004,ipip-neo-120-v1,A303,single_choice,,D,profile=gd_004_authored;facet=ALTRUISM;target_sum=16;scored_pattern=4-4-4-4,gd_004_authored_ipip_answer_recipe_v1
GD-004,ipip-neo-120-v1,C303,single_choice,,D,profile=gd_004_authored;facet=DUTIFULNESS;target_sum=17;scored_pattern=5-4-4-4,gd_004_authored_ipip_answer_recipe_v1
GD-004,ipip-neo-120-v1,N403,single_choice,,N,profile=gd_004_authored;facet=SELF_CONSCIOUSNESS;target_sum=12;scored_pattern=3-3-3-3,gd_004_authored_ipip_answer_recipe_v1
GD-004,ipip-neo-120-v1,E403,single_choice,,N,profile=gd_004_authored;facet=ACTIVITY_LEVEL;target_sum=13;scored_pattern=4-3-3-3,gd_004_authored_ipip_answer_recipe_v1
GD-004,ipip-neo-120-v1,O403,single_choice,,N,profile=gd_004_authored;facet=ADVENTUROUSNESS;target_sum=12;scored_pattern=3-3-3-3,gd_004_authored_ipip_answer_recipe_v1
GD-004,ipip-neo-120-v1,A403,single_choice,,D,profile=gd_004_authored;facet=COOPERATION;target_sum=17;scored_pattern=5-4-4-4,gd_004_authored_ipip_answer_recipe_v1
GD-004,ipip-neo-120-v1,C403,single_choice,,N,profile=gd_004_authored;facet=ACHIEVEMENT_STRIVING;target_sum=13;scored_pattern=4-3-3-3,gd_004_authored_ipip_answer_recipe_v1
GD-004,ipip-neo-120-v1,N503,single_choice,,A,profile=gd_004_authored;facet=IMMODERATION;target_sum=7;scored_pattern=2-2-2-1,gd_004_authored_ipip_answer_recipe_v1
GD-004,ipip-neo-120-v1,E503,single_choice,,D,profile=gd_004_authored;facet=EXCITEMENT_SEEKING;target_sum=8;scored_pattern=2-2-2-2,gd_004_authored_ipip_answer_recipe_v1
GD-004,ipip-neo-120-v1,O503,single_choice,,N,profile=gd_004_authored;facet=INTELLECT;target_sum=14;scored_pattern=4-4-3-3,gd_004_authored_ipip_answer_recipe_v1
GD-004,ipip-neo-120-v1,A503,single_choice,,N,profile=gd_004_authored;facet=MODESTY;target_sum=12;scored_pattern=3-3-3-3,gd_004_authored_ipip_answer_recipe_v1
GD-004,ipip-neo-120-v1,C503,single_choice,,D,profile=gd_004_authored;facet=SELF_DISCIPLINE;target_sum=16;scored_pattern=4-4-4-4,gd_004_authored_ipip_answer_recipe_v1
GD-004,ipip-neo-120-v1,N603,single_choice,,N,profile=gd_004_authored;facet=VULNERABILITY;target_sum=12;scored_pattern=3-3-3-3,gd_004_authored_ipip_answer_recipe_v1
GD-004,ipip-neo-120-v1,E603,single_choice,,A,profile=gd_004_authored;facet=CHEERFULNESS;target_sum=16;scored_pattern=4-4-4-4,gd_004_authored_ipip_answer_recipe_v1
GD-004,ipip-neo-120-v1,O603,single_choice,,N,profile=gd_004_authored;facet=LIBERALISM;target_sum=12;scored_pattern=3-3-3-3,gd_004_authored_ipip_answer_recipe_v1
GD-004,ipip-neo-120-v1,A603,single_choice,,D,profile=gd_004_authored;facet=SYMPATHY;target_sum=16;scored_pattern=4-4-4-4,gd_004_authored_ipip_answer_recipe_v1
GD-004,ipip-neo-120-v1,C603,single_choice,,D,profile=gd_004_authored;facet=CAUTIOUSNESS;target_sum=17;scored_pattern=5-4-4-4,gd_004_authored_ipip_answer_recipe_v1
GD-004,ipip-neo-120-v1,N104,single_choice,,N,profile=gd_004_authored;facet=ANXIETY;target_sum=12;scored_pattern=3-3-3-3,gd_004_authored_ipip_answer_recipe_v1
GD-004,ipip-neo-120-v1,E104,single_choice,,D,profile=gd_004_authored;facet=FRIENDLINESS;target_sum=18;scored_pattern=5-5-4-4,gd_004_authored_ipip_answer_recipe_v1
GD-004,ipip-neo-120-v1,O104,single_choice,,N,profile=gd_004_authored;facet=IMAGINATION;target_sum=12;scored_pattern=3-3-3-3,gd_004_authored_ipip_answer_recipe_v1
GD-004,ipip-neo-120-v1,A104,single_choice,,N,profile=gd_004_authored;facet=TRUST;target_sum=13;scored_pattern=4-3-3-3,gd_004_authored_ipip_answer_recipe_v1
GD-004,ipip-neo-120-v1,C104,single_choice,,A,profile=gd_004_authored;facet=SELF_EFFICACY;target_sum=16;scored_pattern=4-4-4-4,gd_004_authored_ipip_answer_recipe_v1
GD-004,ipip-neo-120-v1,N204,single_choice,,SA,profile=gd_004_authored;facet=ANGER;target_sum=7;scored_pattern=2-2-2-1,gd_004_authored_ipip_answer_recipe_v1
GD-004,ipip-neo-120-v1,E204,single_choice,,N,profile=gd_004_authored;facet=GREGARIOUSNESS;target_sum=12;scored_pattern=3-3-3-3,gd_004_authored_ipip_answer_recipe_v1
GD-004,ipip-neo-120-v1,O204,single_choice,,N,profile=gd_004_authored;facet=ARTISTIC_INTERESTS;target_sum=12;scored_pattern=3-3-3-3,gd_004_authored_ipip_answer_recipe_v1
GD-004,ipip-neo-120-v1,A204,single_choice,,D,profile=gd_004_authored;facet=MORALITY;target_sum=17;scored_pattern=5-4-4-4,gd_004_authored_ipip_answer_recipe_v1
GD-004,ipip-neo-120-v1,C204,single_choice,,D,profile=gd_004_authored;facet=ORDERLINESS;target_sum=16;scored_pattern=4-4-4-4,gd_004_authored_ipip_answer_recipe_v1
GD-004,ipip-neo-120-v1,N304,single_choice,,SA,profile=gd_004_authored;facet=DEPRESSION;target_sum=7;scored_pattern=2-2-2-1,gd_004_authored_ipip_answer_recipe_v1
GD-004,ipip-neo-120-v1,E304,single_choice,,N,profile=gd_004_authored;facet=ASSERTIVENESS;target_sum=13;scored_pattern=4-3-3-3,gd_004_authored_ipip_answer_recipe_v1
GD-004,ipip-neo-120-v1,O304,single_choice,,N,profile=gd_004_authored;facet=EMOTIONALITY;target_sum=12;scored_pattern=3-3-3-3,gd_004_authored_ipip_answer_recipe_v1
GD-004,ipip-neo-120-v1,A304,single_choice,,D,profile=gd_004_authored;facet=ALTRUISM;target_sum=16;scored_pattern=4-4-4-4,gd_004_authored_ipip_answer_recipe_v1
GD-004,ipip-neo-120-v1,C304,single_choice,,D,profile=gd_004_authored;facet=DUTIFULNESS;target_sum=17;scored_pattern=5-4-4-4,gd_004_authored_ipip_answer_recipe_v1
GD-004,ipip-neo-120-v1,N404,single_choice,,N,profile=gd_004_authored;facet=SELF_CONSCIOUSNESS;target_sum=12;scored_pattern=3-3-3-3,gd_004_authored_ipip_answer_recipe_v1
GD-004,ipip-neo-120-v1,E404,single_choice,,N,profile=gd_004_authored;facet=ACTIVITY_LEVEL;target_sum=13;scored_pattern=4-3-3-3,gd_004_authored_ipip_answer_recipe_v1
GD-004,ipip-neo-120-v1,O404,single_choice,,N,profile=gd_004_authored;facet=ADVENTUROUSNESS;target_sum=12;scored_pattern=3-3-3-3,gd_004_authored_ipip_answer_recipe_v1
GD-004,ipip-neo-120-v1,A404,single_choice,,D,profile=gd_004_authored;facet=COOPERATION;target_sum=17;scored_pattern=5-4-4-4,gd_004_authored_ipip_answer_recipe_v1
GD-004,ipip-neo-120-v1,C404,single_choice,,N,profile=gd_004_authored;facet=ACHIEVEMENT_STRIVING;target_sum=13;scored_pattern=4-3-3-3,gd_004_authored_ipip_answer_recipe_v1
GD-004,ipip-neo-120-v1,N504,single_choice,,SA,profile=gd_004_authored;facet=IMMODERATION;target_sum=7;scored_pattern=2-2-2-1,gd_004_authored_ipip_answer_recipe_v1
GD-004,ipip-neo-120-v1,E504,single_choice,,D,profile=gd_004_authored;facet=EXCITEMENT_SEEKING;target_sum=8;scored_pattern=2-2-2-2,gd_004_authored_ipip_answer_recipe_v1
GD-004,ipip-neo-120-v1,O504,single_choice,,N,profile=gd_004_authored;facet=INTELLECT;target_sum=14;scored_pattern=4-4-3-3,gd_004_authored_ipip_answer_recipe_v1
GD-004,ipip-neo-120-v1,A504,single_choice,,N,profile=gd_004_authored;facet=MODESTY;target_sum=12;scored_pattern=3-3-3-3,gd_004_authored_ipip_answer_recipe_v1
GD-004,ipip-neo-120-v1,C504,single_choice,,D,profile=gd_004_authored;facet=SELF_DISCIPLINE;target_sum=16;scored_pattern=4-4-4-4,gd_004_authored_ipip_answer_recipe_v1
GD-004,ipip-neo-120-v1,N604,single_choice,,N,profile=gd_004_authored;facet=VULNERABILITY;target_sum=12;scored_pattern=3-3-3-3,gd_004_authored_ipip_answer_recipe_v1
GD-004,ipip-neo-120-v1,E604,single_choice,,A,profile=gd_004_authored;facet=CHEERFULNESS;target_sum=16;scored_pattern=4-4-4-4,gd_004_authored_ipip_answer_recipe_v1
GD-004,ipip-neo-120-v1,O604,single_choice,,N,profile=gd_004_authored;facet=LIBERALISM;target_sum=12;scored_pattern=3-3-3-3,gd_004_authored_ipip_answer_recipe_v1
GD-004,ipip-neo-120-v1,A604,single_choice,,D,profile=gd_004_authored;facet=SYMPATHY;target_sum=16;scored_pattern=4-4-4-4,gd_004_authored_ipip_answer_recipe_v1
GD-004,ipip-neo-120-v1,C604,single_choice,,D,profile=gd_004_authored;facet=CAUTIOUSNESS;target_sum=17;scored_pattern=5-4-4-4,gd_004_authored_ipip_answer_recipe_v1
GD-004,mwms_v1,MWMS_01,single_choice,,MWMS_LIKERT_1,profile=gd_004_authored;dimension=amotivation;target_values=1-1-2,gd_004_authored_mwms_answer_recipe_v1
GD-004,mwms_v1,MWMS_02,single_choice,,MWMS_LIKERT_1,profile=gd_004_authored;dimension=amotivation;target_values=1-1-2,gd_004_authored_mwms_answer_recipe_v1
GD-004,mwms_v1,MWMS_03,single_choice,,MWMS_LIKERT_2,profile=gd_004_authored;dimension=amotivation;target_values=1-1-2,gd_004_authored_mwms_answer_recipe_v1
GD-004,mwms_v1,MWMS_04,single_choice,,MWMS_LIKERT_3,profile=gd_004_authored;dimension=external_social;target_values=3-3-3,gd_004_authored_mwms_answer_recipe_v1
GD-004,mwms_v1,MWMS_05,single_choice,,MWMS_LIKERT_3,profile=gd_004_authored;dimension=external_social;target_values=3-3-3,gd_004_authored_mwms_answer_recipe_v1
GD-004,mwms_v1,MWMS_06,single_choice,,MWMS_LIKERT_3,profile=gd_004_authored;dimension=external_social;target_values=3-3-3,gd_004_authored_mwms_answer_recipe_v1
GD-004,mwms_v1,MWMS_07,single_choice,,MWMS_LIKERT_4,profile=gd_004_authored;dimension=external_material;target_values=4-4-4,gd_004_authored_mwms_answer_recipe_v1
GD-004,mwms_v1,MWMS_08,single_choice,,MWMS_LIKERT_4,profile=gd_004_authored;dimension=external_material;target_values=4-4-4,gd_004_authored_mwms_answer_recipe_v1
GD-004,mwms_v1,MWMS_09,single_choice,,MWMS_LIKERT_4,profile=gd_004_authored;dimension=external_material;target_values=4-4-4,gd_004_authored_mwms_answer_recipe_v1
GD-004,mwms_v1,MWMS_10,single_choice,,MWMS_LIKERT_4,profile=gd_004_authored;dimension=introjected;target_values=4-4-4-4,gd_004_authored_mwms_answer_recipe_v1
GD-004,mwms_v1,MWMS_11,single_choice,,MWMS_LIKERT_4,profile=gd_004_authored;dimension=introjected;target_values=4-4-4-4,gd_004_authored_mwms_answer_recipe_v1
GD-004,mwms_v1,MWMS_12,single_choice,,MWMS_LIKERT_4,profile=gd_004_authored;dimension=introjected;target_values=4-4-4-4,gd_004_authored_mwms_answer_recipe_v1
GD-004,mwms_v1,MWMS_13,single_choice,,MWMS_LIKERT_4,profile=gd_004_authored;dimension=introjected;target_values=4-4-4-4,gd_004_authored_mwms_answer_recipe_v1
GD-004,mwms_v1,MWMS_14,single_choice,,MWMS_LIKERT_6,profile=gd_004_authored;dimension=identified;target_values=6-6-6,gd_004_authored_mwms_answer_recipe_v1
GD-004,mwms_v1,MWMS_15,single_choice,,MWMS_LIKERT_6,profile=gd_004_authored;dimension=identified;target_values=6-6-6,gd_004_authored_mwms_answer_recipe_v1
GD-004,mwms_v1,MWMS_16,single_choice,,MWMS_LIKERT_6,profile=gd_004_authored;dimension=identified;target_values=6-6-6,gd_004_authored_mwms_answer_recipe_v1
GD-004,mwms_v1,MWMS_17,single_choice,,MWMS_LIKERT_5,profile=gd_004_authored;dimension=intrinsic;target_values=5-5-5,gd_004_authored_mwms_answer_recipe_v1
GD-004,mwms_v1,MWMS_18,single_choice,,MWMS_LIKERT_5,profile=gd_004_authored;dimension=intrinsic;target_values=5-5-5,gd_004_authored_mwms_answer_recipe_v1
GD-004,mwms_v1,MWMS_19,single_choice,,MWMS_LIKERT_5,profile=gd_004_authored;dimension=intrinsic;target_values=5-5-5,gd_004_authored_mwms_answer_recipe_v1
GD-004,safran_v1,VW01,single_choice,,VW01_opt_3,profile=gd_004_authored;subtest=VW;target_correct=6,gd_004_authored_safran_answer_recipe_v1
GD-004,safran_v1,VW02,single_choice,,VW02_opt_4,profile=gd_004_authored;subtest=VW;target_correct=6,gd_004_authored_safran_answer_recipe_v1
GD-004,safran_v1,VW03,single_choice,,VW03_opt_4,profile=gd_004_authored;subtest=VW;target_correct=6,gd_004_authored_safran_answer_recipe_v1
GD-004,safran_v1,VW04,single_choice,,VW04_opt_3,profile=gd_004_authored;subtest=VW;target_correct=6,gd_004_authored_safran_answer_recipe_v1
GD-004,safran_v1,VW05,single_choice,,VW05_opt_2,profile=gd_004_authored;subtest=VW;target_correct=6,gd_004_authored_safran_answer_recipe_v1
GD-004,safran_v1,VW06,single_choice,,VW06_opt_4,profile=gd_004_authored;subtest=VW;target_correct=6,gd_004_authored_safran_answer_recipe_v1
GD-004,safran_v1,VW07,single_choice,,VW07_opt_2,profile=gd_004_authored;subtest=VW;target_correct=6,gd_004_authored_safran_answer_recipe_v1
GD-004,safran_v1,VW08,single_choice,,VW08_opt_1,profile=gd_004_authored;subtest=VW;target_correct=6,gd_004_authored_safran_answer_recipe_v1
GD-004,safran_v1,VW09,single_choice,,VW09_opt_1,profile=gd_004_authored;subtest=VW;target_correct=6,gd_004_authored_safran_answer_recipe_v1
GD-004,safran_v1,VA01,single_choice,,VA01_opt_3,profile=gd_004_authored;subtest=VA;target_correct=7,gd_004_authored_safran_answer_recipe_v1
GD-004,safran_v1,VA02,single_choice,,VA02_opt_5,profile=gd_004_authored;subtest=VA;target_correct=7,gd_004_authored_safran_answer_recipe_v1
GD-004,safran_v1,VA03,single_choice,,VA03_opt_3,profile=gd_004_authored;subtest=VA;target_correct=7,gd_004_authored_safran_answer_recipe_v1
GD-004,safran_v1,VA04,single_choice,,VA04_opt_2,profile=gd_004_authored;subtest=VA;target_correct=7,gd_004_authored_safran_answer_recipe_v1
GD-004,safran_v1,VA05,single_choice,,VA05_opt_1,profile=gd_004_authored;subtest=VA;target_correct=7,gd_004_authored_safran_answer_recipe_v1
GD-004,safran_v1,VA06,single_choice,,VA06_opt_4,profile=gd_004_authored;subtest=VA;target_correct=7,gd_004_authored_safran_answer_recipe_v1
GD-004,safran_v1,VA07,single_choice,,VA07_opt_4,profile=gd_004_authored;subtest=VA;target_correct=7,gd_004_authored_safran_answer_recipe_v1
GD-004,safran_v1,VA08,single_choice,,VA08_opt_1,profile=gd_004_authored;subtest=VA;target_correct=7,gd_004_authored_safran_answer_recipe_v1
GD-004,safran_v1,VA09,single_choice,,VA09_opt_1,profile=gd_004_authored;subtest=VA;target_correct=7,gd_004_authored_safran_answer_recipe_v1
GD-004,safran_v1,FA01,single_choice,,FA01_opt_correct,profile=gd_004_authored;subtest=FA;target_correct=5,gd_004_authored_safran_answer_recipe_v1
GD-004,safran_v1,FA02,single_choice,,FA02_opt_correct,profile=gd_004_authored;subtest=FA;target_correct=5,gd_004_authored_safran_answer_recipe_v1
GD-004,safran_v1,FA03,single_choice,,FA03_opt_correct,profile=gd_004_authored;subtest=FA;target_correct=5,gd_004_authored_safran_answer_recipe_v1
GD-004,safran_v1,FA04,single_choice,,FA04_opt_correct,profile=gd_004_authored;subtest=FA;target_correct=5,gd_004_authored_safran_answer_recipe_v1
GD-004,safran_v1,FA05,single_choice,,FA05_opt_correct,profile=gd_004_authored;subtest=FA;target_correct=5,gd_004_authored_safran_answer_recipe_v1
GD-004,safran_v1,FA06,single_choice,,FA06_opt_dis1,profile=gd_004_authored;subtest=FA;target_correct=5,gd_004_authored_safran_answer_recipe_v1
GD-004,safran_v1,FA07,single_choice,,FA07_opt_dis1,profile=gd_004_authored;subtest=FA;target_correct=5,gd_004_authored_safran_answer_recipe_v1
GD-004,safran_v1,FA08,single_choice,,FA08_opt_dis1,profile=gd_004_authored;subtest=FA;target_correct=5,gd_004_authored_safran_answer_recipe_v1
GD-004,safran_v1,FA09,single_choice,,FA09_opt_dis1,profile=gd_004_authored;subtest=FA;target_correct=5,gd_004_authored_safran_answer_recipe_v1
GD-004,safran_v1,FM01,single_choice,,FM01_opt_correct,profile=gd_004_authored;subtest=FM;target_correct=5,gd_004_authored_safran_answer_recipe_v1
GD-004,safran_v1,FM02,single_choice,,FM02_opt_correct,profile=gd_004_authored;subtest=FM;target_correct=5,gd_004_authored_safran_answer_recipe_v1
GD-004,safran_v1,FM03,single_choice,,FM03_opt_correct,profile=gd_004_authored;subtest=FM;target_correct=5,gd_004_authored_safran_answer_recipe_v1
GD-004,safran_v1,FM04,single_choice,,FM04_opt_correct,profile=gd_004_authored;subtest=FM;target_correct=5,gd_004_authored_safran_answer_recipe_v1
GD-004,safran_v1,FM05,single_choice,,FM05_opt_correct,profile=gd_004_authored;subtest=FM;target_correct=5,gd_004_authored_safran_answer_recipe_v1
GD-004,safran_v1,FM06,single_choice,,FM06_opt_dis1,profile=gd_004_authored;subtest=FM;target_correct=5,gd_004_authored_safran_answer_recipe_v1
GD-004,safran_v1,FM07,single_choice,,FM07_opt_dis1,profile=gd_004_authored;subtest=FM;target_correct=5,gd_004_authored_safran_answer_recipe_v1
GD-004,safran_v1,FM08,single_choice,,FM08_opt_dis1,profile=gd_004_authored;subtest=FM;target_correct=5,gd_004_authored_safran_answer_recipe_v1
GD-004,safran_v1,FM09,single_choice,,FM09_opt_dis1,profile=gd_004_authored;subtest=FM;target_correct=5,gd_004_authored_safran_answer_recipe_v1
GD-004,safran_v1,NZ01_01,text,22,,profile=gd_004_authored;subtest=NZ;target_correct=5,gd_004_authored_safran_answer_recipe_v1
GD-004,safran_v1,NZ02_01,text,4.5,,profile=gd_004_authored;subtest=NZ;target_correct=5,gd_004_authored_safran_answer_recipe_v1
GD-004,safran_v1,NZ03_01,text,12.5,,profile=gd_004_authored;subtest=NZ;target_correct=5,gd_004_authored_safran_answer_recipe_v1
GD-004,safran_v1,NZ04_01,text,17,,profile=gd_004_authored;subtest=NZ;target_correct=5,gd_004_authored_safran_answer_recipe_v1
GD-004,safran_v1,NZ05_01,text,25,,profile=gd_004_authored;subtest=NZ;target_correct=5,gd_004_authored_safran_answer_recipe_v1
GD-004,safran_v1,NZ06_01,text,10,,profile=gd_004_authored;subtest=NZ;target_correct=5,gd_004_authored_safran_answer_recipe_v1
GD-004,safran_v1,NZ07_01,text,43,,profile=gd_004_authored;subtest=NZ;target_correct=5,gd_004_authored_safran_answer_recipe_v1
GD-004,safran_v1,NZ08_01,text,9.5,,profile=gd_004_authored;subtest=NZ;target_correct=5,gd_004_authored_safran_answer_recipe_v1
GD-004,safran_v1,NZ09_01,text,113,,profile=gd_004_authored;subtest=NZ;target_correct=5,gd_004_authored_safran_answer_recipe_v1
GD-005,ipip-neo-120-v1,N101,single_choice,,N,profile=gd_005_authored;facet=ANXIETY;target_sum=12;scored_pattern=3-3-3-3,gd_005_authored_ipip_answer_recipe_v1
GD-005,ipip-neo-120-v1,E101,single_choice,,SA,profile=gd_005_authored;facet=FRIENDLINESS;target_sum=18;scored_pattern=5-5-4-4,gd_005_authored_ipip_answer_recipe_v1
GD-005,ipip-neo-120-v1,O101,single_choice,,A,profile=gd_005_authored;facet=IMAGINATION;target_sum=16;scored_pattern=4-4-4-4,gd_005_authored_ipip_answer_recipe_v1
GD-005,ipip-neo-120-v1,A101,single_choice,,A,profile=gd_005_authored;facet=TRUST;target_sum=15;scored_pattern=4-4-4-3,gd_005_authored_ipip_answer_recipe_v1
GD-005,ipip-neo-120-v1,C101,single_choice,,SA,profile=gd_005_authored;facet=SELF_EFFICACY;target_sum=17;scored_pattern=5-4-4-4,gd_005_authored_ipip_answer_recipe_v1
GD-005,ipip-neo-120-v1,N201,single_choice,,D,profile=gd_005_authored;facet=ANGER;target_sum=7;scored_pattern=2-2-2-1,gd_005_authored_ipip_answer_recipe_v1
GD-005,ipip-neo-120-v1,E201,single_choice,,A,profile=gd_005_authored;facet=GREGARIOUSNESS;target_sum=16;scored_pattern=4-4-4-4,gd_005_authored_ipip_answer_recipe_v1
GD-005,ipip-neo-120-v1,O201,single_choice,,A,profile=gd_005_authored;facet=ARTISTIC_INTERESTS;target_sum=14;scored_pattern=4-4-3-3,gd_005_authored_ipip_answer_recipe_v1
GD-005,ipip-neo-120-v1,A201,single_choice,,D,profile=gd_005_authored;facet=MORALITY;target_sum=16;scored_pattern=4-4-4-4,gd_005_authored_ipip_answer_recipe_v1
GD-005,ipip-neo-120-v1,C201,single_choice,,A,profile=gd_005_authored;facet=ORDERLINESS;target_sum=13;scored_pattern=4-3-3-3,gd_005_authored_ipip_answer_recipe_v1
GD-005,ipip-neo-120-v1,N301,single_choice,,D,profile=gd_005_authored;facet=DEPRESSION;target_sum=7;scored_pattern=2-2-2-1,gd_005_authored_ipip_answer_recipe_v1
GD-005,ipip-neo-120-v1,E301,single_choice,,SA,profile=gd_005_authored;facet=ASSERTIVENESS;target_sum=18;scored_pattern=5-5-4-4,gd_005_authored_ipip_answer_recipe_v1
GD-005,ipip-neo-120-v1,O301,single_choice,,A,profile=gd_005_authored;facet=EMOTIONALITY;target_sum=14;scored_pattern=4-4-3-3,gd_005_authored_ipip_answer_recipe_v1
GD-005,ipip-neo-120-v1,A301,single_choice,,SA,profile=gd_005_authored;facet=ALTRUISM;target_sum=17;scored_pattern=5-4-4-4,gd_005_authored_ipip_answer_recipe_v1
GD-005,ipip-neo-120-v1,C301,single_choice,,A,profile=gd_005_authored;facet=DUTIFULNESS;target_sum=15;scored_pattern=4-4-4-3,gd_005_authored_ipip_answer_recipe_v1
GD-005,ipip-neo-120-v1,N401,single_choice,,N,profile=gd_005_authored;facet=SELF_CONSCIOUSNESS;target_sum=11;scored_pattern=3-3-3-2,gd_005_authored_ipip_answer_recipe_v1
GD-005,ipip-neo-120-v1,E401,single_choice,,SA,profile=gd_005_authored;facet=ACTIVITY_LEVEL;target_sum=18;scored_pattern=5-5-4-4,gd_005_authored_ipip_answer_recipe_v1
GD-005,ipip-neo-120-v1,O401,single_choice,,A,profile=gd_005_authored;facet=ADVENTUROUSNESS;target_sum=16;scored_pattern=4-4-4-4,gd_005_authored_ipip_answer_recipe_v1
GD-005,ipip-neo-120-v1,A401,single_choice,,D,profile=gd_005_authored;facet=COOPERATION;target_sum=15;scored_pattern=4-4-4-3,gd_005_authored_ipip_answer_recipe_v1
GD-005,ipip-neo-120-v1,C401,single_choice,,SA,profile=gd_005_authored;facet=ACHIEVEMENT_STRIVING;target_sum=17;scored_pattern=5-4-4-4,gd_005_authored_ipip_answer_recipe_v1
GD-005,ipip-neo-120-v1,N501,single_choice,,D,profile=gd_005_authored;facet=IMMODERATION;target_sum=8;scored_pattern=2-2-2-2,gd_005_authored_ipip_answer_recipe_v1
GD-005,ipip-neo-120-v1,E501,single_choice,,N,profile=gd_005_authored;facet=EXCITEMENT_SEEKING;target_sum=12;scored_pattern=3-3-3-3,gd_005_authored_ipip_answer_recipe_v1
GD-005,ipip-neo-120-v1,O501,single_choice,,SA,profile=gd_005_authored;facet=INTELLECT;target_sum=17;scored_pattern=5-4-4-4,gd_005_authored_ipip_answer_recipe_v1
GD-005,ipip-neo-120-v1,A501,single_choice,,N,profile=gd_005_authored;facet=MODESTY;target_sum=11;scored_pattern=3-3-3-2,gd_005_authored_ipip_answer_recipe_v1
GD-005,ipip-neo-120-v1,C501,single_choice,,A,profile=gd_005_authored;facet=SELF_DISCIPLINE;target_sum=14;scored_pattern=4-4-3-3,gd_005_authored_ipip_answer_recipe_v1
GD-005,ipip-neo-120-v1,N601,single_choice,,N,profile=gd_005_authored;facet=VULNERABILITY;target_sum=12;scored_pattern=3-3-3-3,gd_005_authored_ipip_answer_recipe_v1
GD-005,ipip-neo-120-v1,E601,single_choice,,SA,profile=gd_005_authored;facet=CHEERFULNESS;target_sum=17;scored_pattern=5-4-4-4,gd_005_authored_ipip_answer_recipe_v1
GD-005,ipip-neo-120-v1,O601,single_choice,,A,profile=gd_005_authored;facet=LIBERALISM;target_sum=14;scored_pattern=4-4-3-3,gd_005_authored_ipip_answer_recipe_v1
GD-005,ipip-neo-120-v1,A601,single_choice,,A,profile=gd_005_authored;facet=SYMPATHY;target_sum=15;scored_pattern=4-4-4-3,gd_005_authored_ipip_answer_recipe_v1
GD-005,ipip-neo-120-v1,C601,single_choice,,D,profile=gd_005_authored;facet=CAUTIOUSNESS;target_sum=13;scored_pattern=4-3-3-3,gd_005_authored_ipip_answer_recipe_v1
GD-005,ipip-neo-120-v1,N102,single_choice,,N,profile=gd_005_authored;facet=ANXIETY;target_sum=12;scored_pattern=3-3-3-3,gd_005_authored_ipip_answer_recipe_v1
GD-005,ipip-neo-120-v1,E102,single_choice,,SA,profile=gd_005_authored;facet=FRIENDLINESS;target_sum=18;scored_pattern=5-5-4-4,gd_005_authored_ipip_answer_recipe_v1
GD-005,ipip-neo-120-v1,O102,single_choice,,A,profile=gd_005_authored;facet=IMAGINATION;target_sum=16;scored_pattern=4-4-4-4,gd_005_authored_ipip_answer_recipe_v1
GD-005,ipip-neo-120-v1,A102,single_choice,,A,profile=gd_005_authored;facet=TRUST;target_sum=15;scored_pattern=4-4-4-3,gd_005_authored_ipip_answer_recipe_v1
GD-005,ipip-neo-120-v1,C102,single_choice,,A,profile=gd_005_authored;facet=SELF_EFFICACY;target_sum=17;scored_pattern=5-4-4-4,gd_005_authored_ipip_answer_recipe_v1
GD-005,ipip-neo-120-v1,N202,single_choice,,D,profile=gd_005_authored;facet=ANGER;target_sum=7;scored_pattern=2-2-2-1,gd_005_authored_ipip_answer_recipe_v1
GD-005,ipip-neo-120-v1,E202,single_choice,,A,profile=gd_005_authored;facet=GREGARIOUSNESS;target_sum=16;scored_pattern=4-4-4-4,gd_005_authored_ipip_answer_recipe_v1
GD-005,ipip-neo-120-v1,O202,single_choice,,A,profile=gd_005_authored;facet=ARTISTIC_INTERESTS;target_sum=14;scored_pattern=4-4-3-3,gd_005_authored_ipip_answer_recipe_v1
GD-005,ipip-neo-120-v1,A202,single_choice,,D,profile=gd_005_authored;facet=MORALITY;target_sum=16;scored_pattern=4-4-4-4,gd_005_authored_ipip_answer_recipe_v1
GD-005,ipip-neo-120-v1,C202,single_choice,,N,profile=gd_005_authored;facet=ORDERLINESS;target_sum=13;scored_pattern=4-3-3-3,gd_005_authored_ipip_answer_recipe_v1
GD-005,ipip-neo-120-v1,N302,single_choice,,D,profile=gd_005_authored;facet=DEPRESSION;target_sum=7;scored_pattern=2-2-2-1,gd_005_authored_ipip_answer_recipe_v1
GD-005,ipip-neo-120-v1,E302,single_choice,,SA,profile=gd_005_authored;facet=ASSERTIVENESS;target_sum=18;scored_pattern=5-5-4-4,gd_005_authored_ipip_answer_recipe_v1
GD-005,ipip-neo-120-v1,O302,single_choice,,A,profile=gd_005_authored;facet=EMOTIONALITY;target_sum=14;scored_pattern=4-4-3-3,gd_005_authored_ipip_answer_recipe_v1
GD-005,ipip-neo-120-v1,A302,single_choice,,A,profile=gd_005_authored;facet=ALTRUISM;target_sum=17;scored_pattern=5-4-4-4,gd_005_authored_ipip_answer_recipe_v1
GD-005,ipip-neo-120-v1,C302,single_choice,,A,profile=gd_005_authored;facet=DUTIFULNESS;target_sum=15;scored_pattern=4-4-4-3,gd_005_authored_ipip_answer_recipe_v1
GD-005,ipip-neo-120-v1,N402,single_choice,,N,profile=gd_005_authored;facet=SELF_CONSCIOUSNESS;target_sum=11;scored_pattern=3-3-3-2,gd_005_authored_ipip_answer_recipe_v1
GD-005,ipip-neo-120-v1,E402,single_choice,,SA,profile=gd_005_authored;facet=ACTIVITY_LEVEL;target_sum=18;scored_pattern=5-5-4-4,gd_005_authored_ipip_answer_recipe_v1
GD-005,ipip-neo-120-v1,O402,single_choice,,D,profile=gd_005_authored;facet=ADVENTUROUSNESS;target_sum=16;scored_pattern=4-4-4-4,gd_005_authored_ipip_answer_recipe_v1
GD-005,ipip-neo-120-v1,A402,single_choice,,D,profile=gd_005_authored;facet=COOPERATION;target_sum=15;scored_pattern=4-4-4-3,gd_005_authored_ipip_answer_recipe_v1
GD-005,ipip-neo-120-v1,C402,single_choice,,A,profile=gd_005_authored;facet=ACHIEVEMENT_STRIVING;target_sum=17;scored_pattern=5-4-4-4,gd_005_authored_ipip_answer_recipe_v1
GD-005,ipip-neo-120-v1,N502,single_choice,,A,profile=gd_005_authored;facet=IMMODERATION;target_sum=8;scored_pattern=2-2-2-2,gd_005_authored_ipip_answer_recipe_v1
GD-005,ipip-neo-120-v1,E502,single_choice,,N,profile=gd_005_authored;facet=EXCITEMENT_SEEKING;target_sum=12;scored_pattern=3-3-3-3,gd_005_authored_ipip_answer_recipe_v1
GD-005,ipip-neo-120-v1,O502,single_choice,,D,profile=gd_005_authored;facet=INTELLECT;target_sum=17;scored_pattern=5-4-4-4,gd_005_authored_ipip_answer_recipe_v1
GD-005,ipip-neo-120-v1,A502,single_choice,,N,profile=gd_005_authored;facet=MODESTY;target_sum=11;scored_pattern=3-3-3-2,gd_005_authored_ipip_answer_recipe_v1
GD-005,ipip-neo-120-v1,C502,single_choice,,A,profile=gd_005_authored;facet=SELF_DISCIPLINE;target_sum=14;scored_pattern=4-4-3-3,gd_005_authored_ipip_answer_recipe_v1
GD-005,ipip-neo-120-v1,N602,single_choice,,N,profile=gd_005_authored;facet=VULNERABILITY;target_sum=12;scored_pattern=3-3-3-3,gd_005_authored_ipip_answer_recipe_v1
GD-005,ipip-neo-120-v1,E602,single_choice,,A,profile=gd_005_authored;facet=CHEERFULNESS;target_sum=17;scored_pattern=5-4-4-4,gd_005_authored_ipip_answer_recipe_v1
GD-005,ipip-neo-120-v1,O602,single_choice,,A,profile=gd_005_authored;facet=LIBERALISM;target_sum=14;scored_pattern=4-4-3-3,gd_005_authored_ipip_answer_recipe_v1
GD-005,ipip-neo-120-v1,A602,single_choice,,A,profile=gd_005_authored;facet=SYMPATHY;target_sum=15;scored_pattern=4-4-4-3,gd_005_authored_ipip_answer_recipe_v1
GD-005,ipip-neo-120-v1,C602,single_choice,,N,profile=gd_005_authored;facet=CAUTIOUSNESS;target_sum=13;scored_pattern=4-3-3-3,gd_005_authored_ipip_answer_recipe_v1
GD-005,ipip-neo-120-v1,N103,single_choice,,N,profile=gd_005_authored;facet=ANXIETY;target_sum=12;scored_pattern=3-3-3-3,gd_005_authored_ipip_answer_recipe_v1
GD-005,ipip-neo-120-v1,E103,single_choice,,D,profile=gd_005_authored;facet=FRIENDLINESS;target_sum=18;scored_pattern=5-5-4-4,gd_005_authored_ipip_answer_recipe_v1
GD-005,ipip-neo-120-v1,O103,single_choice,,A,profile=gd_005_authored;facet=IMAGINATION;target_sum=16;scored_pattern=4-4-4-4,gd_005_authored_ipip_answer_recipe_v1
GD-005,ipip-neo-120-v1,A103,single_choice,,A,profile=gd_005_authored;facet=TRUST;target_sum=15;scored_pattern=4-4-4-3,gd_005_authored_ipip_answer_recipe_v1
GD-005,ipip-neo-120-v1,C103,single_choice,,A,profile=gd_005_authored;facet=SELF_EFFICACY;target_sum=17;scored_pattern=5-4-4-4,gd_005_authored_ipip_answer_recipe_v1
GD-005,ipip-neo-120-v1,N203,single_choice,,D,profile=gd_005_authored;facet=ANGER;target_sum=7;scored_pattern=2-2-2-1,gd_005_authored_ipip_answer_recipe_v1
GD-005,ipip-neo-120-v1,E203,single_choice,,D,profile=gd_005_authored;facet=GREGARIOUSNESS;target_sum=16;scored_pattern=4-4-4-4,gd_005_authored_ipip_answer_recipe_v1
GD-005,ipip-neo-120-v1,O203,single_choice,,N,profile=gd_005_authored;facet=ARTISTIC_INTERESTS;target_sum=14;scored_pattern=4-4-3-3,gd_005_authored_ipip_answer_recipe_v1
GD-005,ipip-neo-120-v1,A203,single_choice,,D,profile=gd_005_authored;facet=MORALITY;target_sum=16;scored_pattern=4-4-4-4,gd_005_authored_ipip_answer_recipe_v1
GD-005,ipip-neo-120-v1,C203,single_choice,,N,profile=gd_005_authored;facet=ORDERLINESS;target_sum=13;scored_pattern=4-3-3-3,gd_005_authored_ipip_answer_recipe_v1
GD-005,ipip-neo-120-v1,N303,single_choice,,D,profile=gd_005_authored;facet=DEPRESSION;target_sum=7;scored_pattern=2-2-2-1,gd_005_authored_ipip_answer_recipe_v1
GD-005,ipip-neo-120-v1,E303,single_choice,,A,profile=gd_005_authored;facet=ASSERTIVENESS;target_sum=18;scored_pattern=5-5-4-4,gd_005_authored_ipip_answer_recipe_v1
GD-005,ipip-neo-120-v1,O303,single_choice,,N,profile=gd_005_authored;facet=EMOTIONALITY;target_sum=14;scored_pattern=4-4-3-3,gd_005_authored_ipip_answer_recipe_v1
GD-005,ipip-neo-120-v1,A303,single_choice,,D,profile=gd_005_authored;facet=ALTRUISM;target_sum=17;scored_pattern=5-4-4-4,gd_005_authored_ipip_answer_recipe_v1
GD-005,ipip-neo-120-v1,C303,single_choice,,D,profile=gd_005_authored;facet=DUTIFULNESS;target_sum=15;scored_pattern=4-4-4-3,gd_005_authored_ipip_answer_recipe_v1
GD-005,ipip-neo-120-v1,N403,single_choice,,N,profile=gd_005_authored;facet=SELF_CONSCIOUSNESS;target_sum=11;scored_pattern=3-3-3-2,gd_005_authored_ipip_answer_recipe_v1
GD-005,ipip-neo-120-v1,E403,single_choice,,A,profile=gd_005_authored;facet=ACTIVITY_LEVEL;target_sum=18;scored_pattern=5-5-4-4,gd_005_authored_ipip_answer_recipe_v1
GD-005,ipip-neo-120-v1,O403,single_choice,,D,profile=gd_005_authored;facet=ADVENTUROUSNESS;target_sum=16;scored_pattern=4-4-4-4,gd_005_authored_ipip_answer_recipe_v1
GD-005,ipip-neo-120-v1,A403,single_choice,,D,profile=gd_005_authored;facet=COOPERATION;target_sum=15;scored_pattern=4-4-4-3,gd_005_authored_ipip_answer_recipe_v1
GD-005,ipip-neo-120-v1,C403,single_choice,,D,profile=gd_005_authored;facet=ACHIEVEMENT_STRIVING;target_sum=17;scored_pattern=5-4-4-4,gd_005_authored_ipip_answer_recipe_v1
GD-005,ipip-neo-120-v1,N503,single_choice,,A,profile=gd_005_authored;facet=IMMODERATION;target_sum=8;scored_pattern=2-2-2-2,gd_005_authored_ipip_answer_recipe_v1
GD-005,ipip-neo-120-v1,E503,single_choice,,N,profile=gd_005_authored;facet=EXCITEMENT_SEEKING;target_sum=12;scored_pattern=3-3-3-3,gd_005_authored_ipip_answer_recipe_v1
GD-005,ipip-neo-120-v1,O503,single_choice,,D,profile=gd_005_authored;facet=INTELLECT;target_sum=17;scored_pattern=5-4-4-4,gd_005_authored_ipip_answer_recipe_v1
GD-005,ipip-neo-120-v1,A503,single_choice,,N,profile=gd_005_authored;facet=MODESTY;target_sum=11;scored_pattern=3-3-3-2,gd_005_authored_ipip_answer_recipe_v1
GD-005,ipip-neo-120-v1,C503,single_choice,,N,profile=gd_005_authored;facet=SELF_DISCIPLINE;target_sum=14;scored_pattern=4-4-3-3,gd_005_authored_ipip_answer_recipe_v1
GD-005,ipip-neo-120-v1,N603,single_choice,,N,profile=gd_005_authored;facet=VULNERABILITY;target_sum=12;scored_pattern=3-3-3-3,gd_005_authored_ipip_answer_recipe_v1
GD-005,ipip-neo-120-v1,E603,single_choice,,A,profile=gd_005_authored;facet=CHEERFULNESS;target_sum=17;scored_pattern=5-4-4-4,gd_005_authored_ipip_answer_recipe_v1
GD-005,ipip-neo-120-v1,O603,single_choice,,N,profile=gd_005_authored;facet=LIBERALISM;target_sum=14;scored_pattern=4-4-3-3,gd_005_authored_ipip_answer_recipe_v1
GD-005,ipip-neo-120-v1,A603,single_choice,,D,profile=gd_005_authored;facet=SYMPATHY;target_sum=15;scored_pattern=4-4-4-3,gd_005_authored_ipip_answer_recipe_v1
GD-005,ipip-neo-120-v1,C603,single_choice,,N,profile=gd_005_authored;facet=CAUTIOUSNESS;target_sum=13;scored_pattern=4-3-3-3,gd_005_authored_ipip_answer_recipe_v1
GD-005,ipip-neo-120-v1,N104,single_choice,,N,profile=gd_005_authored;facet=ANXIETY;target_sum=12;scored_pattern=3-3-3-3,gd_005_authored_ipip_answer_recipe_v1
GD-005,ipip-neo-120-v1,E104,single_choice,,D,profile=gd_005_authored;facet=FRIENDLINESS;target_sum=18;scored_pattern=5-5-4-4,gd_005_authored_ipip_answer_recipe_v1
GD-005,ipip-neo-120-v1,O104,single_choice,,A,profile=gd_005_authored;facet=IMAGINATION;target_sum=16;scored_pattern=4-4-4-4,gd_005_authored_ipip_answer_recipe_v1
GD-005,ipip-neo-120-v1,A104,single_choice,,N,profile=gd_005_authored;facet=TRUST;target_sum=15;scored_pattern=4-4-4-3,gd_005_authored_ipip_answer_recipe_v1
GD-005,ipip-neo-120-v1,C104,single_choice,,A,profile=gd_005_authored;facet=SELF_EFFICACY;target_sum=17;scored_pattern=5-4-4-4,gd_005_authored_ipip_answer_recipe_v1
GD-005,ipip-neo-120-v1,N204,single_choice,,SA,profile=gd_005_authored;facet=ANGER;target_sum=7;scored_pattern=2-2-2-1,gd_005_authored_ipip_answer_recipe_v1
GD-005,ipip-neo-120-v1,E204,single_choice,,D,profile=gd_005_authored;facet=GREGARIOUSNESS;target_sum=16;scored_pattern=4-4-4-4,gd_005_authored_ipip_answer_recipe_v1
GD-005,ipip-neo-120-v1,O204,single_choice,,N,profile=gd_005_authored;facet=ARTISTIC_INTERESTS;target_sum=14;scored_pattern=4-4-3-3,gd_005_authored_ipip_answer_recipe_v1
GD-005,ipip-neo-120-v1,A204,single_choice,,D,profile=gd_005_authored;facet=MORALITY;target_sum=16;scored_pattern=4-4-4-4,gd_005_authored_ipip_answer_recipe_v1
GD-005,ipip-neo-120-v1,C204,single_choice,,N,profile=gd_005_authored;facet=ORDERLINESS;target_sum=13;scored_pattern=4-3-3-3,gd_005_authored_ipip_answer_recipe_v1
GD-005,ipip-neo-120-v1,N304,single_choice,,SA,profile=gd_005_authored;facet=DEPRESSION;target_sum=7;scored_pattern=2-2-2-1,gd_005_authored_ipip_answer_recipe_v1
GD-005,ipip-neo-120-v1,E304,single_choice,,D,profile=gd_005_authored;facet=ASSERTIVENESS;target_sum=18;scored_pattern=5-5-4-4,gd_005_authored_ipip_answer_recipe_v1
GD-005,ipip-neo-120-v1,O304,single_choice,,N,profile=gd_005_authored;facet=EMOTIONALITY;target_sum=14;scored_pattern=4-4-3-3,gd_005_authored_ipip_answer_recipe_v1
GD-005,ipip-neo-120-v1,A304,single_choice,,D,profile=gd_005_authored;facet=ALTRUISM;target_sum=17;scored_pattern=5-4-4-4,gd_005_authored_ipip_answer_recipe_v1
GD-005,ipip-neo-120-v1,C304,single_choice,,N,profile=gd_005_authored;facet=DUTIFULNESS;target_sum=15;scored_pattern=4-4-4-3,gd_005_authored_ipip_answer_recipe_v1
GD-005,ipip-neo-120-v1,N404,single_choice,,A,profile=gd_005_authored;facet=SELF_CONSCIOUSNESS;target_sum=11;scored_pattern=3-3-3-2,gd_005_authored_ipip_answer_recipe_v1
GD-005,ipip-neo-120-v1,E404,single_choice,,D,profile=gd_005_authored;facet=ACTIVITY_LEVEL;target_sum=18;scored_pattern=5-5-4-4,gd_005_authored_ipip_answer_recipe_v1
GD-005,ipip-neo-120-v1,O404,single_choice,,D,profile=gd_005_authored;facet=ADVENTUROUSNESS;target_sum=16;scored_pattern=4-4-4-4,gd_005_authored_ipip_answer_recipe_v1
GD-005,ipip-neo-120-v1,A404,single_choice,,N,profile=gd_005_authored;facet=COOPERATION;target_sum=15;scored_pattern=4-4-4-3,gd_005_authored_ipip_answer_recipe_v1
GD-005,ipip-neo-120-v1,C404,single_choice,,D,profile=gd_005_authored;facet=ACHIEVEMENT_STRIVING;target_sum=17;scored_pattern=5-4-4-4,gd_005_authored_ipip_answer_recipe_v1
GD-005,ipip-neo-120-v1,N504,single_choice,,A,profile=gd_005_authored;facet=IMMODERATION;target_sum=8;scored_pattern=2-2-2-2,gd_005_authored_ipip_answer_recipe_v1
GD-005,ipip-neo-120-v1,E504,single_choice,,N,profile=gd_005_authored;facet=EXCITEMENT_SEEKING;target_sum=12;scored_pattern=3-3-3-3,gd_005_authored_ipip_answer_recipe_v1
GD-005,ipip-neo-120-v1,O504,single_choice,,D,profile=gd_005_authored;facet=INTELLECT;target_sum=17;scored_pattern=5-4-4-4,gd_005_authored_ipip_answer_recipe_v1
GD-005,ipip-neo-120-v1,A504,single_choice,,A,profile=gd_005_authored;facet=MODESTY;target_sum=11;scored_pattern=3-3-3-2,gd_005_authored_ipip_answer_recipe_v1
GD-005,ipip-neo-120-v1,C504,single_choice,,N,profile=gd_005_authored;facet=SELF_DISCIPLINE;target_sum=14;scored_pattern=4-4-3-3,gd_005_authored_ipip_answer_recipe_v1
GD-005,ipip-neo-120-v1,N604,single_choice,,N,profile=gd_005_authored;facet=VULNERABILITY;target_sum=12;scored_pattern=3-3-3-3,gd_005_authored_ipip_answer_recipe_v1
GD-005,ipip-neo-120-v1,E604,single_choice,,A,profile=gd_005_authored;facet=CHEERFULNESS;target_sum=17;scored_pattern=5-4-4-4,gd_005_authored_ipip_answer_recipe_v1
GD-005,ipip-neo-120-v1,O604,single_choice,,N,profile=gd_005_authored;facet=LIBERALISM;target_sum=14;scored_pattern=4-4-3-3,gd_005_authored_ipip_answer_recipe_v1
GD-005,ipip-neo-120-v1,A604,single_choice,,N,profile=gd_005_authored;facet=SYMPATHY;target_sum=15;scored_pattern=4-4-4-3,gd_005_authored_ipip_answer_recipe_v1
GD-005,ipip-neo-120-v1,C604,single_choice,,N,profile=gd_005_authored;facet=CAUTIOUSNESS;target_sum=13;scored_pattern=4-3-3-3,gd_005_authored_ipip_answer_recipe_v1
GD-005,mwms_v1,MWMS_01,single_choice,,MWMS_LIKERT_1,profile=gd_005_authored;dimension=amotivation;target_values=1-2-1,gd_005_authored_mwms_answer_recipe_v1
GD-005,mwms_v1,MWMS_02,single_choice,,MWMS_LIKERT_2,profile=gd_005_authored;dimension=amotivation;target_values=1-2-1,gd_005_authored_mwms_answer_recipe_v1
GD-005,mwms_v1,MWMS_03,single_choice,,MWMS_LIKERT_1,profile=gd_005_authored;dimension=amotivation;target_values=1-2-1,gd_005_authored_mwms_answer_recipe_v1
GD-005,mwms_v1,MWMS_04,single_choice,,MWMS_LIKERT_3,profile=gd_005_authored;dimension=external_social;target_values=3-3-3,gd_005_authored_mwms_answer_recipe_v1
GD-005,mwms_v1,MWMS_05,single_choice,,MWMS_LIKERT_3,profile=gd_005_authored;dimension=external_social;target_values=3-3-3,gd_005_authored_mwms_answer_recipe_v1
GD-005,mwms_v1,MWMS_06,single_choice,,MWMS_LIKERT_3,profile=gd_005_authored;dimension=external_social;target_values=3-3-3,gd_005_authored_mwms_answer_recipe_v1
GD-005,mwms_v1,MWMS_07,single_choice,,MWMS_LIKERT_4,profile=gd_005_authored;dimension=external_material;target_values=4-4-5,gd_005_authored_mwms_answer_recipe_v1
GD-005,mwms_v1,MWMS_08,single_choice,,MWMS_LIKERT_4,profile=gd_005_authored;dimension=external_material;target_values=4-4-5,gd_005_authored_mwms_answer_recipe_v1
GD-005,mwms_v1,MWMS_09,single_choice,,MWMS_LIKERT_5,profile=gd_005_authored;dimension=external_material;target_values=4-4-5,gd_005_authored_mwms_answer_recipe_v1
GD-005,mwms_v1,MWMS_10,single_choice,,MWMS_LIKERT_4,profile=gd_005_authored;dimension=introjected;target_values=4-4-4-4,gd_005_authored_mwms_answer_recipe_v1
GD-005,mwms_v1,MWMS_11,single_choice,,MWMS_LIKERT_4,profile=gd_005_authored;dimension=introjected;target_values=4-4-4-4,gd_005_authored_mwms_answer_recipe_v1
GD-005,mwms_v1,MWMS_12,single_choice,,MWMS_LIKERT_4,profile=gd_005_authored;dimension=introjected;target_values=4-4-4-4,gd_005_authored_mwms_answer_recipe_v1
GD-005,mwms_v1,MWMS_13,single_choice,,MWMS_LIKERT_4,profile=gd_005_authored;dimension=introjected;target_values=4-4-4-4,gd_005_authored_mwms_answer_recipe_v1
GD-005,mwms_v1,MWMS_14,single_choice,,MWMS_LIKERT_6,profile=gd_005_authored;dimension=identified;target_values=6-6-7,gd_005_authored_mwms_answer_recipe_v1
GD-005,mwms_v1,MWMS_15,single_choice,,MWMS_LIKERT_6,profile=gd_005_authored;dimension=identified;target_values=6-6-7,gd_005_authored_mwms_answer_recipe_v1
GD-005,mwms_v1,MWMS_16,single_choice,,MWMS_LIKERT_7,profile=gd_005_authored;dimension=identified;target_values=6-6-7,gd_005_authored_mwms_answer_recipe_v1
GD-005,mwms_v1,MWMS_17,single_choice,,MWMS_LIKERT_6,profile=gd_005_authored;dimension=intrinsic;target_values=6-6-6,gd_005_authored_mwms_answer_recipe_v1
GD-005,mwms_v1,MWMS_18,single_choice,,MWMS_LIKERT_6,profile=gd_005_authored;dimension=intrinsic;target_values=6-6-6,gd_005_authored_mwms_answer_recipe_v1
GD-005,mwms_v1,MWMS_19,single_choice,,MWMS_LIKERT_6,profile=gd_005_authored;dimension=intrinsic;target_values=6-6-6,gd_005_authored_mwms_answer_recipe_v1
GD-005,safran_v1,VW01,single_choice,,VW01_opt_3,profile=gd_005_authored;subtest=VW;target_correct=7,gd_005_authored_safran_answer_recipe_v1
GD-005,safran_v1,VW02,single_choice,,VW02_opt_4,profile=gd_005_authored;subtest=VW;target_correct=7,gd_005_authored_safran_answer_recipe_v1
GD-005,safran_v1,VW03,single_choice,,VW03_opt_4,profile=gd_005_authored;subtest=VW;target_correct=7,gd_005_authored_safran_answer_recipe_v1
GD-005,safran_v1,VW04,single_choice,,VW04_opt_3,profile=gd_005_authored;subtest=VW;target_correct=7,gd_005_authored_safran_answer_recipe_v1
GD-005,safran_v1,VW05,single_choice,,VW05_opt_2,profile=gd_005_authored;subtest=VW;target_correct=7,gd_005_authored_safran_answer_recipe_v1
GD-005,safran_v1,VW06,single_choice,,VW06_opt_4,profile=gd_005_authored;subtest=VW;target_correct=7,gd_005_authored_safran_answer_recipe_v1
GD-005,safran_v1,VW07,single_choice,,VW07_opt_1,profile=gd_005_authored;subtest=VW;target_correct=7,gd_005_authored_safran_answer_recipe_v1
GD-005,safran_v1,VW08,single_choice,,VW08_opt_1,profile=gd_005_authored;subtest=VW;target_correct=7,gd_005_authored_safran_answer_recipe_v1
GD-005,safran_v1,VW09,single_choice,,VW09_opt_1,profile=gd_005_authored;subtest=VW;target_correct=7,gd_005_authored_safran_answer_recipe_v1
GD-005,safran_v1,VA01,single_choice,,VA01_opt_3,profile=gd_005_authored;subtest=VA;target_correct=7,gd_005_authored_safran_answer_recipe_v1
GD-005,safran_v1,VA02,single_choice,,VA02_opt_5,profile=gd_005_authored;subtest=VA;target_correct=7,gd_005_authored_safran_answer_recipe_v1
GD-005,safran_v1,VA03,single_choice,,VA03_opt_3,profile=gd_005_authored;subtest=VA;target_correct=7,gd_005_authored_safran_answer_recipe_v1
GD-005,safran_v1,VA04,single_choice,,VA04_opt_2,profile=gd_005_authored;subtest=VA;target_correct=7,gd_005_authored_safran_answer_recipe_v1
GD-005,safran_v1,VA05,single_choice,,VA05_opt_1,profile=gd_005_authored;subtest=VA;target_correct=7,gd_005_authored_safran_answer_recipe_v1
GD-005,safran_v1,VA06,single_choice,,VA06_opt_4,profile=gd_005_authored;subtest=VA;target_correct=7,gd_005_authored_safran_answer_recipe_v1
GD-005,safran_v1,VA07,single_choice,,VA07_opt_4,profile=gd_005_authored;subtest=VA;target_correct=7,gd_005_authored_safran_answer_recipe_v1
GD-005,safran_v1,VA08,single_choice,,VA08_opt_1,profile=gd_005_authored;subtest=VA;target_correct=7,gd_005_authored_safran_answer_recipe_v1
GD-005,safran_v1,VA09,single_choice,,VA09_opt_1,profile=gd_005_authored;subtest=VA;target_correct=7,gd_005_authored_safran_answer_recipe_v1
GD-005,safran_v1,FA01,single_choice,,FA01_opt_correct,profile=gd_005_authored;subtest=FA;target_correct=5,gd_005_authored_safran_answer_recipe_v1
GD-005,safran_v1,FA02,single_choice,,FA02_opt_correct,profile=gd_005_authored;subtest=FA;target_correct=5,gd_005_authored_safran_answer_recipe_v1
GD-005,safran_v1,FA03,single_choice,,FA03_opt_correct,profile=gd_005_authored;subtest=FA;target_correct=5,gd_005_authored_safran_answer_recipe_v1
GD-005,safran_v1,FA04,single_choice,,FA04_opt_correct,profile=gd_005_authored;subtest=FA;target_correct=5,gd_005_authored_safran_answer_recipe_v1
GD-005,safran_v1,FA05,single_choice,,FA05_opt_correct,profile=gd_005_authored;subtest=FA;target_correct=5,gd_005_authored_safran_answer_recipe_v1
GD-005,safran_v1,FA06,single_choice,,FA06_opt_dis1,profile=gd_005_authored;subtest=FA;target_correct=5,gd_005_authored_safran_answer_recipe_v1
GD-005,safran_v1,FA07,single_choice,,FA07_opt_dis1,profile=gd_005_authored;subtest=FA;target_correct=5,gd_005_authored_safran_answer_recipe_v1
GD-005,safran_v1,FA08,single_choice,,FA08_opt_dis1,profile=gd_005_authored;subtest=FA;target_correct=5,gd_005_authored_safran_answer_recipe_v1
GD-005,safran_v1,FA09,single_choice,,FA09_opt_dis1,profile=gd_005_authored;subtest=FA;target_correct=5,gd_005_authored_safran_answer_recipe_v1
GD-005,safran_v1,FM01,single_choice,,FM01_opt_correct,profile=gd_005_authored;subtest=FM;target_correct=5,gd_005_authored_safran_answer_recipe_v1
GD-005,safran_v1,FM02,single_choice,,FM02_opt_correct,profile=gd_005_authored;subtest=FM;target_correct=5,gd_005_authored_safran_answer_recipe_v1
GD-005,safran_v1,FM03,single_choice,,FM03_opt_correct,profile=gd_005_authored;subtest=FM;target_correct=5,gd_005_authored_safran_answer_recipe_v1
GD-005,safran_v1,FM04,single_choice,,FM04_opt_correct,profile=gd_005_authored;subtest=FM;target_correct=5,gd_005_authored_safran_answer_recipe_v1
GD-005,safran_v1,FM05,single_choice,,FM05_opt_correct,profile=gd_005_authored;subtest=FM;target_correct=5,gd_005_authored_safran_answer_recipe_v1
GD-005,safran_v1,FM06,single_choice,,FM06_opt_dis1,profile=gd_005_authored;subtest=FM;target_correct=5,gd_005_authored_safran_answer_recipe_v1
GD-005,safran_v1,FM07,single_choice,,FM07_opt_dis1,profile=gd_005_authored;subtest=FM;target_correct=5,gd_005_authored_safran_answer_recipe_v1
GD-005,safran_v1,FM08,single_choice,,FM08_opt_dis1,profile=gd_005_authored;subtest=FM;target_correct=5,gd_005_authored_safran_answer_recipe_v1
GD-005,safran_v1,FM09,single_choice,,FM09_opt_dis1,profile=gd_005_authored;subtest=FM;target_correct=5,gd_005_authored_safran_answer_recipe_v1
GD-005,safran_v1,NZ01_01,text,22,,profile=gd_005_authored;subtest=NZ;target_correct=6,gd_005_authored_safran_answer_recipe_v1
GD-005,safran_v1,NZ02_01,text,4.5,,profile=gd_005_authored;subtest=NZ;target_correct=6,gd_005_authored_safran_answer_recipe_v1
GD-005,safran_v1,NZ03_01,text,12.5,,profile=gd_005_authored;subtest=NZ;target_correct=6,gd_005_authored_safran_answer_recipe_v1
GD-005,safran_v1,NZ04_01,text,17,,profile=gd_005_authored;subtest=NZ;target_correct=6,gd_005_authored_safran_answer_recipe_v1
GD-005,safran_v1,NZ05_01,text,25,,profile=gd_005_authored;subtest=NZ;target_correct=6,gd_005_authored_safran_answer_recipe_v1
GD-005,safran_v1,NZ06_01,text,9,,profile=gd_005_authored;subtest=NZ;target_correct=6,gd_005_authored_safran_answer_recipe_v1
GD-005,safran_v1,NZ07_01,text,43,,profile=gd_005_authored;subtest=NZ;target_correct=6,gd_005_authored_safran_answer_recipe_v1
GD-005,safran_v1,NZ08_01,text,9.5,,profile=gd_005_authored;subtest=NZ;target_correct=6,gd_005_authored_safran_answer_recipe_v1
GD-005,safran_v1,NZ09_01,text,113,,profile=gd_005_authored;subtest=NZ;target_correct=6,gd_005_authored_safran_answer_recipe_v1
GD-006,ipip-neo-120-v1,N101,single_choice,,N,profile=gd_006_authored;facet=ANXIETY;target_sum=10;scored_pattern=3-3-2-2,gd_006_authored_answer_recipe_v1
GD-006,ipip-neo-120-v1,N102,single_choice,,N,profile=gd_006_authored;facet=ANXIETY;target_sum=10;scored_pattern=3-3-2-2,gd_006_authored_answer_recipe_v1
GD-006,ipip-neo-120-v1,N103,single_choice,,D,profile=gd_006_authored;facet=ANXIETY;target_sum=10;scored_pattern=3-3-2-2,gd_006_authored_answer_recipe_v1
GD-006,ipip-neo-120-v1,N104,single_choice,,D,profile=gd_006_authored;facet=ANXIETY;target_sum=10;scored_pattern=3-3-2-2,gd_006_authored_answer_recipe_v1
GD-006,ipip-neo-120-v1,N201,single_choice,,D,profile=gd_006_authored;facet=ANGER;target_sum=8;scored_pattern=2-2-2-2,gd_006_authored_answer_recipe_v1
GD-006,ipip-neo-120-v1,N202,single_choice,,D,profile=gd_006_authored;facet=ANGER;target_sum=8;scored_pattern=2-2-2-2,gd_006_authored_answer_recipe_v1
GD-006,ipip-neo-120-v1,N203,single_choice,,D,profile=gd_006_authored;facet=ANGER;target_sum=8;scored_pattern=2-2-2-2,gd_006_authored_answer_recipe_v1
GD-006,ipip-neo-120-v1,N204,single_choice,,A,profile=gd_006_authored;facet=ANGER;target_sum=8;scored_pattern=2-2-2-2,gd_006_authored_answer_recipe_v1
GD-006,ipip-neo-120-v1,N301,single_choice,,D,profile=gd_006_authored;facet=DEPRESSION;target_sum=7;scored_pattern=2-2-2-1,gd_006_authored_answer_recipe_v1
GD-006,ipip-neo-120-v1,N302,single_choice,,D,profile=gd_006_authored;facet=DEPRESSION;target_sum=7;scored_pattern=2-2-2-1,gd_006_authored_answer_recipe_v1
GD-006,ipip-neo-120-v1,N303,single_choice,,D,profile=gd_006_authored;facet=DEPRESSION;target_sum=7;scored_pattern=2-2-2-1,gd_006_authored_answer_recipe_v1
GD-006,ipip-neo-120-v1,N304,single_choice,,SA,profile=gd_006_authored;facet=DEPRESSION;target_sum=7;scored_pattern=2-2-2-1,gd_006_authored_answer_recipe_v1
GD-006,ipip-neo-120-v1,N401,single_choice,,N,profile=gd_006_authored;facet=SELF_CONSCIOUSNESS;target_sum=11;scored_pattern=3-3-3-2,gd_006_authored_answer_recipe_v1
GD-006,ipip-neo-120-v1,N402,single_choice,,N,profile=gd_006_authored;facet=SELF_CONSCIOUSNESS;target_sum=11;scored_pattern=3-3-3-2,gd_006_authored_answer_recipe_v1
GD-006,ipip-neo-120-v1,N403,single_choice,,N,profile=gd_006_authored;facet=SELF_CONSCIOUSNESS;target_sum=11;scored_pattern=3-3-3-2,gd_006_authored_answer_recipe_v1
GD-006,ipip-neo-120-v1,N404,single_choice,,A,profile=gd_006_authored;facet=SELF_CONSCIOUSNESS;target_sum=11;scored_pattern=3-3-3-2,gd_006_authored_answer_recipe_v1
GD-006,ipip-neo-120-v1,N501,single_choice,,D,profile=gd_006_authored;facet=IMMODERATION;target_sum=7;scored_pattern=2-2-2-1,gd_006_authored_answer_recipe_v1
GD-006,ipip-neo-120-v1,N502,single_choice,,A,profile=gd_006_authored;facet=IMMODERATION;target_sum=7;scored_pattern=2-2-2-1,gd_006_authored_answer_recipe_v1
GD-006,ipip-neo-120-v1,N503,single_choice,,A,profile=gd_006_authored;facet=IMMODERATION;target_sum=7;scored_pattern=2-2-2-1,gd_006_authored_answer_recipe_v1
GD-006,ipip-neo-120-v1,N504,single_choice,,SA,profile=gd_006_authored;facet=IMMODERATION;target_sum=7;scored_pattern=2-2-2-1,gd_006_authored_answer_recipe_v1
GD-006,ipip-neo-120-v1,N601,single_choice,,N,profile=gd_006_authored;facet=VULNERABILITY;target_sum=10;scored_pattern=3-3-2-2,gd_006_authored_answer_recipe_v1
GD-006,ipip-neo-120-v1,N602,single_choice,,N,profile=gd_006_authored;facet=VULNERABILITY;target_sum=10;scored_pattern=3-3-2-2,gd_006_authored_answer_recipe_v1
GD-006,ipip-neo-120-v1,N603,single_choice,,D,profile=gd_006_authored;facet=VULNERABILITY;target_sum=10;scored_pattern=3-3-2-2,gd_006_authored_answer_recipe_v1
GD-006,ipip-neo-120-v1,N604,single_choice,,A,profile=gd_006_authored;facet=VULNERABILITY;target_sum=10;scored_pattern=3-3-2-2,gd_006_authored_answer_recipe_v1
GD-006,ipip-neo-120-v1,E101,single_choice,,A,profile=gd_006_authored;facet=FRIENDLINESS;target_sum=14;scored_pattern=4-4-3-3,gd_006_authored_answer_recipe_v1
GD-006,ipip-neo-120-v1,E102,single_choice,,A,profile=gd_006_authored;facet=FRIENDLINESS;target_sum=14;scored_pattern=4-4-3-3,gd_006_authored_answer_recipe_v1
GD-006,ipip-neo-120-v1,E103,single_choice,,N,profile=gd_006_authored;facet=FRIENDLINESS;target_sum=14;scored_pattern=4-4-3-3,gd_006_authored_answer_recipe_v1
GD-006,ipip-neo-120-v1,E104,single_choice,,N,profile=gd_006_authored;facet=FRIENDLINESS;target_sum=14;scored_pattern=4-4-3-3,gd_006_authored_answer_recipe_v1
GD-006,ipip-neo-120-v1,E201,single_choice,,N,profile=gd_006_authored;facet=GREGARIOUSNESS;target_sum=10;scored_pattern=3-3-2-2,gd_006_authored_answer_recipe_v1
GD-006,ipip-neo-120-v1,E202,single_choice,,N,profile=gd_006_authored;facet=GREGARIOUSNESS;target_sum=10;scored_pattern=3-3-2-2,gd_006_authored_answer_recipe_v1
GD-006,ipip-neo-120-v1,E203,single_choice,,A,profile=gd_006_authored;facet=GREGARIOUSNESS;target_sum=10;scored_pattern=3-3-2-2,gd_006_authored_answer_recipe_v1
GD-006,ipip-neo-120-v1,E204,single_choice,,A,profile=gd_006_authored;facet=GREGARIOUSNESS;target_sum=10;scored_pattern=3-3-2-2,gd_006_authored_answer_recipe_v1
GD-006,ipip-neo-120-v1,E301,single_choice,,N,profile=gd_006_authored;facet=ASSERTIVENESS;target_sum=12;scored_pattern=3-3-3-3,gd_006_authored_answer_recipe_v1
GD-006,ipip-neo-120-v1,E302,single_choice,,N,profile=gd_006_authored;facet=ASSERTIVENESS;target_sum=12;scored_pattern=3-3-3-3,gd_006_authored_answer_recipe_v1
GD-006,ipip-neo-120-v1,E303,single_choice,,N,profile=gd_006_authored;facet=ASSERTIVENESS;target_sum=12;scored_pattern=3-3-3-3,gd_006_authored_answer_recipe_v1
GD-006,ipip-neo-120-v1,E304,single_choice,,N,profile=gd_006_authored;facet=ASSERTIVENESS;target_sum=12;scored_pattern=3-3-3-3,gd_006_authored_answer_recipe_v1
GD-006,ipip-neo-120-v1,E401,single_choice,,N,profile=gd_006_authored;facet=ACTIVITY_LEVEL;target_sum=11;scored_pattern=3-3-3-2,gd_006_authored_answer_recipe_v1
GD-006,ipip-neo-120-v1,E402,single_choice,,N,profile=gd_006_authored;facet=ACTIVITY_LEVEL;target_sum=11;scored_pattern=3-3-3-2,gd_006_authored_answer_recipe_v1
GD-006,ipip-neo-120-v1,E403,single_choice,,N,profile=gd_006_authored;facet=ACTIVITY_LEVEL;target_sum=11;scored_pattern=3-3-3-2,gd_006_authored_answer_recipe_v1
GD-006,ipip-neo-120-v1,E404,single_choice,,A,profile=gd_006_authored;facet=ACTIVITY_LEVEL;target_sum=11;scored_pattern=3-3-3-2,gd_006_authored_answer_recipe_v1
GD-006,ipip-neo-120-v1,E501,single_choice,,D,profile=gd_006_authored;facet=EXCITEMENT_SEEKING;target_sum=8;scored_pattern=2-2-2-2,gd_006_authored_answer_recipe_v1
GD-006,ipip-neo-120-v1,E502,single_choice,,D,profile=gd_006_authored;facet=EXCITEMENT_SEEKING;target_sum=8;scored_pattern=2-2-2-2,gd_006_authored_answer_recipe_v1
GD-006,ipip-neo-120-v1,E503,single_choice,,D,profile=gd_006_authored;facet=EXCITEMENT_SEEKING;target_sum=8;scored_pattern=2-2-2-2,gd_006_authored_answer_recipe_v1
GD-006,ipip-neo-120-v1,E504,single_choice,,D,profile=gd_006_authored;facet=EXCITEMENT_SEEKING;target_sum=8;scored_pattern=2-2-2-2,gd_006_authored_answer_recipe_v1
GD-006,ipip-neo-120-v1,E601,single_choice,,A,profile=gd_006_authored;facet=CHEERFULNESS;target_sum=13;scored_pattern=4-3-3-3,gd_006_authored_answer_recipe_v1
GD-006,ipip-neo-120-v1,E602,single_choice,,N,profile=gd_006_authored;facet=CHEERFULNESS;target_sum=13;scored_pattern=4-3-3-3,gd_006_authored_answer_recipe_v1
GD-006,ipip-neo-120-v1,E603,single_choice,,N,profile=gd_006_authored;facet=CHEERFULNESS;target_sum=13;scored_pattern=4-3-3-3,gd_006_authored_answer_recipe_v1
GD-006,ipip-neo-120-v1,E604,single_choice,,N,profile=gd_006_authored;facet=CHEERFULNESS;target_sum=13;scored_pattern=4-3-3-3,gd_006_authored_answer_recipe_v1
GD-006,ipip-neo-120-v1,O101,single_choice,,N,profile=gd_006_authored;facet=IMAGINATION;target_sum=12;scored_pattern=3-3-3-3,gd_006_authored_answer_recipe_v1
GD-006,ipip-neo-120-v1,O102,single_choice,,N,profile=gd_006_authored;facet=IMAGINATION;target_sum=12;scored_pattern=3-3-3-3,gd_006_authored_answer_recipe_v1
GD-006,ipip-neo-120-v1,O103,single_choice,,N,profile=gd_006_authored;facet=IMAGINATION;target_sum=12;scored_pattern=3-3-3-3,gd_006_authored_answer_recipe_v1
GD-006,ipip-neo-120-v1,O104,single_choice,,N,profile=gd_006_authored;facet=IMAGINATION;target_sum=12;scored_pattern=3-3-3-3,gd_006_authored_answer_recipe_v1
GD-006,ipip-neo-120-v1,O201,single_choice,,N,profile=gd_006_authored;facet=ARTISTIC_INTERESTS;target_sum=10;scored_pattern=3-3-2-2,gd_006_authored_answer_recipe_v1
GD-006,ipip-neo-120-v1,O202,single_choice,,N,profile=gd_006_authored;facet=ARTISTIC_INTERESTS;target_sum=10;scored_pattern=3-3-2-2,gd_006_authored_answer_recipe_v1
GD-006,ipip-neo-120-v1,O203,single_choice,,A,profile=gd_006_authored;facet=ARTISTIC_INTERESTS;target_sum=10;scored_pattern=3-3-2-2,gd_006_authored_answer_recipe_v1
GD-006,ipip-neo-120-v1,O204,single_choice,,A,profile=gd_006_authored;facet=ARTISTIC_INTERESTS;target_sum=10;scored_pattern=3-3-2-2,gd_006_authored_answer_recipe_v1
GD-006,ipip-neo-120-v1,O301,single_choice,,N,profile=gd_006_authored;facet=EMOTIONALITY;target_sum=11;scored_pattern=3-3-3-2,gd_006_authored_answer_recipe_v1
GD-006,ipip-neo-120-v1,O302,single_choice,,N,profile=gd_006_authored;facet=EMOTIONALITY;target_sum=11;scored_pattern=3-3-3-2,gd_006_authored_answer_recipe_v1
GD-006,ipip-neo-120-v1,O303,single_choice,,N,profile=gd_006_authored;facet=EMOTIONALITY;target_sum=11;scored_pattern=3-3-3-2,gd_006_authored_answer_recipe_v1
GD-006,ipip-neo-120-v1,O304,single_choice,,A,profile=gd_006_authored;facet=EMOTIONALITY;target_sum=11;scored_pattern=3-3-3-2,gd_006_authored_answer_recipe_v1
GD-006,ipip-neo-120-v1,O401,single_choice,,N,profile=gd_006_authored;facet=ADVENTUROUSNESS;target_sum=12;scored_pattern=3-3-3-3,gd_006_authored_answer_recipe_v1
GD-006,ipip-neo-120-v1,O402,single_choice,,N,profile=gd_006_authored;facet=ADVENTUROUSNESS;target_sum=12;scored_pattern=3-3-3-3,gd_006_authored_answer_recipe_v1
GD-006,ipip-neo-120-v1,O403,single_choice,,N,profile=gd_006_authored;facet=ADVENTUROUSNESS;target_sum=12;scored_pattern=3-3-3-3,gd_006_authored_answer_recipe_v1
GD-006,ipip-neo-120-v1,O404,single_choice,,N,profile=gd_006_authored;facet=ADVENTUROUSNESS;target_sum=12;scored_pattern=3-3-3-3,gd_006_authored_answer_recipe_v1
GD-006,ipip-neo-120-v1,O501,single_choice,,A,profile=gd_006_authored;facet=INTELLECT;target_sum=16;scored_pattern=4-4-4-4,gd_006_authored_answer_recipe_v1
GD-006,ipip-neo-120-v1,O502,single_choice,,D,profile=gd_006_authored;facet=INTELLECT;target_sum=16;scored_pattern=4-4-4-4,gd_006_authored_answer_recipe_v1
GD-006,ipip-neo-120-v1,O503,single_choice,,D,profile=gd_006_authored;facet=INTELLECT;target_sum=16;scored_pattern=4-4-4-4,gd_006_authored_answer_recipe_v1
GD-006,ipip-neo-120-v1,O504,single_choice,,D,profile=gd_006_authored;facet=INTELLECT;target_sum=16;scored_pattern=4-4-4-4,gd_006_authored_answer_recipe_v1
GD-006,ipip-neo-120-v1,O601,single_choice,,N,profile=gd_006_authored;facet=LIBERALISM;target_sum=12;scored_pattern=3-3-3-3,gd_006_authored_answer_recipe_v1
GD-006,ipip-neo-120-v1,O602,single_choice,,N,profile=gd_006_authored;facet=LIBERALISM;target_sum=12;scored_pattern=3-3-3-3,gd_006_authored_answer_recipe_v1
GD-006,ipip-neo-120-v1,O603,single_choice,,N,profile=gd_006_authored;facet=LIBERALISM;target_sum=12;scored_pattern=3-3-3-3,gd_006_authored_answer_recipe_v1
GD-006,ipip-neo-120-v1,O604,single_choice,,N,profile=gd_006_authored;facet=LIBERALISM;target_sum=12;scored_pattern=3-3-3-3,gd_006_authored_answer_recipe_v1
GD-006,ipip-neo-120-v1,A101,single_choice,,A,profile=gd_006_authored;facet=TRUST;target_sum=13;scored_pattern=4-3-3-3,gd_006_authored_answer_recipe_v1
GD-006,ipip-neo-120-v1,A102,single_choice,,N,profile=gd_006_authored;facet=TRUST;target_sum=13;scored_pattern=4-3-3-3,gd_006_authored_answer_recipe_v1
GD-006,ipip-neo-120-v1,A103,single_choice,,N,profile=gd_006_authored;facet=TRUST;target_sum=13;scored_pattern=4-3-3-3,gd_006_authored_answer_recipe_v1
GD-006,ipip-neo-120-v1,A104,single_choice,,N,profile=gd_006_authored;facet=TRUST;target_sum=13;scored_pattern=4-3-3-3,gd_006_authored_answer_recipe_v1
GD-006,ipip-neo-120-v1,A201,single_choice,,SD,profile=gd_006_authored;facet=MORALITY;target_sum=17;scored_pattern=5-4-4-4,gd_006_authored_answer_recipe_v1
GD-006,ipip-neo-120-v1,A202,single_choice,,D,profile=gd_006_authored;facet=MORALITY;target_sum=17;scored_pattern=5-4-4-4,gd_006_authored_answer_recipe_v1
GD-006,ipip-neo-120-v1,A203,single_choice,,D,profile=gd_006_authored;facet=MORALITY;target_sum=17;scored_pattern=5-4-4-4,gd_006_authored_answer_recipe_v1
GD-006,ipip-neo-120-v1,A204,single_choice,,D,profile=gd_006_authored;facet=MORALITY;target_sum=17;scored_pattern=5-4-4-4,gd_006_authored_answer_recipe_v1
GD-006,ipip-neo-120-v1,A301,single_choice,,A,profile=gd_006_authored;facet=ALTRUISM;target_sum=14;scored_pattern=4-4-3-3,gd_006_authored_answer_recipe_v1
GD-006,ipip-neo-120-v1,A302,single_choice,,A,profile=gd_006_authored;facet=ALTRUISM;target_sum=14;scored_pattern=4-4-3-3,gd_006_authored_answer_recipe_v1
GD-006,ipip-neo-120-v1,A303,single_choice,,N,profile=gd_006_authored;facet=ALTRUISM;target_sum=14;scored_pattern=4-4-3-3,gd_006_authored_answer_recipe_v1
GD-006,ipip-neo-120-v1,A304,single_choice,,N,profile=gd_006_authored;facet=ALTRUISM;target_sum=14;scored_pattern=4-4-3-3,gd_006_authored_answer_recipe_v1
GD-006,ipip-neo-120-v1,A401,single_choice,,D,profile=gd_006_authored;facet=COOPERATION;target_sum=16;scored_pattern=4-4-4-4,gd_006_authored_answer_recipe_v1
GD-006,ipip-neo-120-v1,A402,single_choice,,D,profile=gd_006_authored;facet=COOPERATION;target_sum=16;scored_pattern=4-4-4-4,gd_006_authored_answer_recipe_v1
GD-006,ipip-neo-120-v1,A403,single_choice,,D,profile=gd_006_authored;facet=COOPERATION;target_sum=16;scored_pattern=4-4-4-4,gd_006_authored_answer_recipe_v1
GD-006,ipip-neo-120-v1,A404,single_choice,,D,profile=gd_006_authored;facet=COOPERATION;target_sum=16;scored_pattern=4-4-4-4,gd_006_authored_answer_recipe_v1
GD-006,ipip-neo-120-v1,A501,single_choice,,N,profile=gd_006_authored;facet=MODESTY;target_sum=12;scored_pattern=3-3-3-3,gd_006_authored_answer_recipe_v1
GD-006,ipip-neo-120-v1,A502,single_choice,,N,profile=gd_006_authored;facet=MODESTY;target_sum=12;scored_pattern=3-3-3-3,gd_006_authored_answer_recipe_v1
GD-006,ipip-neo-120-v1,A503,single_choice,,N,profile=gd_006_authored;facet=MODESTY;target_sum=12;scored_pattern=3-3-3-3,gd_006_authored_answer_recipe_v1
GD-006,ipip-neo-120-v1,A504,single_choice,,N,profile=gd_006_authored;facet=MODESTY;target_sum=12;scored_pattern=3-3-3-3,gd_006_authored_answer_recipe_v1
GD-006,ipip-neo-120-v1,A601,single_choice,,A,profile=gd_006_authored;facet=SYMPATHY;target_sum=14;scored_pattern=4-4-3-3,gd_006_authored_answer_recipe_v1
GD-006,ipip-neo-120-v1,A602,single_choice,,A,profile=gd_006_authored;facet=SYMPATHY;target_sum=14;scored_pattern=4-4-3-3,gd_006_authored_answer_recipe_v1
GD-006,ipip-neo-120-v1,A603,single_choice,,N,profile=gd_006_authored;facet=SYMPATHY;target_sum=14;scored_pattern=4-4-3-3,gd_006_authored_answer_recipe_v1
GD-006,ipip-neo-120-v1,A604,single_choice,,N,profile=gd_006_authored;facet=SYMPATHY;target_sum=14;scored_pattern=4-4-3-3,gd_006_authored_answer_recipe_v1
GD-006,ipip-neo-120-v1,C101,single_choice,,A,profile=gd_006_authored;facet=SELF_EFFICACY;target_sum=16;scored_pattern=4-4-4-4,gd_006_authored_answer_recipe_v1
GD-006,ipip-neo-120-v1,C102,single_choice,,A,profile=gd_006_authored;facet=SELF_EFFICACY;target_sum=16;scored_pattern=4-4-4-4,gd_006_authored_answer_recipe_v1
GD-006,ipip-neo-120-v1,C103,single_choice,,A,profile=gd_006_authored;facet=SELF_EFFICACY;target_sum=16;scored_pattern=4-4-4-4,gd_006_authored_answer_recipe_v1
GD-006,ipip-neo-120-v1,C104,single_choice,,A,profile=gd_006_authored;facet=SELF_EFFICACY;target_sum=16;scored_pattern=4-4-4-4,gd_006_authored_answer_recipe_v1
GD-006,ipip-neo-120-v1,C201,single_choice,,SA,profile=gd_006_authored;facet=ORDERLINESS;target_sum=18;scored_pattern=5-5-4-4,gd_006_authored_answer_recipe_v1
GD-006,ipip-neo-120-v1,C202,single_choice,,SD,profile=gd_006_authored;facet=ORDERLINESS;target_sum=18;scored_pattern=5-5-4-4,gd_006_authored_answer_recipe_v1
GD-006,ipip-neo-120-v1,C203,single_choice,,D,profile=gd_006_authored;facet=ORDERLINESS;target_sum=18;scored_pattern=5-5-4-4,gd_006_authored_answer_recipe_v1
GD-006,ipip-neo-120-v1,C204,single_choice,,D,profile=gd_006_authored;facet=ORDERLINESS;target_sum=18;scored_pattern=5-5-4-4,gd_006_authored_answer_recipe_v1
GD-006,ipip-neo-120-v1,C301,single_choice,,SA,profile=gd_006_authored;facet=DUTIFULNESS;target_sum=18;scored_pattern=5-5-4-4,gd_006_authored_answer_recipe_v1
GD-006,ipip-neo-120-v1,C302,single_choice,,SA,profile=gd_006_authored;facet=DUTIFULNESS;target_sum=18;scored_pattern=5-5-4-4,gd_006_authored_answer_recipe_v1
GD-006,ipip-neo-120-v1,C303,single_choice,,D,profile=gd_006_authored;facet=DUTIFULNESS;target_sum=18;scored_pattern=5-5-4-4,gd_006_authored_answer_recipe_v1
GD-006,ipip-neo-120-v1,C304,single_choice,,D,profile=gd_006_authored;facet=DUTIFULNESS;target_sum=18;scored_pattern=5-5-4-4,gd_006_authored_answer_recipe_v1
GD-006,ipip-neo-120-v1,C401,single_choice,,A,profile=gd_006_authored;facet=ACHIEVEMENT_STRIVING;target_sum=15;scored_pattern=4-4-4-3,gd_006_authored_answer_recipe_v1
GD-006,ipip-neo-120-v1,C402,single_choice,,A,profile=gd_006_authored;facet=ACHIEVEMENT_STRIVING;target_sum=15;scored_pattern=4-4-4-3,gd_006_authored_answer_recipe_v1
GD-006,ipip-neo-120-v1,C403,single_choice,,D,profile=gd_006_authored;facet=ACHIEVEMENT_STRIVING;target_sum=15;scored_pattern=4-4-4-3,gd_006_authored_answer_recipe_v1
GD-006,ipip-neo-120-v1,C404,single_choice,,N,profile=gd_006_authored;facet=ACHIEVEMENT_STRIVING;target_sum=15;scored_pattern=4-4-4-3,gd_006_authored_answer_recipe_v1
GD-006,ipip-neo-120-v1,C501,single_choice,,SA,profile=gd_006_authored;facet=SELF_DISCIPLINE;target_sum=18;scored_pattern=5-5-4-4,gd_006_authored_answer_recipe_v1
GD-006,ipip-neo-120-v1,C502,single_choice,,SA,profile=gd_006_authored;facet=SELF_DISCIPLINE;target_sum=18;scored_pattern=5-5-4-4,gd_006_authored_answer_recipe_v1
GD-006,ipip-neo-120-v1,C503,single_choice,,D,profile=gd_006_authored;facet=SELF_DISCIPLINE;target_sum=18;scored_pattern=5-5-4-4,gd_006_authored_answer_recipe_v1
GD-006,ipip-neo-120-v1,C504,single_choice,,D,profile=gd_006_authored;facet=SELF_DISCIPLINE;target_sum=18;scored_pattern=5-5-4-4,gd_006_authored_answer_recipe_v1
GD-006,ipip-neo-120-v1,C601,single_choice,,SD,profile=gd_006_authored;facet=CAUTIOUSNESS;target_sum=17;scored_pattern=5-4-4-4,gd_006_authored_answer_recipe_v1
GD-006,ipip-neo-120-v1,C602,single_choice,,D,profile=gd_006_authored;facet=CAUTIOUSNESS;target_sum=17;scored_pattern=5-4-4-4,gd_006_authored_answer_recipe_v1
GD-006,ipip-neo-120-v1,C603,single_choice,,D,profile=gd_006_authored;facet=CAUTIOUSNESS;target_sum=17;scored_pattern=5-4-4-4,gd_006_authored_answer_recipe_v1
GD-006,ipip-neo-120-v1,C604,single_choice,,D,profile=gd_006_authored;facet=CAUTIOUSNESS;target_sum=17;scored_pattern=5-4-4-4,gd_006_authored_answer_recipe_v1
GD-006,safran_v1,VW01,single_choice,,VW01_opt_3,profile=gd_006_authored;subtest=VW;correct_count=6,gd_006_authored_answer_recipe_v1
GD-006,safran_v1,VW02,single_choice,,VW02_opt_4,profile=gd_006_authored;subtest=VW;correct_count=6,gd_006_authored_answer_recipe_v1
GD-006,safran_v1,VW03,single_choice,,VW03_opt_4,profile=gd_006_authored;subtest=VW;correct_count=6,gd_006_authored_answer_recipe_v1
GD-006,safran_v1,VW04,single_choice,,VW04_opt_3,profile=gd_006_authored;subtest=VW;correct_count=6,gd_006_authored_answer_recipe_v1
GD-006,safran_v1,VW05,single_choice,,VW05_opt_2,profile=gd_006_authored;subtest=VW;correct_count=6,gd_006_authored_answer_recipe_v1
GD-006,safran_v1,VW06,single_choice,,VW06_opt_4,profile=gd_006_authored;subtest=VW;correct_count=6,gd_006_authored_answer_recipe_v1
GD-006,safran_v1,VW07,single_choice,,VW07_opt_2,profile=gd_006_authored;subtest=VW;correct_count=6,gd_006_authored_answer_recipe_v1
GD-006,safran_v1,VW08,single_choice,,VW08_opt_1,profile=gd_006_authored;subtest=VW;correct_count=6,gd_006_authored_answer_recipe_v1
GD-006,safran_v1,VW09,single_choice,,VW09_opt_1,profile=gd_006_authored;subtest=VW;correct_count=6,gd_006_authored_answer_recipe_v1
GD-006,safran_v1,VA01,single_choice,,VA01_opt_3,profile=gd_006_authored;subtest=VA;correct_count=7,gd_006_authored_answer_recipe_v1
GD-006,safran_v1,VA02,single_choice,,VA02_opt_5,profile=gd_006_authored;subtest=VA;correct_count=7,gd_006_authored_answer_recipe_v1
GD-006,safran_v1,VA03,single_choice,,VA03_opt_3,profile=gd_006_authored;subtest=VA;correct_count=7,gd_006_authored_answer_recipe_v1
GD-006,safran_v1,VA04,single_choice,,VA04_opt_2,profile=gd_006_authored;subtest=VA;correct_count=7,gd_006_authored_answer_recipe_v1
GD-006,safran_v1,VA05,single_choice,,VA05_opt_1,profile=gd_006_authored;subtest=VA;correct_count=7,gd_006_authored_answer_recipe_v1
GD-006,safran_v1,VA06,single_choice,,VA06_opt_4,profile=gd_006_authored;subtest=VA;correct_count=7,gd_006_authored_answer_recipe_v1
GD-006,safran_v1,VA07,single_choice,,VA07_opt_4,profile=gd_006_authored;subtest=VA;correct_count=7,gd_006_authored_answer_recipe_v1
GD-006,safran_v1,VA08,single_choice,,VA08_opt_1,profile=gd_006_authored;subtest=VA;correct_count=7,gd_006_authored_answer_recipe_v1
GD-006,safran_v1,VA09,single_choice,,VA09_opt_1,profile=gd_006_authored;subtest=VA;correct_count=7,gd_006_authored_answer_recipe_v1
GD-006,safran_v1,FA01,single_choice,,FA01_opt_correct,profile=gd_006_authored;subtest=FA;correct_count=5,gd_006_authored_answer_recipe_v1
GD-006,safran_v1,FA02,single_choice,,FA02_opt_correct,profile=gd_006_authored;subtest=FA;correct_count=5,gd_006_authored_answer_recipe_v1
GD-006,safran_v1,FA03,single_choice,,FA03_opt_correct,profile=gd_006_authored;subtest=FA;correct_count=5,gd_006_authored_answer_recipe_v1
GD-006,safran_v1,FA04,single_choice,,FA04_opt_correct,profile=gd_006_authored;subtest=FA;correct_count=5,gd_006_authored_answer_recipe_v1
GD-006,safran_v1,FA05,single_choice,,FA05_opt_correct,profile=gd_006_authored;subtest=FA;correct_count=5,gd_006_authored_answer_recipe_v1
GD-006,safran_v1,FA06,single_choice,,FA06_opt_dis1,profile=gd_006_authored;subtest=FA;correct_count=5,gd_006_authored_answer_recipe_v1
GD-006,safran_v1,FA07,single_choice,,FA07_opt_dis1,profile=gd_006_authored;subtest=FA;correct_count=5,gd_006_authored_answer_recipe_v1
GD-006,safran_v1,FA08,single_choice,,FA08_opt_dis1,profile=gd_006_authored;subtest=FA;correct_count=5,gd_006_authored_answer_recipe_v1
GD-006,safran_v1,FA09,single_choice,,FA09_opt_dis1,profile=gd_006_authored;subtest=FA;correct_count=5,gd_006_authored_answer_recipe_v1
GD-006,safran_v1,FM01,single_choice,,FM01_opt_correct,profile=gd_006_authored;subtest=FM;correct_count=4,gd_006_authored_answer_recipe_v1
GD-006,safran_v1,FM02,single_choice,,FM02_opt_correct,profile=gd_006_authored;subtest=FM;correct_count=4,gd_006_authored_answer_recipe_v1
GD-006,safran_v1,FM03,single_choice,,FM03_opt_correct,profile=gd_006_authored;subtest=FM;correct_count=4,gd_006_authored_answer_recipe_v1
GD-006,safran_v1,FM04,single_choice,,FM04_opt_correct,profile=gd_006_authored;subtest=FM;correct_count=4,gd_006_authored_answer_recipe_v1
GD-006,safran_v1,FM05,single_choice,,FM05_opt_dis1,profile=gd_006_authored;subtest=FM;correct_count=4,gd_006_authored_answer_recipe_v1
GD-006,safran_v1,FM06,single_choice,,FM06_opt_dis1,profile=gd_006_authored;subtest=FM;correct_count=4,gd_006_authored_answer_recipe_v1
GD-006,safran_v1,FM07,single_choice,,FM07_opt_dis1,profile=gd_006_authored;subtest=FM;correct_count=4,gd_006_authored_answer_recipe_v1
GD-006,safran_v1,FM08,single_choice,,FM08_opt_dis1,profile=gd_006_authored;subtest=FM;correct_count=4,gd_006_authored_answer_recipe_v1
GD-006,safran_v1,FM09,single_choice,,FM09_opt_dis1,profile=gd_006_authored;subtest=FM;correct_count=4,gd_006_authored_answer_recipe_v1
GD-006,safran_v1,NZ01_01,text,22,,profile=gd_006_authored;subtest=NZ;correct_count=7,gd_006_authored_answer_recipe_v1
GD-006,safran_v1,NZ02_01,text,4.5,,profile=gd_006_authored;subtest=NZ;correct_count=7,gd_006_authored_answer_recipe_v1
GD-006,safran_v1,NZ03_01,text,12.5,,profile=gd_006_authored;subtest=NZ;correct_count=7,gd_006_authored_answer_recipe_v1
GD-006,safran_v1,NZ04_01,text,17,,profile=gd_006_authored;subtest=NZ;correct_count=7,gd_006_authored_answer_recipe_v1
GD-006,safran_v1,NZ05_01,text,25,,profile=gd_006_authored;subtest=NZ;correct_count=7,gd_006_authored_answer_recipe_v1
GD-006,safran_v1,NZ06_01,text,9,,profile=gd_006_authored;subtest=NZ;correct_count=7,gd_006_authored_answer_recipe_v1
GD-006,safran_v1,NZ07_01,text,42,,profile=gd_006_authored;subtest=NZ;correct_count=7,gd_006_authored_answer_recipe_v1
GD-006,safran_v1,NZ08_01,text,9.5,,profile=gd_006_authored;subtest=NZ;correct_count=7,gd_006_authored_answer_recipe_v1
GD-006,safran_v1,NZ09_01,text,113,,profile=gd_006_authored;subtest=NZ;correct_count=7,gd_006_authored_answer_recipe_v1
GD-006,mwms_v1,MWMS_01,single_choice,,MWMS_LIKERT_1,profile=gd_006_authored;dimension=amotivation;values=1-1-2,gd_006_authored_answer_recipe_v1
GD-006,mwms_v1,MWMS_02,single_choice,,MWMS_LIKERT_1,profile=gd_006_authored;dimension=amotivation;values=1-1-2,gd_006_authored_answer_recipe_v1
GD-006,mwms_v1,MWMS_03,single_choice,,MWMS_LIKERT_2,profile=gd_006_authored;dimension=amotivation;values=1-1-2,gd_006_authored_answer_recipe_v1
GD-006,mwms_v1,MWMS_04,single_choice,,MWMS_LIKERT_2,profile=gd_006_authored;dimension=external_social;values=2-2-3,gd_006_authored_answer_recipe_v1
GD-006,mwms_v1,MWMS_05,single_choice,,MWMS_LIKERT_2,profile=gd_006_authored;dimension=external_social;values=2-2-3,gd_006_authored_answer_recipe_v1
GD-006,mwms_v1,MWMS_06,single_choice,,MWMS_LIKERT_3,profile=gd_006_authored;dimension=external_social;values=2-2-3,gd_006_authored_answer_recipe_v1
GD-006,mwms_v1,MWMS_07,single_choice,,MWMS_LIKERT_4,profile=gd_006_authored;dimension=external_material;values=4-4-5,gd_006_authored_answer_recipe_v1
GD-006,mwms_v1,MWMS_08,single_choice,,MWMS_LIKERT_4,profile=gd_006_authored;dimension=external_material;values=4-4-5,gd_006_authored_answer_recipe_v1
GD-006,mwms_v1,MWMS_09,single_choice,,MWMS_LIKERT_5,profile=gd_006_authored;dimension=external_material;values=4-4-5,gd_006_authored_answer_recipe_v1
GD-006,mwms_v1,MWMS_10,single_choice,,MWMS_LIKERT_4,profile=gd_006_authored;dimension=introjected;values=4-5-3-4,gd_006_authored_answer_recipe_v1
GD-006,mwms_v1,MWMS_11,single_choice,,MWMS_LIKERT_5,profile=gd_006_authored;dimension=introjected;values=4-5-3-4,gd_006_authored_answer_recipe_v1
GD-006,mwms_v1,MWMS_12,single_choice,,MWMS_LIKERT_3,profile=gd_006_authored;dimension=introjected;values=4-5-3-4,gd_006_authored_answer_recipe_v1
GD-006,mwms_v1,MWMS_13,single_choice,,MWMS_LIKERT_4,profile=gd_006_authored;dimension=introjected;values=4-5-3-4,gd_006_authored_answer_recipe_v1
GD-006,mwms_v1,MWMS_14,single_choice,,MWMS_LIKERT_6,profile=gd_006_authored;dimension=identified;values=6-6-7,gd_006_authored_answer_recipe_v1
GD-006,mwms_v1,MWMS_15,single_choice,,MWMS_LIKERT_6,profile=gd_006_authored;dimension=identified;values=6-6-7,gd_006_authored_answer_recipe_v1
GD-006,mwms_v1,MWMS_16,single_choice,,MWMS_LIKERT_7,profile=gd_006_authored;dimension=identified;values=6-6-7,gd_006_authored_answer_recipe_v1
GD-006,mwms_v1,MWMS_17,single_choice,,MWMS_LIKERT_5,profile=gd_006_authored;dimension=intrinsic;values=5-6-6,gd_006_authored_answer_recipe_v1
GD-006,mwms_v1,MWMS_18,single_choice,,MWMS_LIKERT_6,profile=gd_006_authored;dimension=intrinsic;values=5-6-6,gd_006_authored_answer_recipe_v1
GD-006,mwms_v1,MWMS_19,single_choice,,MWMS_LIKERT_6,profile=gd_006_authored;dimension=intrinsic;values=5-6-6,gd_006_authored_answer_recipe_v1
GD-007,ipip-neo-120-v1,N101,single_choice,,N,profile=gd_007_authored;facet=ANXIETY;target_sum=9;scored_pattern=3-2-2-2,gd_007_authored_answer_recipe_v1
GD-007,ipip-neo-120-v1,N102,single_choice,,D,profile=gd_007_authored;facet=ANXIETY;target_sum=9;scored_pattern=3-2-2-2,gd_007_authored_answer_recipe_v1
GD-007,ipip-neo-120-v1,N103,single_choice,,D,profile=gd_007_authored;facet=ANXIETY;target_sum=9;scored_pattern=3-2-2-2,gd_007_authored_answer_recipe_v1
GD-007,ipip-neo-120-v1,N104,single_choice,,D,profile=gd_007_authored;facet=ANXIETY;target_sum=9;scored_pattern=3-2-2-2,gd_007_authored_answer_recipe_v1
GD-007,ipip-neo-120-v1,N201,single_choice,,D,profile=gd_007_authored;facet=ANGER;target_sum=7;scored_pattern=2-2-2-1,gd_007_authored_answer_recipe_v1
GD-007,ipip-neo-120-v1,N202,single_choice,,D,profile=gd_007_authored;facet=ANGER;target_sum=7;scored_pattern=2-2-2-1,gd_007_authored_answer_recipe_v1
GD-007,ipip-neo-120-v1,N203,single_choice,,D,profile=gd_007_authored;facet=ANGER;target_sum=7;scored_pattern=2-2-2-1,gd_007_authored_answer_recipe_v1
GD-007,ipip-neo-120-v1,N204,single_choice,,SA,profile=gd_007_authored;facet=ANGER;target_sum=7;scored_pattern=2-2-2-1,gd_007_authored_answer_recipe_v1
GD-007,ipip-neo-120-v1,N301,single_choice,,D,profile=gd_007_authored;facet=DEPRESSION;target_sum=8;scored_pattern=2-2-2-2,gd_007_authored_answer_recipe_v1
GD-007,ipip-neo-120-v1,N302,single_choice,,D,profile=gd_007_authored;facet=DEPRESSION;target_sum=8;scored_pattern=2-2-2-2,gd_007_authored_answer_recipe_v1
GD-007,ipip-neo-120-v1,N303,single_choice,,D,profile=gd_007_authored;facet=DEPRESSION;target_sum=8;scored_pattern=2-2-2-2,gd_007_authored_answer_recipe_v1
GD-007,ipip-neo-120-v1,N304,single_choice,,A,profile=gd_007_authored;facet=DEPRESSION;target_sum=8;scored_pattern=2-2-2-2,gd_007_authored_answer_recipe_v1
GD-007,ipip-neo-120-v1,N401,single_choice,,N,profile=gd_007_authored;facet=SELF_CONSCIOUSNESS;target_sum=12;scored_pattern=3-3-3-3,gd_007_authored_answer_recipe_v1
GD-007,ipip-neo-120-v1,N402,single_choice,,N,profile=gd_007_authored;facet=SELF_CONSCIOUSNESS;target_sum=12;scored_pattern=3-3-3-3,gd_007_authored_answer_recipe_v1
GD-007,ipip-neo-120-v1,N403,single_choice,,N,profile=gd_007_authored;facet=SELF_CONSCIOUSNESS;target_sum=12;scored_pattern=3-3-3-3,gd_007_authored_answer_recipe_v1
GD-007,ipip-neo-120-v1,N404,single_choice,,N,profile=gd_007_authored;facet=SELF_CONSCIOUSNESS;target_sum=12;scored_pattern=3-3-3-3,gd_007_authored_answer_recipe_v1
GD-007,ipip-neo-120-v1,N501,single_choice,,D,profile=gd_007_authored;facet=IMMODERATION;target_sum=6;scored_pattern=2-2-1-1,gd_007_authored_answer_recipe_v1
GD-007,ipip-neo-120-v1,N502,single_choice,,A,profile=gd_007_authored;facet=IMMODERATION;target_sum=6;scored_pattern=2-2-1-1,gd_007_authored_answer_recipe_v1
GD-007,ipip-neo-120-v1,N503,single_choice,,SA,profile=gd_007_authored;facet=IMMODERATION;target_sum=6;scored_pattern=2-2-1-1,gd_007_authored_answer_recipe_v1
GD-007,ipip-neo-120-v1,N504,single_choice,,SA,profile=gd_007_authored;facet=IMMODERATION;target_sum=6;scored_pattern=2-2-1-1,gd_007_authored_answer_recipe_v1
GD-007,ipip-neo-120-v1,N601,single_choice,,N,profile=gd_007_authored;facet=VULNERABILITY;target_sum=10;scored_pattern=3-3-2-2,gd_007_authored_answer_recipe_v1
GD-007,ipip-neo-120-v1,N602,single_choice,,N,profile=gd_007_authored;facet=VULNERABILITY;target_sum=10;scored_pattern=3-3-2-2,gd_007_authored_answer_recipe_v1
GD-007,ipip-neo-120-v1,N603,single_choice,,D,profile=gd_007_authored;facet=VULNERABILITY;target_sum=10;scored_pattern=3-3-2-2,gd_007_authored_answer_recipe_v1
GD-007,ipip-neo-120-v1,N604,single_choice,,A,profile=gd_007_authored;facet=VULNERABILITY;target_sum=10;scored_pattern=3-3-2-2,gd_007_authored_answer_recipe_v1
GD-007,ipip-neo-120-v1,E101,single_choice,,N,profile=gd_007_authored;facet=FRIENDLINESS;target_sum=11;scored_pattern=3-3-3-2,gd_007_authored_answer_recipe_v1
GD-007,ipip-neo-120-v1,E102,single_choice,,N,profile=gd_007_authored;facet=FRIENDLINESS;target_sum=11;scored_pattern=3-3-3-2,gd_007_authored_answer_recipe_v1
GD-007,ipip-neo-120-v1,E103,single_choice,,N,profile=gd_007_authored;facet=FRIENDLINESS;target_sum=11;scored_pattern=3-3-3-2,gd_007_authored_answer_recipe_v1
GD-007,ipip-neo-120-v1,E104,single_choice,,A,profile=gd_007_authored;facet=FRIENDLINESS;target_sum=11;scored_pattern=3-3-3-2,gd_007_authored_answer_recipe_v1
GD-007,ipip-neo-120-v1,E201,single_choice,,D,profile=gd_007_authored;facet=GREGARIOUSNESS;target_sum=8;scored_pattern=2-2-2-2,gd_007_authored_answer_recipe_v1
GD-007,ipip-neo-120-v1,E202,single_choice,,D,profile=gd_007_authored;facet=GREGARIOUSNESS;target_sum=8;scored_pattern=2-2-2-2,gd_007_authored_answer_recipe_v1
GD-007,ipip-neo-120-v1,E203,single_choice,,A,profile=gd_007_authored;facet=GREGARIOUSNESS;target_sum=8;scored_pattern=2-2-2-2,gd_007_authored_answer_recipe_v1
GD-007,ipip-neo-120-v1,E204,single_choice,,A,profile=gd_007_authored;facet=GREGARIOUSNESS;target_sum=8;scored_pattern=2-2-2-2,gd_007_authored_answer_recipe_v1
GD-007,ipip-neo-120-v1,E301,single_choice,,N,profile=gd_007_authored;facet=ASSERTIVENESS;target_sum=10;scored_pattern=3-3-2-2,gd_007_authored_answer_recipe_v1
GD-007,ipip-neo-120-v1,E302,single_choice,,N,profile=gd_007_authored;facet=ASSERTIVENESS;target_sum=10;scored_pattern=3-3-2-2,gd_007_authored_answer_recipe_v1
GD-007,ipip-neo-120-v1,E303,single_choice,,D,profile=gd_007_authored;facet=ASSERTIVENESS;target_sum=10;scored_pattern=3-3-2-2,gd_007_authored_answer_recipe_v1
GD-007,ipip-neo-120-v1,E304,single_choice,,A,profile=gd_007_authored;facet=ASSERTIVENESS;target_sum=10;scored_pattern=3-3-2-2,gd_007_authored_answer_recipe_v1
GD-007,ipip-neo-120-v1,E401,single_choice,,N,profile=gd_007_authored;facet=ACTIVITY_LEVEL;target_sum=10;scored_pattern=3-3-2-2,gd_007_authored_answer_recipe_v1
GD-007,ipip-neo-120-v1,E402,single_choice,,N,profile=gd_007_authored;facet=ACTIVITY_LEVEL;target_sum=10;scored_pattern=3-3-2-2,gd_007_authored_answer_recipe_v1
GD-007,ipip-neo-120-v1,E403,single_choice,,D,profile=gd_007_authored;facet=ACTIVITY_LEVEL;target_sum=10;scored_pattern=3-3-2-2,gd_007_authored_answer_recipe_v1
GD-007,ipip-neo-120-v1,E404,single_choice,,A,profile=gd_007_authored;facet=ACTIVITY_LEVEL;target_sum=10;scored_pattern=3-3-2-2,gd_007_authored_answer_recipe_v1
GD-007,ipip-neo-120-v1,E501,single_choice,,D,profile=gd_007_authored;facet=EXCITEMENT_SEEKING;target_sum=7;scored_pattern=2-2-2-1,gd_007_authored_answer_recipe_v1
GD-007,ipip-neo-120-v1,E502,single_choice,,D,profile=gd_007_authored;facet=EXCITEMENT_SEEKING;target_sum=7;scored_pattern=2-2-2-1,gd_007_authored_answer_recipe_v1
GD-007,ipip-neo-120-v1,E503,single_choice,,D,profile=gd_007_authored;facet=EXCITEMENT_SEEKING;target_sum=7;scored_pattern=2-2-2-1,gd_007_authored_answer_recipe_v1
GD-007,ipip-neo-120-v1,E504,single_choice,,SD,profile=gd_007_authored;facet=EXCITEMENT_SEEKING;target_sum=7;scored_pattern=2-2-2-1,gd_007_authored_answer_recipe_v1
GD-007,ipip-neo-120-v1,E601,single_choice,,N,profile=gd_007_authored;facet=CHEERFULNESS;target_sum=10;scored_pattern=3-3-2-2,gd_007_authored_answer_recipe_v1
GD-007,ipip-neo-120-v1,E602,single_choice,,N,profile=gd_007_authored;facet=CHEERFULNESS;target_sum=10;scored_pattern=3-3-2-2,gd_007_authored_answer_recipe_v1
GD-007,ipip-neo-120-v1,E603,single_choice,,D,profile=gd_007_authored;facet=CHEERFULNESS;target_sum=10;scored_pattern=3-3-2-2,gd_007_authored_answer_recipe_v1
GD-007,ipip-neo-120-v1,E604,single_choice,,D,profile=gd_007_authored;facet=CHEERFULNESS;target_sum=10;scored_pattern=3-3-2-2,gd_007_authored_answer_recipe_v1
GD-007,ipip-neo-120-v1,O101,single_choice,,A,profile=gd_007_authored;facet=IMAGINATION;target_sum=13;scored_pattern=4-3-3-3,gd_007_authored_answer_recipe_v1
GD-007,ipip-neo-120-v1,O102,single_choice,,N,profile=gd_007_authored;facet=IMAGINATION;target_sum=13;scored_pattern=4-3-3-3,gd_007_authored_answer_recipe_v1
GD-007,ipip-neo-120-v1,O103,single_choice,,N,profile=gd_007_authored;facet=IMAGINATION;target_sum=13;scored_pattern=4-3-3-3,gd_007_authored_answer_recipe_v1
GD-007,ipip-neo-120-v1,O104,single_choice,,N,profile=gd_007_authored;facet=IMAGINATION;target_sum=13;scored_pattern=4-3-3-3,gd_007_authored_answer_recipe_v1
GD-007,ipip-neo-120-v1,O201,single_choice,,N,profile=gd_007_authored;facet=ARTISTIC_INTERESTS;target_sum=11;scored_pattern=3-3-3-2,gd_007_authored_answer_recipe_v1
GD-007,ipip-neo-120-v1,O202,single_choice,,N,profile=gd_007_authored;facet=ARTISTIC_INTERESTS;target_sum=11;scored_pattern=3-3-3-2,gd_007_authored_answer_recipe_v1
GD-007,ipip-neo-120-v1,O203,single_choice,,N,profile=gd_007_authored;facet=ARTISTIC_INTERESTS;target_sum=11;scored_pattern=3-3-3-2,gd_007_authored_answer_recipe_v1
GD-007,ipip-neo-120-v1,O204,single_choice,,A,profile=gd_007_authored;facet=ARTISTIC_INTERESTS;target_sum=11;scored_pattern=3-3-3-2,gd_007_authored_answer_recipe_v1
GD-007,ipip-neo-120-v1,O301,single_choice,,N,profile=gd_007_authored;facet=EMOTIONALITY;target_sum=10;scored_pattern=3-3-2-2,gd_007_authored_answer_recipe_v1
GD-007,ipip-neo-120-v1,O302,single_choice,,N,profile=gd_007_authored;facet=EMOTIONALITY;target_sum=10;scored_pattern=3-3-2-2,gd_007_authored_answer_recipe_v1
GD-007,ipip-neo-120-v1,O303,single_choice,,A,profile=gd_007_authored;facet=EMOTIONALITY;target_sum=10;scored_pattern=3-3-2-2,gd_007_authored_answer_recipe_v1
GD-007,ipip-neo-120-v1,O304,single_choice,,A,profile=gd_007_authored;facet=EMOTIONALITY;target_sum=10;scored_pattern=3-3-2-2,gd_007_authored_answer_recipe_v1
GD-007,ipip-neo-120-v1,O401,single_choice,,N,profile=gd_007_authored;facet=ADVENTUROUSNESS;target_sum=9;scored_pattern=3-2-2-2,gd_007_authored_answer_recipe_v1
GD-007,ipip-neo-120-v1,O402,single_choice,,A,profile=gd_007_authored;facet=ADVENTUROUSNESS;target_sum=9;scored_pattern=3-2-2-2,gd_007_authored_answer_recipe_v1
GD-007,ipip-neo-120-v1,O403,single_choice,,A,profile=gd_007_authored;facet=ADVENTUROUSNESS;target_sum=9;scored_pattern=3-2-2-2,gd_007_authored_answer_recipe_v1
GD-007,ipip-neo-120-v1,O404,single_choice,,A,profile=gd_007_authored;facet=ADVENTUROUSNESS;target_sum=9;scored_pattern=3-2-2-2,gd_007_authored_answer_recipe_v1
GD-007,ipip-neo-120-v1,O501,single_choice,,A,profile=gd_007_authored;facet=INTELLECT;target_sum=16;scored_pattern=4-4-4-4,gd_007_authored_answer_recipe_v1
GD-007,ipip-neo-120-v1,O502,single_choice,,D,profile=gd_007_authored;facet=INTELLECT;target_sum=16;scored_pattern=4-4-4-4,gd_007_authored_answer_recipe_v1
GD-007,ipip-neo-120-v1,O503,single_choice,,D,profile=gd_007_authored;facet=INTELLECT;target_sum=16;scored_pattern=4-4-4-4,gd_007_authored_answer_recipe_v1
GD-007,ipip-neo-120-v1,O504,single_choice,,D,profile=gd_007_authored;facet=INTELLECT;target_sum=16;scored_pattern=4-4-4-4,gd_007_authored_answer_recipe_v1
GD-007,ipip-neo-120-v1,O601,single_choice,,N,profile=gd_007_authored;facet=LIBERALISM;target_sum=10;scored_pattern=3-3-2-2,gd_007_authored_answer_recipe_v1
GD-007,ipip-neo-120-v1,O602,single_choice,,N,profile=gd_007_authored;facet=LIBERALISM;target_sum=10;scored_pattern=3-3-2-2,gd_007_authored_answer_recipe_v1
GD-007,ipip-neo-120-v1,O603,single_choice,,A,profile=gd_007_authored;facet=LIBERALISM;target_sum=10;scored_pattern=3-3-2-2,gd_007_authored_answer_recipe_v1
GD-007,ipip-neo-120-v1,O604,single_choice,,A,profile=gd_007_authored;facet=LIBERALISM;target_sum=10;scored_pattern=3-3-2-2,gd_007_authored_answer_recipe_v1
GD-007,ipip-neo-120-v1,A101,single_choice,,N,profile=gd_007_authored;facet=TRUST;target_sum=10;scored_pattern=3-3-2-2,gd_007_authored_answer_recipe_v1
GD-007,ipip-neo-120-v1,A102,single_choice,,N,profile=gd_007_authored;facet=TRUST;target_sum=10;scored_pattern=3-3-2-2,gd_007_authored_answer_recipe_v1
GD-007,ipip-neo-120-v1,A103,single_choice,,D,profile=gd_007_authored;facet=TRUST;target_sum=10;scored_pattern=3-3-2-2,gd_007_authored_answer_recipe_v1
GD-007,ipip-neo-120-v1,A104,single_choice,,A,profile=gd_007_authored;facet=TRUST;target_sum=10;scored_pattern=3-3-2-2,gd_007_authored_answer_recipe_v1
GD-007,ipip-neo-120-v1,A201,single_choice,,SD,profile=gd_007_authored;facet=MORALITY;target_sum=17;scored_pattern=5-4-4-4,gd_007_authored_answer_recipe_v1
GD-007,ipip-neo-120-v1,A202,single_choice,,D,profile=gd_007_authored;facet=MORALITY;target_sum=17;scored_pattern=5-4-4-4,gd_007_authored_answer_recipe_v1
GD-007,ipip-neo-120-v1,A203,single_choice,,D,profile=gd_007_authored;facet=MORALITY;target_sum=17;scored_pattern=5-4-4-4,gd_007_authored_answer_recipe_v1
GD-007,ipip-neo-120-v1,A204,single_choice,,D,profile=gd_007_authored;facet=MORALITY;target_sum=17;scored_pattern=5-4-4-4,gd_007_authored_answer_recipe_v1
GD-007,ipip-neo-120-v1,A301,single_choice,,N,profile=gd_007_authored;facet=ALTRUISM;target_sum=11;scored_pattern=3-3-3-2,gd_007_authored_answer_recipe_v1
GD-007,ipip-neo-120-v1,A302,single_choice,,N,profile=gd_007_authored;facet=ALTRUISM;target_sum=11;scored_pattern=3-3-3-2,gd_007_authored_answer_recipe_v1
GD-007,ipip-neo-120-v1,A303,single_choice,,N,profile=gd_007_authored;facet=ALTRUISM;target_sum=11;scored_pattern=3-3-3-2,gd_007_authored_answer_recipe_v1
GD-007,ipip-neo-120-v1,A304,single_choice,,A,profile=gd_007_authored;facet=ALTRUISM;target_sum=11;scored_pattern=3-3-3-2,gd_007_authored_answer_recipe_v1
GD-007,ipip-neo-120-v1,A401,single_choice,,N,profile=gd_007_authored;facet=COOPERATION;target_sum=12;scored_pattern=3-3-3-3,gd_007_authored_answer_recipe_v1
GD-007,ipip-neo-120-v1,A402,single_choice,,N,profile=gd_007_authored;facet=COOPERATION;target_sum=12;scored_pattern=3-3-3-3,gd_007_authored_answer_recipe_v1
GD-007,ipip-neo-120-v1,A403,single_choice,,N,profile=gd_007_authored;facet=COOPERATION;target_sum=12;scored_pattern=3-3-3-3,gd_007_authored_answer_recipe_v1
GD-007,ipip-neo-120-v1,A404,single_choice,,N,profile=gd_007_authored;facet=COOPERATION;target_sum=12;scored_pattern=3-3-3-3,gd_007_authored_answer_recipe_v1
GD-007,ipip-neo-120-v1,A501,single_choice,,D,profile=gd_007_authored;facet=MODESTY;target_sum=14;scored_pattern=4-4-3-3,gd_007_authored_answer_recipe_v1
GD-007,ipip-neo-120-v1,A502,single_choice,,D,profile=gd_007_authored;facet=MODESTY;target_sum=14;scored_pattern=4-4-3-3,gd_007_authored_answer_recipe_v1
GD-007,ipip-neo-120-v1,A503,single_choice,,N,profile=gd_007_authored;facet=MODESTY;target_sum=14;scored_pattern=4-4-3-3,gd_007_authored_answer_recipe_v1
GD-007,ipip-neo-120-v1,A504,single_choice,,N,profile=gd_007_authored;facet=MODESTY;target_sum=14;scored_pattern=4-4-3-3,gd_007_authored_answer_recipe_v1
GD-007,ipip-neo-120-v1,A601,single_choice,,N,profile=gd_007_authored;facet=SYMPATHY;target_sum=11;scored_pattern=3-3-3-2,gd_007_authored_answer_recipe_v1
GD-007,ipip-neo-120-v1,A602,single_choice,,N,profile=gd_007_authored;facet=SYMPATHY;target_sum=11;scored_pattern=3-3-3-2,gd_007_authored_answer_recipe_v1
GD-007,ipip-neo-120-v1,A603,single_choice,,N,profile=gd_007_authored;facet=SYMPATHY;target_sum=11;scored_pattern=3-3-3-2,gd_007_authored_answer_recipe_v1
GD-007,ipip-neo-120-v1,A604,single_choice,,A,profile=gd_007_authored;facet=SYMPATHY;target_sum=11;scored_pattern=3-3-3-2,gd_007_authored_answer_recipe_v1
GD-007,ipip-neo-120-v1,C101,single_choice,,A,profile=gd_007_authored;facet=SELF_EFFICACY;target_sum=16;scored_pattern=4-4-4-4,gd_007_authored_answer_recipe_v1
GD-007,ipip-neo-120-v1,C102,single_choice,,A,profile=gd_007_authored;facet=SELF_EFFICACY;target_sum=16;scored_pattern=4-4-4-4,gd_007_authored_answer_recipe_v1
GD-007,ipip-neo-120-v1,C103,single_choice,,A,profile=gd_007_authored;facet=SELF_EFFICACY;target_sum=16;scored_pattern=4-4-4-4,gd_007_authored_answer_recipe_v1
GD-007,ipip-neo-120-v1,C104,single_choice,,A,profile=gd_007_authored;facet=SELF_EFFICACY;target_sum=16;scored_pattern=4-4-4-4,gd_007_authored_answer_recipe_v1
GD-007,ipip-neo-120-v1,C201,single_choice,,SA,profile=gd_007_authored;facet=ORDERLINESS;target_sum=17;scored_pattern=5-4-4-4,gd_007_authored_answer_recipe_v1
GD-007,ipip-neo-120-v1,C202,single_choice,,D,profile=gd_007_authored;facet=ORDERLINESS;target_sum=17;scored_pattern=5-4-4-4,gd_007_authored_answer_recipe_v1
GD-007,ipip-neo-120-v1,C203,single_choice,,D,profile=gd_007_authored;facet=ORDERLINESS;target_sum=17;scored_pattern=5-4-4-4,gd_007_authored_answer_recipe_v1
GD-007,ipip-neo-120-v1,C204,single_choice,,D,profile=gd_007_authored;facet=ORDERLINESS;target_sum=17;scored_pattern=5-4-4-4,gd_007_authored_answer_recipe_v1
GD-007,ipip-neo-120-v1,C301,single_choice,,SA,profile=gd_007_authored;facet=DUTIFULNESS;target_sum=18;scored_pattern=5-5-4-4,gd_007_authored_answer_recipe_v1
GD-007,ipip-neo-120-v1,C302,single_choice,,SA,profile=gd_007_authored;facet=DUTIFULNESS;target_sum=18;scored_pattern=5-5-4-4,gd_007_authored_answer_recipe_v1
GD-007,ipip-neo-120-v1,C303,single_choice,,D,profile=gd_007_authored;facet=DUTIFULNESS;target_sum=18;scored_pattern=5-5-4-4,gd_007_authored_answer_recipe_v1
GD-007,ipip-neo-120-v1,C304,single_choice,,D,profile=gd_007_authored;facet=DUTIFULNESS;target_sum=18;scored_pattern=5-5-4-4,gd_007_authored_answer_recipe_v1
GD-007,ipip-neo-120-v1,C401,single_choice,,A,profile=gd_007_authored;facet=ACHIEVEMENT_STRIVING;target_sum=14;scored_pattern=4-4-3-3,gd_007_authored_answer_recipe_v1
GD-007,ipip-neo-120-v1,C402,single_choice,,A,profile=gd_007_authored;facet=ACHIEVEMENT_STRIVING;target_sum=14;scored_pattern=4-4-3-3,gd_007_authored_answer_recipe_v1
GD-007,ipip-neo-120-v1,C403,single_choice,,N,profile=gd_007_authored;facet=ACHIEVEMENT_STRIVING;target_sum=14;scored_pattern=4-4-3-3,gd_007_authored_answer_recipe_v1
GD-007,ipip-neo-120-v1,C404,single_choice,,N,profile=gd_007_authored;facet=ACHIEVEMENT_STRIVING;target_sum=14;scored_pattern=4-4-3-3,gd_007_authored_answer_recipe_v1
GD-007,ipip-neo-120-v1,C501,single_choice,,SA,profile=gd_007_authored;facet=SELF_DISCIPLINE;target_sum=18;scored_pattern=5-5-4-4,gd_007_authored_answer_recipe_v1
GD-007,ipip-neo-120-v1,C502,single_choice,,SA,profile=gd_007_authored;facet=SELF_DISCIPLINE;target_sum=18;scored_pattern=5-5-4-4,gd_007_authored_answer_recipe_v1
GD-007,ipip-neo-120-v1,C503,single_choice,,D,profile=gd_007_authored;facet=SELF_DISCIPLINE;target_sum=18;scored_pattern=5-5-4-4,gd_007_authored_answer_recipe_v1
GD-007,ipip-neo-120-v1,C504,single_choice,,D,profile=gd_007_authored;facet=SELF_DISCIPLINE;target_sum=18;scored_pattern=5-5-4-4,gd_007_authored_answer_recipe_v1
GD-007,ipip-neo-120-v1,C601,single_choice,,SD,profile=gd_007_authored;facet=CAUTIOUSNESS;target_sum=19;scored_pattern=5-5-5-4,gd_007_authored_answer_recipe_v1
GD-007,ipip-neo-120-v1,C602,single_choice,,SD,profile=gd_007_authored;facet=CAUTIOUSNESS;target_sum=19;scored_pattern=5-5-5-4,gd_007_authored_answer_recipe_v1
GD-007,ipip-neo-120-v1,C603,single_choice,,SD,profile=gd_007_authored;facet=CAUTIOUSNESS;target_sum=19;scored_pattern=5-5-5-4,gd_007_authored_answer_recipe_v1
GD-007,ipip-neo-120-v1,C604,single_choice,,D,profile=gd_007_authored;facet=CAUTIOUSNESS;target_sum=19;scored_pattern=5-5-5-4,gd_007_authored_answer_recipe_v1
GD-007,safran_v1,VW01,single_choice,,VW01_opt_3,profile=gd_007_authored;subtest=VW;correct_count=7,gd_007_authored_answer_recipe_v1
GD-007,safran_v1,VW02,single_choice,,VW02_opt_4,profile=gd_007_authored;subtest=VW;correct_count=7,gd_007_authored_answer_recipe_v1
GD-007,safran_v1,VW03,single_choice,,VW03_opt_4,profile=gd_007_authored;subtest=VW;correct_count=7,gd_007_authored_answer_recipe_v1
GD-007,safran_v1,VW04,single_choice,,VW04_opt_3,profile=gd_007_authored;subtest=VW;correct_count=7,gd_007_authored_answer_recipe_v1
GD-007,safran_v1,VW05,single_choice,,VW05_opt_2,profile=gd_007_authored;subtest=VW;correct_count=7,gd_007_authored_answer_recipe_v1
GD-007,safran_v1,VW06,single_choice,,VW06_opt_4,profile=gd_007_authored;subtest=VW;correct_count=7,gd_007_authored_answer_recipe_v1
GD-007,safran_v1,VW07,single_choice,,VW07_opt_1,profile=gd_007_authored;subtest=VW;correct_count=7,gd_007_authored_answer_recipe_v1
GD-007,safran_v1,VW08,single_choice,,VW08_opt_1,profile=gd_007_authored;subtest=VW;correct_count=7,gd_007_authored_answer_recipe_v1
GD-007,safran_v1,VW09,single_choice,,VW09_opt_1,profile=gd_007_authored;subtest=VW;correct_count=7,gd_007_authored_answer_recipe_v1
GD-007,safran_v1,VA01,single_choice,,VA01_opt_3,profile=gd_007_authored;subtest=VA;correct_count=6,gd_007_authored_answer_recipe_v1
GD-007,safran_v1,VA02,single_choice,,VA02_opt_5,profile=gd_007_authored;subtest=VA;correct_count=6,gd_007_authored_answer_recipe_v1
GD-007,safran_v1,VA03,single_choice,,VA03_opt_3,profile=gd_007_authored;subtest=VA;correct_count=6,gd_007_authored_answer_recipe_v1
GD-007,safran_v1,VA04,single_choice,,VA04_opt_2,profile=gd_007_authored;subtest=VA;correct_count=6,gd_007_authored_answer_recipe_v1
GD-007,safran_v1,VA05,single_choice,,VA05_opt_1,profile=gd_007_authored;subtest=VA;correct_count=6,gd_007_authored_answer_recipe_v1
GD-007,safran_v1,VA06,single_choice,,VA06_opt_4,profile=gd_007_authored;subtest=VA;correct_count=6,gd_007_authored_answer_recipe_v1
GD-007,safran_v1,VA07,single_choice,,VA07_opt_1,profile=gd_007_authored;subtest=VA;correct_count=6,gd_007_authored_answer_recipe_v1
GD-007,safran_v1,VA08,single_choice,,VA08_opt_1,profile=gd_007_authored;subtest=VA;correct_count=6,gd_007_authored_answer_recipe_v1
GD-007,safran_v1,VA09,single_choice,,VA09_opt_1,profile=gd_007_authored;subtest=VA;correct_count=6,gd_007_authored_answer_recipe_v1
GD-007,safran_v1,FA01,single_choice,,FA01_opt_correct,profile=gd_007_authored;subtest=FA;correct_count=4,gd_007_authored_answer_recipe_v1
GD-007,safran_v1,FA02,single_choice,,FA02_opt_correct,profile=gd_007_authored;subtest=FA;correct_count=4,gd_007_authored_answer_recipe_v1
GD-007,safran_v1,FA03,single_choice,,FA03_opt_correct,profile=gd_007_authored;subtest=FA;correct_count=4,gd_007_authored_answer_recipe_v1
GD-007,safran_v1,FA04,single_choice,,FA04_opt_correct,profile=gd_007_authored;subtest=FA;correct_count=4,gd_007_authored_answer_recipe_v1
GD-007,safran_v1,FA05,single_choice,,FA05_opt_dis1,profile=gd_007_authored;subtest=FA;correct_count=4,gd_007_authored_answer_recipe_v1
GD-007,safran_v1,FA06,single_choice,,FA06_opt_dis1,profile=gd_007_authored;subtest=FA;correct_count=4,gd_007_authored_answer_recipe_v1
GD-007,safran_v1,FA07,single_choice,,FA07_opt_dis1,profile=gd_007_authored;subtest=FA;correct_count=4,gd_007_authored_answer_recipe_v1
GD-007,safran_v1,FA08,single_choice,,FA08_opt_dis1,profile=gd_007_authored;subtest=FA;correct_count=4,gd_007_authored_answer_recipe_v1
GD-007,safran_v1,FA09,single_choice,,FA09_opt_dis1,profile=gd_007_authored;subtest=FA;correct_count=4,gd_007_authored_answer_recipe_v1
GD-007,safran_v1,FM01,single_choice,,FM01_opt_correct,profile=gd_007_authored;subtest=FM;correct_count=5,gd_007_authored_answer_recipe_v1
GD-007,safran_v1,FM02,single_choice,,FM02_opt_correct,profile=gd_007_authored;subtest=FM;correct_count=5,gd_007_authored_answer_recipe_v1
GD-007,safran_v1,FM03,single_choice,,FM03_opt_correct,profile=gd_007_authored;subtest=FM;correct_count=5,gd_007_authored_answer_recipe_v1
GD-007,safran_v1,FM04,single_choice,,FM04_opt_correct,profile=gd_007_authored;subtest=FM;correct_count=5,gd_007_authored_answer_recipe_v1
GD-007,safran_v1,FM05,single_choice,,FM05_opt_correct,profile=gd_007_authored;subtest=FM;correct_count=5,gd_007_authored_answer_recipe_v1
GD-007,safran_v1,FM06,single_choice,,FM06_opt_dis1,profile=gd_007_authored;subtest=FM;correct_count=5,gd_007_authored_answer_recipe_v1
GD-007,safran_v1,FM07,single_choice,,FM07_opt_dis1,profile=gd_007_authored;subtest=FM;correct_count=5,gd_007_authored_answer_recipe_v1
GD-007,safran_v1,FM08,single_choice,,FM08_opt_dis1,profile=gd_007_authored;subtest=FM;correct_count=5,gd_007_authored_answer_recipe_v1
GD-007,safran_v1,FM09,single_choice,,FM09_opt_dis1,profile=gd_007_authored;subtest=FM;correct_count=5,gd_007_authored_answer_recipe_v1
GD-007,safran_v1,NZ01_01,text,22,,profile=gd_007_authored;subtest=NZ;correct_count=6,gd_007_authored_answer_recipe_v1
GD-007,safran_v1,NZ02_01,text,4.5,,profile=gd_007_authored;subtest=NZ;correct_count=6,gd_007_authored_answer_recipe_v1
GD-007,safran_v1,NZ03_01,text,12.5,,profile=gd_007_authored;subtest=NZ;correct_count=6,gd_007_authored_answer_recipe_v1
GD-007,safran_v1,NZ04_01,text,17,,profile=gd_007_authored;subtest=NZ;correct_count=6,gd_007_authored_answer_recipe_v1
GD-007,safran_v1,NZ05_01,text,25,,profile=gd_007_authored;subtest=NZ;correct_count=6,gd_007_authored_answer_recipe_v1
GD-007,safran_v1,NZ06_01,text,9,,profile=gd_007_authored;subtest=NZ;correct_count=6,gd_007_authored_answer_recipe_v1
GD-007,safran_v1,NZ07_01,text,43,,profile=gd_007_authored;subtest=NZ;correct_count=6,gd_007_authored_answer_recipe_v1
GD-007,safran_v1,NZ08_01,text,9.5,,profile=gd_007_authored;subtest=NZ;correct_count=6,gd_007_authored_answer_recipe_v1
GD-007,safran_v1,NZ09_01,text,113,,profile=gd_007_authored;subtest=NZ;correct_count=6,gd_007_authored_answer_recipe_v1
GD-007,mwms_v1,MWMS_01,single_choice,,MWMS_LIKERT_1,profile=gd_007_authored;dimension=amotivation;values=1-2-1,gd_007_authored_answer_recipe_v1
GD-007,mwms_v1,MWMS_02,single_choice,,MWMS_LIKERT_2,profile=gd_007_authored;dimension=amotivation;values=1-2-1,gd_007_authored_answer_recipe_v1
GD-007,mwms_v1,MWMS_03,single_choice,,MWMS_LIKERT_1,profile=gd_007_authored;dimension=amotivation;values=1-2-1,gd_007_authored_answer_recipe_v1
GD-007,mwms_v1,MWMS_04,single_choice,,MWMS_LIKERT_2,profile=gd_007_authored;dimension=external_social;values=2-3-2,gd_007_authored_answer_recipe_v1
GD-007,mwms_v1,MWMS_05,single_choice,,MWMS_LIKERT_3,profile=gd_007_authored;dimension=external_social;values=2-3-2,gd_007_authored_answer_recipe_v1
GD-007,mwms_v1,MWMS_06,single_choice,,MWMS_LIKERT_2,profile=gd_007_authored;dimension=external_social;values=2-3-2,gd_007_authored_answer_recipe_v1
GD-007,mwms_v1,MWMS_07,single_choice,,MWMS_LIKERT_3,profile=gd_007_authored;dimension=external_material;values=3-4-3,gd_007_authored_answer_recipe_v1
GD-007,mwms_v1,MWMS_08,single_choice,,MWMS_LIKERT_4,profile=gd_007_authored;dimension=external_material;values=3-4-3,gd_007_authored_answer_recipe_v1
GD-007,mwms_v1,MWMS_09,single_choice,,MWMS_LIKERT_3,profile=gd_007_authored;dimension=external_material;values=3-4-3,gd_007_authored_answer_recipe_v1
GD-007,mwms_v1,MWMS_10,single_choice,,MWMS_LIKERT_4,profile=gd_007_authored;dimension=introjected;values=4-4-4-3,gd_007_authored_answer_recipe_v1
GD-007,mwms_v1,MWMS_11,single_choice,,MWMS_LIKERT_4,profile=gd_007_authored;dimension=introjected;values=4-4-4-3,gd_007_authored_answer_recipe_v1
GD-007,mwms_v1,MWMS_12,single_choice,,MWMS_LIKERT_4,profile=gd_007_authored;dimension=introjected;values=4-4-4-3,gd_007_authored_answer_recipe_v1
GD-007,mwms_v1,MWMS_13,single_choice,,MWMS_LIKERT_3,profile=gd_007_authored;dimension=introjected;values=4-4-4-3,gd_007_authored_answer_recipe_v1
GD-007,mwms_v1,MWMS_14,single_choice,,MWMS_LIKERT_5,profile=gd_007_authored;dimension=identified;values=5-6-5,gd_007_authored_answer_recipe_v1
GD-007,mwms_v1,MWMS_15,single_choice,,MWMS_LIKERT_6,profile=gd_007_authored;dimension=identified;values=5-6-5,gd_007_authored_answer_recipe_v1
GD-007,mwms_v1,MWMS_16,single_choice,,MWMS_LIKERT_5,profile=gd_007_authored;dimension=identified;values=5-6-5,gd_007_authored_answer_recipe_v1
GD-007,mwms_v1,MWMS_17,single_choice,,MWMS_LIKERT_4,profile=gd_007_authored;dimension=intrinsic;values=4-5-4,gd_007_authored_answer_recipe_v1
GD-007,mwms_v1,MWMS_18,single_choice,,MWMS_LIKERT_5,profile=gd_007_authored;dimension=intrinsic;values=4-5-4,gd_007_authored_answer_recipe_v1
GD-007,mwms_v1,MWMS_19,single_choice,,MWMS_LIKERT_4,profile=gd_007_authored;dimension=intrinsic;values=4-5-4,gd_007_authored_answer_recipe_v1
GD-008,ipip-neo-120-v1,N101,single_choice,,N,profile=gd_008_authored;facet=ANXIETY;target_sum=11;scored_pattern=3-3-3-2,gd_008_authored_answer_recipe_v1
GD-008,ipip-neo-120-v1,N102,single_choice,,N,profile=gd_008_authored;facet=ANXIETY;target_sum=11;scored_pattern=3-3-3-2,gd_008_authored_answer_recipe_v1
GD-008,ipip-neo-120-v1,N103,single_choice,,N,profile=gd_008_authored;facet=ANXIETY;target_sum=11;scored_pattern=3-3-3-2,gd_008_authored_answer_recipe_v1
GD-008,ipip-neo-120-v1,N104,single_choice,,D,profile=gd_008_authored;facet=ANXIETY;target_sum=11;scored_pattern=3-3-3-2,gd_008_authored_answer_recipe_v1
GD-008,ipip-neo-120-v1,N201,single_choice,,N,profile=gd_008_authored;facet=ANGER;target_sum=9;scored_pattern=3-2-2-2,gd_008_authored_answer_recipe_v1
GD-008,ipip-neo-120-v1,N202,single_choice,,D,profile=gd_008_authored;facet=ANGER;target_sum=9;scored_pattern=3-2-2-2,gd_008_authored_answer_recipe_v1
GD-008,ipip-neo-120-v1,N203,single_choice,,D,profile=gd_008_authored;facet=ANGER;target_sum=9;scored_pattern=3-2-2-2,gd_008_authored_answer_recipe_v1
GD-008,ipip-neo-120-v1,N204,single_choice,,A,profile=gd_008_authored;facet=ANGER;target_sum=9;scored_pattern=3-2-2-2,gd_008_authored_answer_recipe_v1
GD-008,ipip-neo-120-v1,N301,single_choice,,D,profile=gd_008_authored;facet=DEPRESSION;target_sum=8;scored_pattern=2-2-2-2,gd_008_authored_answer_recipe_v1
GD-008,ipip-neo-120-v1,N302,single_choice,,D,profile=gd_008_authored;facet=DEPRESSION;target_sum=8;scored_pattern=2-2-2-2,gd_008_authored_answer_recipe_v1
GD-008,ipip-neo-120-v1,N303,single_choice,,D,profile=gd_008_authored;facet=DEPRESSION;target_sum=8;scored_pattern=2-2-2-2,gd_008_authored_answer_recipe_v1
GD-008,ipip-neo-120-v1,N304,single_choice,,A,profile=gd_008_authored;facet=DEPRESSION;target_sum=8;scored_pattern=2-2-2-2,gd_008_authored_answer_recipe_v1
GD-008,ipip-neo-120-v1,N401,single_choice,,N,profile=gd_008_authored;facet=SELF_CONSCIOUSNESS;target_sum=12;scored_pattern=3-3-3-3,gd_008_authored_answer_recipe_v1
GD-008,ipip-neo-120-v1,N402,single_choice,,N,profile=gd_008_authored;facet=SELF_CONSCIOUSNESS;target_sum=12;scored_pattern=3-3-3-3,gd_008_authored_answer_recipe_v1
GD-008,ipip-neo-120-v1,N403,single_choice,,N,profile=gd_008_authored;facet=SELF_CONSCIOUSNESS;target_sum=12;scored_pattern=3-3-3-3,gd_008_authored_answer_recipe_v1
GD-008,ipip-neo-120-v1,N404,single_choice,,N,profile=gd_008_authored;facet=SELF_CONSCIOUSNESS;target_sum=12;scored_pattern=3-3-3-3,gd_008_authored_answer_recipe_v1
GD-008,ipip-neo-120-v1,N501,single_choice,,N,profile=gd_008_authored;facet=IMMODERATION;target_sum=10;scored_pattern=3-3-2-2,gd_008_authored_answer_recipe_v1
GD-008,ipip-neo-120-v1,N502,single_choice,,N,profile=gd_008_authored;facet=IMMODERATION;target_sum=10;scored_pattern=3-3-2-2,gd_008_authored_answer_recipe_v1
GD-008,ipip-neo-120-v1,N503,single_choice,,A,profile=gd_008_authored;facet=IMMODERATION;target_sum=10;scored_pattern=3-3-2-2,gd_008_authored_answer_recipe_v1
GD-008,ipip-neo-120-v1,N504,single_choice,,A,profile=gd_008_authored;facet=IMMODERATION;target_sum=10;scored_pattern=3-3-2-2,gd_008_authored_answer_recipe_v1
GD-008,ipip-neo-120-v1,N601,single_choice,,N,profile=gd_008_authored;facet=VULNERABILITY;target_sum=12;scored_pattern=3-3-3-3,gd_008_authored_answer_recipe_v1
GD-008,ipip-neo-120-v1,N602,single_choice,,N,profile=gd_008_authored;facet=VULNERABILITY;target_sum=12;scored_pattern=3-3-3-3,gd_008_authored_answer_recipe_v1
GD-008,ipip-neo-120-v1,N603,single_choice,,N,profile=gd_008_authored;facet=VULNERABILITY;target_sum=12;scored_pattern=3-3-3-3,gd_008_authored_answer_recipe_v1
GD-008,ipip-neo-120-v1,N604,single_choice,,N,profile=gd_008_authored;facet=VULNERABILITY;target_sum=12;scored_pattern=3-3-3-3,gd_008_authored_answer_recipe_v1
GD-008,ipip-neo-120-v1,E101,single_choice,,SA,profile=gd_008_authored;facet=FRIENDLINESS;target_sum=17;scored_pattern=5-4-4-4,gd_008_authored_answer_recipe_v1
GD-008,ipip-neo-120-v1,E102,single_choice,,A,profile=gd_008_authored;facet=FRIENDLINESS;target_sum=17;scored_pattern=5-4-4-4,gd_008_authored_answer_recipe_v1
GD-008,ipip-neo-120-v1,E103,single_choice,,D,profile=gd_008_authored;facet=FRIENDLINESS;target_sum=17;scored_pattern=5-4-4-4,gd_008_authored_answer_recipe_v1
GD-008,ipip-neo-120-v1,E104,single_choice,,D,profile=gd_008_authored;facet=FRIENDLINESS;target_sum=17;scored_pattern=5-4-4-4,gd_008_authored_answer_recipe_v1
GD-008,ipip-neo-120-v1,E201,single_choice,,A,profile=gd_008_authored;facet=GREGARIOUSNESS;target_sum=15;scored_pattern=4-4-4-3,gd_008_authored_answer_recipe_v1
GD-008,ipip-neo-120-v1,E202,single_choice,,A,profile=gd_008_authored;facet=GREGARIOUSNESS;target_sum=15;scored_pattern=4-4-4-3,gd_008_authored_answer_recipe_v1
GD-008,ipip-neo-120-v1,E203,single_choice,,D,profile=gd_008_authored;facet=GREGARIOUSNESS;target_sum=15;scored_pattern=4-4-4-3,gd_008_authored_answer_recipe_v1
GD-008,ipip-neo-120-v1,E204,single_choice,,N,profile=gd_008_authored;facet=GREGARIOUSNESS;target_sum=15;scored_pattern=4-4-4-3,gd_008_authored_answer_recipe_v1
GD-008,ipip-neo-120-v1,E301,single_choice,,SA,profile=gd_008_authored;facet=ASSERTIVENESS;target_sum=18;scored_pattern=5-5-4-4,gd_008_authored_answer_recipe_v1
GD-008,ipip-neo-120-v1,E302,single_choice,,SA,profile=gd_008_authored;facet=ASSERTIVENESS;target_sum=18;scored_pattern=5-5-4-4,gd_008_authored_answer_recipe_v1
GD-008,ipip-neo-120-v1,E303,single_choice,,A,profile=gd_008_authored;facet=ASSERTIVENESS;target_sum=18;scored_pattern=5-5-4-4,gd_008_authored_answer_recipe_v1
GD-008,ipip-neo-120-v1,E304,single_choice,,D,profile=gd_008_authored;facet=ASSERTIVENESS;target_sum=18;scored_pattern=5-5-4-4,gd_008_authored_answer_recipe_v1
GD-008,ipip-neo-120-v1,E401,single_choice,,A,profile=gd_008_authored;facet=ACTIVITY_LEVEL;target_sum=16;scored_pattern=4-4-4-4,gd_008_authored_answer_recipe_v1
GD-008,ipip-neo-120-v1,E402,single_choice,,A,profile=gd_008_authored;facet=ACTIVITY_LEVEL;target_sum=16;scored_pattern=4-4-4-4,gd_008_authored_answer_recipe_v1
GD-008,ipip-neo-120-v1,E403,single_choice,,A,profile=gd_008_authored;facet=ACTIVITY_LEVEL;target_sum=16;scored_pattern=4-4-4-4,gd_008_authored_answer_recipe_v1
GD-008,ipip-neo-120-v1,E404,single_choice,,D,profile=gd_008_authored;facet=ACTIVITY_LEVEL;target_sum=16;scored_pattern=4-4-4-4,gd_008_authored_answer_recipe_v1
GD-008,ipip-neo-120-v1,E501,single_choice,,A,profile=gd_008_authored;facet=EXCITEMENT_SEEKING;target_sum=13;scored_pattern=4-3-3-3,gd_008_authored_answer_recipe_v1
GD-008,ipip-neo-120-v1,E502,single_choice,,N,profile=gd_008_authored;facet=EXCITEMENT_SEEKING;target_sum=13;scored_pattern=4-3-3-3,gd_008_authored_answer_recipe_v1
GD-008,ipip-neo-120-v1,E503,single_choice,,N,profile=gd_008_authored;facet=EXCITEMENT_SEEKING;target_sum=13;scored_pattern=4-3-3-3,gd_008_authored_answer_recipe_v1
GD-008,ipip-neo-120-v1,E504,single_choice,,N,profile=gd_008_authored;facet=EXCITEMENT_SEEKING;target_sum=13;scored_pattern=4-3-3-3,gd_008_authored_answer_recipe_v1
GD-008,ipip-neo-120-v1,E601,single_choice,,A,profile=gd_008_authored;facet=CHEERFULNESS;target_sum=16;scored_pattern=4-4-4-4,gd_008_authored_answer_recipe_v1
GD-008,ipip-neo-120-v1,E602,single_choice,,A,profile=gd_008_authored;facet=CHEERFULNESS;target_sum=16;scored_pattern=4-4-4-4,gd_008_authored_answer_recipe_v1
GD-008,ipip-neo-120-v1,E603,single_choice,,A,profile=gd_008_authored;facet=CHEERFULNESS;target_sum=16;scored_pattern=4-4-4-4,gd_008_authored_answer_recipe_v1
GD-008,ipip-neo-120-v1,E604,single_choice,,A,profile=gd_008_authored;facet=CHEERFULNESS;target_sum=16;scored_pattern=4-4-4-4,gd_008_authored_answer_recipe_v1
GD-008,ipip-neo-120-v1,O101,single_choice,,A,profile=gd_008_authored;facet=IMAGINATION;target_sum=14;scored_pattern=4-4-3-3,gd_008_authored_answer_recipe_v1
GD-008,ipip-neo-120-v1,O102,single_choice,,A,profile=gd_008_authored;facet=IMAGINATION;target_sum=14;scored_pattern=4-4-3-3,gd_008_authored_answer_recipe_v1
GD-008,ipip-neo-120-v1,O103,single_choice,,N,profile=gd_008_authored;facet=IMAGINATION;target_sum=14;scored_pattern=4-4-3-3,gd_008_authored_answer_recipe_v1
GD-008,ipip-neo-120-v1,O104,single_choice,,N,profile=gd_008_authored;facet=IMAGINATION;target_sum=14;scored_pattern=4-4-3-3,gd_008_authored_answer_recipe_v1
GD-008,ipip-neo-120-v1,O201,single_choice,,N,profile=gd_008_authored;facet=ARTISTIC_INTERESTS;target_sum=12;scored_pattern=3-3-3-3,gd_008_authored_answer_recipe_v1
GD-008,ipip-neo-120-v1,O202,single_choice,,N,profile=gd_008_authored;facet=ARTISTIC_INTERESTS;target_sum=12;scored_pattern=3-3-3-3,gd_008_authored_answer_recipe_v1
GD-008,ipip-neo-120-v1,O203,single_choice,,N,profile=gd_008_authored;facet=ARTISTIC_INTERESTS;target_sum=12;scored_pattern=3-3-3-3,gd_008_authored_answer_recipe_v1
GD-008,ipip-neo-120-v1,O204,single_choice,,N,profile=gd_008_authored;facet=ARTISTIC_INTERESTS;target_sum=12;scored_pattern=3-3-3-3,gd_008_authored_answer_recipe_v1
GD-008,ipip-neo-120-v1,O301,single_choice,,A,profile=gd_008_authored;facet=EMOTIONALITY;target_sum=13;scored_pattern=4-3-3-3,gd_008_authored_answer_recipe_v1
GD-008,ipip-neo-120-v1,O302,single_choice,,N,profile=gd_008_authored;facet=EMOTIONALITY;target_sum=13;scored_pattern=4-3-3-3,gd_008_authored_answer_recipe_v1
GD-008,ipip-neo-120-v1,O303,single_choice,,N,profile=gd_008_authored;facet=EMOTIONALITY;target_sum=13;scored_pattern=4-3-3-3,gd_008_authored_answer_recipe_v1
GD-008,ipip-neo-120-v1,O304,single_choice,,N,profile=gd_008_authored;facet=EMOTIONALITY;target_sum=13;scored_pattern=4-3-3-3,gd_008_authored_answer_recipe_v1
GD-008,ipip-neo-120-v1,O401,single_choice,,A,profile=gd_008_authored;facet=ADVENTUROUSNESS;target_sum=14;scored_pattern=4-4-3-3,gd_008_authored_answer_recipe_v1
GD-008,ipip-neo-120-v1,O402,single_choice,,D,profile=gd_008_authored;facet=ADVENTUROUSNESS;target_sum=14;scored_pattern=4-4-3-3,gd_008_authored_answer_recipe_v1
GD-008,ipip-neo-120-v1,O403,single_choice,,N,profile=gd_008_authored;facet=ADVENTUROUSNESS;target_sum=14;scored_pattern=4-4-3-3,gd_008_authored_answer_recipe_v1
GD-008,ipip-neo-120-v1,O404,single_choice,,N,profile=gd_008_authored;facet=ADVENTUROUSNESS;target_sum=14;scored_pattern=4-4-3-3,gd_008_authored_answer_recipe_v1
GD-008,ipip-neo-120-v1,O501,single_choice,,A,profile=gd_008_authored;facet=INTELLECT;target_sum=16;scored_pattern=4-4-4-4,gd_008_authored_answer_recipe_v1
GD-008,ipip-neo-120-v1,O502,single_choice,,D,profile=gd_008_authored;facet=INTELLECT;target_sum=16;scored_pattern=4-4-4-4,gd_008_authored_answer_recipe_v1
GD-008,ipip-neo-120-v1,O503,single_choice,,D,profile=gd_008_authored;facet=INTELLECT;target_sum=16;scored_pattern=4-4-4-4,gd_008_authored_answer_recipe_v1
GD-008,ipip-neo-120-v1,O504,single_choice,,D,profile=gd_008_authored;facet=INTELLECT;target_sum=16;scored_pattern=4-4-4-4,gd_008_authored_answer_recipe_v1
GD-008,ipip-neo-120-v1,O601,single_choice,,A,profile=gd_008_authored;facet=LIBERALISM;target_sum=13;scored_pattern=4-3-3-3,gd_008_authored_answer_recipe_v1
GD-008,ipip-neo-120-v1,O602,single_choice,,N,profile=gd_008_authored;facet=LIBERALISM;target_sum=13;scored_pattern=4-3-3-3,gd_008_authored_answer_recipe_v1
GD-008,ipip-neo-120-v1,O603,single_choice,,N,profile=gd_008_authored;facet=LIBERALISM;target_sum=13;scored_pattern=4-3-3-3,gd_008_authored_answer_recipe_v1
GD-008,ipip-neo-120-v1,O604,single_choice,,N,profile=gd_008_authored;facet=LIBERALISM;target_sum=13;scored_pattern=4-3-3-3,gd_008_authored_answer_recipe_v1
GD-008,ipip-neo-120-v1,A101,single_choice,,A,profile=gd_008_authored;facet=TRUST;target_sum=14;scored_pattern=4-4-3-3,gd_008_authored_answer_recipe_v1
GD-008,ipip-neo-120-v1,A102,single_choice,,A,profile=gd_008_authored;facet=TRUST;target_sum=14;scored_pattern=4-4-3-3,gd_008_authored_answer_recipe_v1
GD-008,ipip-neo-120-v1,A103,single_choice,,N,profile=gd_008_authored;facet=TRUST;target_sum=14;scored_pattern=4-4-3-3,gd_008_authored_answer_recipe_v1
GD-008,ipip-neo-120-v1,A104,single_choice,,N,profile=gd_008_authored;facet=TRUST;target_sum=14;scored_pattern=4-4-3-3,gd_008_authored_answer_recipe_v1
GD-008,ipip-neo-120-v1,A201,single_choice,,SD,profile=gd_008_authored;facet=MORALITY;target_sum=17;scored_pattern=5-4-4-4,gd_008_authored_answer_recipe_v1
GD-008,ipip-neo-120-v1,A202,single_choice,,D,profile=gd_008_authored;facet=MORALITY;target_sum=17;scored_pattern=5-4-4-4,gd_008_authored_answer_recipe_v1
GD-008,ipip-neo-120-v1,A203,single_choice,,D,profile=gd_008_authored;facet=MORALITY;target_sum=17;scored_pattern=5-4-4-4,gd_008_authored_answer_recipe_v1
GD-008,ipip-neo-120-v1,A204,single_choice,,D,profile=gd_008_authored;facet=MORALITY;target_sum=17;scored_pattern=5-4-4-4,gd_008_authored_answer_recipe_v1
GD-008,ipip-neo-120-v1,A301,single_choice,,A,profile=gd_008_authored;facet=ALTRUISM;target_sum=15;scored_pattern=4-4-4-3,gd_008_authored_answer_recipe_v1
GD-008,ipip-neo-120-v1,A302,single_choice,,A,profile=gd_008_authored;facet=ALTRUISM;target_sum=15;scored_pattern=4-4-4-3,gd_008_authored_answer_recipe_v1
GD-008,ipip-neo-120-v1,A303,single_choice,,D,profile=gd_008_authored;facet=ALTRUISM;target_sum=15;scored_pattern=4-4-4-3,gd_008_authored_answer_recipe_v1
GD-008,ipip-neo-120-v1,A304,single_choice,,N,profile=gd_008_authored;facet=ALTRUISM;target_sum=15;scored_pattern=4-4-4-3,gd_008_authored_answer_recipe_v1
GD-008,ipip-neo-120-v1,A401,single_choice,,D,profile=gd_008_authored;facet=COOPERATION;target_sum=16;scored_pattern=4-4-4-4,gd_008_authored_answer_recipe_v1
GD-008,ipip-neo-120-v1,A402,single_choice,,D,profile=gd_008_authored;facet=COOPERATION;target_sum=16;scored_pattern=4-4-4-4,gd_008_authored_answer_recipe_v1
GD-008,ipip-neo-120-v1,A403,single_choice,,D,profile=gd_008_authored;facet=COOPERATION;target_sum=16;scored_pattern=4-4-4-4,gd_008_authored_answer_recipe_v1
GD-008,ipip-neo-120-v1,A404,single_choice,,D,profile=gd_008_authored;facet=COOPERATION;target_sum=16;scored_pattern=4-4-4-4,gd_008_authored_answer_recipe_v1
GD-008,ipip-neo-120-v1,A501,single_choice,,N,profile=gd_008_authored;facet=MODESTY;target_sum=10;scored_pattern=3-3-2-2,gd_008_authored_answer_recipe_v1
GD-008,ipip-neo-120-v1,A502,single_choice,,N,profile=gd_008_authored;facet=MODESTY;target_sum=10;scored_pattern=3-3-2-2,gd_008_authored_answer_recipe_v1
GD-008,ipip-neo-120-v1,A503,single_choice,,A,profile=gd_008_authored;facet=MODESTY;target_sum=10;scored_pattern=3-3-2-2,gd_008_authored_answer_recipe_v1
GD-008,ipip-neo-120-v1,A504,single_choice,,A,profile=gd_008_authored;facet=MODESTY;target_sum=10;scored_pattern=3-3-2-2,gd_008_authored_answer_recipe_v1
GD-008,ipip-neo-120-v1,A601,single_choice,,A,profile=gd_008_authored;facet=SYMPATHY;target_sum=14;scored_pattern=4-4-3-3,gd_008_authored_answer_recipe_v1
GD-008,ipip-neo-120-v1,A602,single_choice,,A,profile=gd_008_authored;facet=SYMPATHY;target_sum=14;scored_pattern=4-4-3-3,gd_008_authored_answer_recipe_v1
GD-008,ipip-neo-120-v1,A603,single_choice,,N,profile=gd_008_authored;facet=SYMPATHY;target_sum=14;scored_pattern=4-4-3-3,gd_008_authored_answer_recipe_v1
GD-008,ipip-neo-120-v1,A604,single_choice,,N,profile=gd_008_authored;facet=SYMPATHY;target_sum=14;scored_pattern=4-4-3-3,gd_008_authored_answer_recipe_v1
GD-008,ipip-neo-120-v1,C101,single_choice,,SA,profile=gd_008_authored;facet=SELF_EFFICACY;target_sum=18;scored_pattern=5-5-4-4,gd_008_authored_answer_recipe_v1
GD-008,ipip-neo-120-v1,C102,single_choice,,SA,profile=gd_008_authored;facet=SELF_EFFICACY;target_sum=18;scored_pattern=5-5-4-4,gd_008_authored_answer_recipe_v1
GD-008,ipip-neo-120-v1,C103,single_choice,,A,profile=gd_008_authored;facet=SELF_EFFICACY;target_sum=18;scored_pattern=5-5-4-4,gd_008_authored_answer_recipe_v1
GD-008,ipip-neo-120-v1,C104,single_choice,,A,profile=gd_008_authored;facet=SELF_EFFICACY;target_sum=18;scored_pattern=5-5-4-4,gd_008_authored_answer_recipe_v1
GD-008,ipip-neo-120-v1,C201,single_choice,,SA,profile=gd_008_authored;facet=ORDERLINESS;target_sum=18;scored_pattern=5-5-4-4,gd_008_authored_answer_recipe_v1
GD-008,ipip-neo-120-v1,C202,single_choice,,SD,profile=gd_008_authored;facet=ORDERLINESS;target_sum=18;scored_pattern=5-5-4-4,gd_008_authored_answer_recipe_v1
GD-008,ipip-neo-120-v1,C203,single_choice,,D,profile=gd_008_authored;facet=ORDERLINESS;target_sum=18;scored_pattern=5-5-4-4,gd_008_authored_answer_recipe_v1
GD-008,ipip-neo-120-v1,C204,single_choice,,D,profile=gd_008_authored;facet=ORDERLINESS;target_sum=18;scored_pattern=5-5-4-4,gd_008_authored_answer_recipe_v1
GD-008,ipip-neo-120-v1,C301,single_choice,,SA,profile=gd_008_authored;facet=DUTIFULNESS;target_sum=18;scored_pattern=5-5-4-4,gd_008_authored_answer_recipe_v1
GD-008,ipip-neo-120-v1,C302,single_choice,,SA,profile=gd_008_authored;facet=DUTIFULNESS;target_sum=18;scored_pattern=5-5-4-4,gd_008_authored_answer_recipe_v1
GD-008,ipip-neo-120-v1,C303,single_choice,,D,profile=gd_008_authored;facet=DUTIFULNESS;target_sum=18;scored_pattern=5-5-4-4,gd_008_authored_answer_recipe_v1
GD-008,ipip-neo-120-v1,C304,single_choice,,D,profile=gd_008_authored;facet=DUTIFULNESS;target_sum=18;scored_pattern=5-5-4-4,gd_008_authored_answer_recipe_v1
GD-008,ipip-neo-120-v1,C401,single_choice,,SA,profile=gd_008_authored;facet=ACHIEVEMENT_STRIVING;target_sum=18;scored_pattern=5-5-4-4,gd_008_authored_answer_recipe_v1
GD-008,ipip-neo-120-v1,C402,single_choice,,SA,profile=gd_008_authored;facet=ACHIEVEMENT_STRIVING;target_sum=18;scored_pattern=5-5-4-4,gd_008_authored_answer_recipe_v1
GD-008,ipip-neo-120-v1,C403,single_choice,,D,profile=gd_008_authored;facet=ACHIEVEMENT_STRIVING;target_sum=18;scored_pattern=5-5-4-4,gd_008_authored_answer_recipe_v1
GD-008,ipip-neo-120-v1,C404,single_choice,,D,profile=gd_008_authored;facet=ACHIEVEMENT_STRIVING;target_sum=18;scored_pattern=5-5-4-4,gd_008_authored_answer_recipe_v1
GD-008,ipip-neo-120-v1,C501,single_choice,,SA,profile=gd_008_authored;facet=SELF_DISCIPLINE;target_sum=17;scored_pattern=5-4-4-4,gd_008_authored_answer_recipe_v1
GD-008,ipip-neo-120-v1,C502,single_choice,,A,profile=gd_008_authored;facet=SELF_DISCIPLINE;target_sum=17;scored_pattern=5-4-4-4,gd_008_authored_answer_recipe_v1
GD-008,ipip-neo-120-v1,C503,single_choice,,D,profile=gd_008_authored;facet=SELF_DISCIPLINE;target_sum=17;scored_pattern=5-4-4-4,gd_008_authored_answer_recipe_v1
GD-008,ipip-neo-120-v1,C504,single_choice,,D,profile=gd_008_authored;facet=SELF_DISCIPLINE;target_sum=17;scored_pattern=5-4-4-4,gd_008_authored_answer_recipe_v1
GD-008,ipip-neo-120-v1,C601,single_choice,,D,profile=gd_008_authored;facet=CAUTIOUSNESS;target_sum=16;scored_pattern=4-4-4-4,gd_008_authored_answer_recipe_v1
GD-008,ipip-neo-120-v1,C602,single_choice,,D,profile=gd_008_authored;facet=CAUTIOUSNESS;target_sum=16;scored_pattern=4-4-4-4,gd_008_authored_answer_recipe_v1
GD-008,ipip-neo-120-v1,C603,single_choice,,D,profile=gd_008_authored;facet=CAUTIOUSNESS;target_sum=16;scored_pattern=4-4-4-4,gd_008_authored_answer_recipe_v1
GD-008,ipip-neo-120-v1,C604,single_choice,,D,profile=gd_008_authored;facet=CAUTIOUSNESS;target_sum=16;scored_pattern=4-4-4-4,gd_008_authored_answer_recipe_v1
GD-008,safran_v1,VW01,single_choice,,VW01_opt_3,profile=gd_008_authored;subtest=VW;correct_count=7,gd_008_authored_answer_recipe_v1
GD-008,safran_v1,VW02,single_choice,,VW02_opt_4,profile=gd_008_authored;subtest=VW;correct_count=7,gd_008_authored_answer_recipe_v1
GD-008,safran_v1,VW03,single_choice,,VW03_opt_4,profile=gd_008_authored;subtest=VW;correct_count=7,gd_008_authored_answer_recipe_v1
GD-008,safran_v1,VW04,single_choice,,VW04_opt_3,profile=gd_008_authored;subtest=VW;correct_count=7,gd_008_authored_answer_recipe_v1
GD-008,safran_v1,VW05,single_choice,,VW05_opt_2,profile=gd_008_authored;subtest=VW;correct_count=7,gd_008_authored_answer_recipe_v1
GD-008,safran_v1,VW06,single_choice,,VW06_opt_4,profile=gd_008_authored;subtest=VW;correct_count=7,gd_008_authored_answer_recipe_v1
GD-008,safran_v1,VW07,single_choice,,VW07_opt_1,profile=gd_008_authored;subtest=VW;correct_count=7,gd_008_authored_answer_recipe_v1
GD-008,safran_v1,VW08,single_choice,,VW08_opt_1,profile=gd_008_authored;subtest=VW;correct_count=7,gd_008_authored_answer_recipe_v1
GD-008,safran_v1,VW09,single_choice,,VW09_opt_1,profile=gd_008_authored;subtest=VW;correct_count=7,gd_008_authored_answer_recipe_v1
GD-008,safran_v1,VA01,single_choice,,VA01_opt_3,profile=gd_008_authored;subtest=VA;correct_count=8,gd_008_authored_answer_recipe_v1
GD-008,safran_v1,VA02,single_choice,,VA02_opt_5,profile=gd_008_authored;subtest=VA;correct_count=8,gd_008_authored_answer_recipe_v1
GD-008,safran_v1,VA03,single_choice,,VA03_opt_3,profile=gd_008_authored;subtest=VA;correct_count=8,gd_008_authored_answer_recipe_v1
GD-008,safran_v1,VA04,single_choice,,VA04_opt_2,profile=gd_008_authored;subtest=VA;correct_count=8,gd_008_authored_answer_recipe_v1
GD-008,safran_v1,VA05,single_choice,,VA05_opt_1,profile=gd_008_authored;subtest=VA;correct_count=8,gd_008_authored_answer_recipe_v1
GD-008,safran_v1,VA06,single_choice,,VA06_opt_4,profile=gd_008_authored;subtest=VA;correct_count=8,gd_008_authored_answer_recipe_v1
GD-008,safran_v1,VA07,single_choice,,VA07_opt_4,profile=gd_008_authored;subtest=VA;correct_count=8,gd_008_authored_answer_recipe_v1
GD-008,safran_v1,VA08,single_choice,,VA08_opt_3,profile=gd_008_authored;subtest=VA;correct_count=8,gd_008_authored_answer_recipe_v1
GD-008,safran_v1,VA09,single_choice,,VA09_opt_1,profile=gd_008_authored;subtest=VA;correct_count=8,gd_008_authored_answer_recipe_v1
GD-008,safran_v1,FA01,single_choice,,FA01_opt_correct,profile=gd_008_authored;subtest=FA;correct_count=6,gd_008_authored_answer_recipe_v1
GD-008,safran_v1,FA02,single_choice,,FA02_opt_correct,profile=gd_008_authored;subtest=FA;correct_count=6,gd_008_authored_answer_recipe_v1
GD-008,safran_v1,FA03,single_choice,,FA03_opt_correct,profile=gd_008_authored;subtest=FA;correct_count=6,gd_008_authored_answer_recipe_v1
GD-008,safran_v1,FA04,single_choice,,FA04_opt_correct,profile=gd_008_authored;subtest=FA;correct_count=6,gd_008_authored_answer_recipe_v1
GD-008,safran_v1,FA05,single_choice,,FA05_opt_correct,profile=gd_008_authored;subtest=FA;correct_count=6,gd_008_authored_answer_recipe_v1
GD-008,safran_v1,FA06,single_choice,,FA06_opt_correct,profile=gd_008_authored;subtest=FA;correct_count=6,gd_008_authored_answer_recipe_v1
GD-008,safran_v1,FA07,single_choice,,FA07_opt_dis1,profile=gd_008_authored;subtest=FA;correct_count=6,gd_008_authored_answer_recipe_v1
GD-008,safran_v1,FA08,single_choice,,FA08_opt_dis1,profile=gd_008_authored;subtest=FA;correct_count=6,gd_008_authored_answer_recipe_v1
GD-008,safran_v1,FA09,single_choice,,FA09_opt_dis1,profile=gd_008_authored;subtest=FA;correct_count=6,gd_008_authored_answer_recipe_v1
GD-008,safran_v1,FM01,single_choice,,FM01_opt_correct,profile=gd_008_authored;subtest=FM;correct_count=5,gd_008_authored_answer_recipe_v1
GD-008,safran_v1,FM02,single_choice,,FM02_opt_correct,profile=gd_008_authored;subtest=FM;correct_count=5,gd_008_authored_answer_recipe_v1
GD-008,safran_v1,FM03,single_choice,,FM03_opt_correct,profile=gd_008_authored;subtest=FM;correct_count=5,gd_008_authored_answer_recipe_v1
GD-008,safran_v1,FM04,single_choice,,FM04_opt_correct,profile=gd_008_authored;subtest=FM;correct_count=5,gd_008_authored_answer_recipe_v1
GD-008,safran_v1,FM05,single_choice,,FM05_opt_correct,profile=gd_008_authored;subtest=FM;correct_count=5,gd_008_authored_answer_recipe_v1
GD-008,safran_v1,FM06,single_choice,,FM06_opt_dis1,profile=gd_008_authored;subtest=FM;correct_count=5,gd_008_authored_answer_recipe_v1
GD-008,safran_v1,FM07,single_choice,,FM07_opt_dis1,profile=gd_008_authored;subtest=FM;correct_count=5,gd_008_authored_answer_recipe_v1
GD-008,safran_v1,FM08,single_choice,,FM08_opt_dis1,profile=gd_008_authored;subtest=FM;correct_count=5,gd_008_authored_answer_recipe_v1
GD-008,safran_v1,FM09,single_choice,,FM09_opt_dis1,profile=gd_008_authored;subtest=FM;correct_count=5,gd_008_authored_answer_recipe_v1
GD-008,safran_v1,NZ01_01,text,22,,profile=gd_008_authored;subtest=NZ;correct_count=7,gd_008_authored_answer_recipe_v1
GD-008,safran_v1,NZ02_01,text,4.5,,profile=gd_008_authored;subtest=NZ;correct_count=7,gd_008_authored_answer_recipe_v1
GD-008,safran_v1,NZ03_01,text,12.5,,profile=gd_008_authored;subtest=NZ;correct_count=7,gd_008_authored_answer_recipe_v1
GD-008,safran_v1,NZ04_01,text,17,,profile=gd_008_authored;subtest=NZ;correct_count=7,gd_008_authored_answer_recipe_v1
GD-008,safran_v1,NZ05_01,text,25,,profile=gd_008_authored;subtest=NZ;correct_count=7,gd_008_authored_answer_recipe_v1
GD-008,safran_v1,NZ06_01,text,9,,profile=gd_008_authored;subtest=NZ;correct_count=7,gd_008_authored_answer_recipe_v1
GD-008,safran_v1,NZ07_01,text,42,,profile=gd_008_authored;subtest=NZ;correct_count=7,gd_008_authored_answer_recipe_v1
GD-008,safran_v1,NZ08_01,text,9.5,,profile=gd_008_authored;subtest=NZ;correct_count=7,gd_008_authored_answer_recipe_v1
GD-008,safran_v1,NZ09_01,text,113,,profile=gd_008_authored;subtest=NZ;correct_count=7,gd_008_authored_answer_recipe_v1
GD-008,mwms_v1,MWMS_01,single_choice,,MWMS_LIKERT_1,profile=gd_008_authored;dimension=amotivation;values=1-1-1,gd_008_authored_answer_recipe_v1
GD-008,mwms_v1,MWMS_02,single_choice,,MWMS_LIKERT_1,profile=gd_008_authored;dimension=amotivation;values=1-1-1,gd_008_authored_answer_recipe_v1
GD-008,mwms_v1,MWMS_03,single_choice,,MWMS_LIKERT_1,profile=gd_008_authored;dimension=amotivation;values=1-1-1,gd_008_authored_answer_recipe_v1
GD-008,mwms_v1,MWMS_04,single_choice,,MWMS_LIKERT_3,profile=gd_008_authored;dimension=external_social;values=3-4-3,gd_008_authored_answer_recipe_v1
GD-008,mwms_v1,MWMS_05,single_choice,,MWMS_LIKERT_4,profile=gd_008_authored;dimension=external_social;values=3-4-3,gd_008_authored_answer_recipe_v1
GD-008,mwms_v1,MWMS_06,single_choice,,MWMS_LIKERT_3,profile=gd_008_authored;dimension=external_social;values=3-4-3,gd_008_authored_answer_recipe_v1
GD-008,mwms_v1,MWMS_07,single_choice,,MWMS_LIKERT_4,profile=gd_008_authored;dimension=external_material;values=4-5-4,gd_008_authored_answer_recipe_v1
GD-008,mwms_v1,MWMS_08,single_choice,,MWMS_LIKERT_5,profile=gd_008_authored;dimension=external_material;values=4-5-4,gd_008_authored_answer_recipe_v1
GD-008,mwms_v1,MWMS_09,single_choice,,MWMS_LIKERT_4,profile=gd_008_authored;dimension=external_material;values=4-5-4,gd_008_authored_answer_recipe_v1
GD-008,mwms_v1,MWMS_10,single_choice,,MWMS_LIKERT_5,profile=gd_008_authored;dimension=introjected;values=5-5-4-5,gd_008_authored_answer_recipe_v1
GD-008,mwms_v1,MWMS_11,single_choice,,MWMS_LIKERT_5,profile=gd_008_authored;dimension=introjected;values=5-5-4-5,gd_008_authored_answer_recipe_v1
GD-008,mwms_v1,MWMS_12,single_choice,,MWMS_LIKERT_4,profile=gd_008_authored;dimension=introjected;values=5-5-4-5,gd_008_authored_answer_recipe_v1
GD-008,mwms_v1,MWMS_13,single_choice,,MWMS_LIKERT_5,profile=gd_008_authored;dimension=introjected;values=5-5-4-5,gd_008_authored_answer_recipe_v1
GD-008,mwms_v1,MWMS_14,single_choice,,MWMS_LIKERT_6,profile=gd_008_authored;dimension=identified;values=6-7-6,gd_008_authored_answer_recipe_v1
GD-008,mwms_v1,MWMS_15,single_choice,,MWMS_LIKERT_7,profile=gd_008_authored;dimension=identified;values=6-7-6,gd_008_authored_answer_recipe_v1
GD-008,mwms_v1,MWMS_16,single_choice,,MWMS_LIKERT_6,profile=gd_008_authored;dimension=identified;values=6-7-6,gd_008_authored_answer_recipe_v1
GD-008,mwms_v1,MWMS_17,single_choice,,MWMS_LIKERT_5,profile=gd_008_authored;dimension=intrinsic;values=5-6-7,gd_008_authored_answer_recipe_v1
GD-008,mwms_v1,MWMS_18,single_choice,,MWMS_LIKERT_6,profile=gd_008_authored;dimension=intrinsic;values=5-6-7,gd_008_authored_answer_recipe_v1
GD-008,mwms_v1,MWMS_19,single_choice,,MWMS_LIKERT_7,profile=gd_008_authored;dimension=intrinsic;values=5-6-7,gd_008_authored_answer_recipe_v1
GD-009,ipip-neo-120-v1,N101,single_choice,,N,profile=gd_009_authored;facet=ANXIETY;target_sum=9;scored_pattern=3-2-2-2,gd_009_authored_answer_recipe_v1
GD-009,ipip-neo-120-v1,N102,single_choice,,D,profile=gd_009_authored;facet=ANXIETY;target_sum=9;scored_pattern=3-2-2-2,gd_009_authored_answer_recipe_v1
GD-009,ipip-neo-120-v1,N103,single_choice,,D,profile=gd_009_authored;facet=ANXIETY;target_sum=9;scored_pattern=3-2-2-2,gd_009_authored_answer_recipe_v1
GD-009,ipip-neo-120-v1,N104,single_choice,,D,profile=gd_009_authored;facet=ANXIETY;target_sum=9;scored_pattern=3-2-2-2,gd_009_authored_answer_recipe_v1
GD-009,ipip-neo-120-v1,N201,single_choice,,D,profile=gd_009_authored;facet=ANGER;target_sum=7;scored_pattern=2-2-2-1,gd_009_authored_answer_recipe_v1
GD-009,ipip-neo-120-v1,N202,single_choice,,D,profile=gd_009_authored;facet=ANGER;target_sum=7;scored_pattern=2-2-2-1,gd_009_authored_answer_recipe_v1
GD-009,ipip-neo-120-v1,N203,single_choice,,D,profile=gd_009_authored;facet=ANGER;target_sum=7;scored_pattern=2-2-2-1,gd_009_authored_answer_recipe_v1
GD-009,ipip-neo-120-v1,N204,single_choice,,SA,profile=gd_009_authored;facet=ANGER;target_sum=7;scored_pattern=2-2-2-1,gd_009_authored_answer_recipe_v1
GD-009,ipip-neo-120-v1,N301,single_choice,,D,profile=gd_009_authored;facet=DEPRESSION;target_sum=8;scored_pattern=2-2-2-2,gd_009_authored_answer_recipe_v1
GD-009,ipip-neo-120-v1,N302,single_choice,,D,profile=gd_009_authored;facet=DEPRESSION;target_sum=8;scored_pattern=2-2-2-2,gd_009_authored_answer_recipe_v1
GD-009,ipip-neo-120-v1,N303,single_choice,,D,profile=gd_009_authored;facet=DEPRESSION;target_sum=8;scored_pattern=2-2-2-2,gd_009_authored_answer_recipe_v1
GD-009,ipip-neo-120-v1,N304,single_choice,,A,profile=gd_009_authored;facet=DEPRESSION;target_sum=8;scored_pattern=2-2-2-2,gd_009_authored_answer_recipe_v1
GD-009,ipip-neo-120-v1,N401,single_choice,,N,profile=gd_009_authored;facet=SELF_CONSCIOUSNESS;target_sum=10;scored_pattern=3-3-2-2,gd_009_authored_answer_recipe_v1
GD-009,ipip-neo-120-v1,N402,single_choice,,N,profile=gd_009_authored;facet=SELF_CONSCIOUSNESS;target_sum=10;scored_pattern=3-3-2-2,gd_009_authored_answer_recipe_v1
GD-009,ipip-neo-120-v1,N403,single_choice,,D,profile=gd_009_authored;facet=SELF_CONSCIOUSNESS;target_sum=10;scored_pattern=3-3-2-2,gd_009_authored_answer_recipe_v1
GD-009,ipip-neo-120-v1,N404,single_choice,,A,profile=gd_009_authored;facet=SELF_CONSCIOUSNESS;target_sum=10;scored_pattern=3-3-2-2,gd_009_authored_answer_recipe_v1
GD-009,ipip-neo-120-v1,N501,single_choice,,D,profile=gd_009_authored;facet=IMMODERATION;target_sum=7;scored_pattern=2-2-2-1,gd_009_authored_answer_recipe_v1
GD-009,ipip-neo-120-v1,N502,single_choice,,A,profile=gd_009_authored;facet=IMMODERATION;target_sum=7;scored_pattern=2-2-2-1,gd_009_authored_answer_recipe_v1
GD-009,ipip-neo-120-v1,N503,single_choice,,A,profile=gd_009_authored;facet=IMMODERATION;target_sum=7;scored_pattern=2-2-2-1,gd_009_authored_answer_recipe_v1
GD-009,ipip-neo-120-v1,N504,single_choice,,SA,profile=gd_009_authored;facet=IMMODERATION;target_sum=7;scored_pattern=2-2-2-1,gd_009_authored_answer_recipe_v1
GD-009,ipip-neo-120-v1,N601,single_choice,,N,profile=gd_009_authored;facet=VULNERABILITY;target_sum=10;scored_pattern=3-3-2-2,gd_009_authored_answer_recipe_v1
GD-009,ipip-neo-120-v1,N602,single_choice,,N,profile=gd_009_authored;facet=VULNERABILITY;target_sum=10;scored_pattern=3-3-2-2,gd_009_authored_answer_recipe_v1
GD-009,ipip-neo-120-v1,N603,single_choice,,D,profile=gd_009_authored;facet=VULNERABILITY;target_sum=10;scored_pattern=3-3-2-2,gd_009_authored_answer_recipe_v1
GD-009,ipip-neo-120-v1,N604,single_choice,,A,profile=gd_009_authored;facet=VULNERABILITY;target_sum=10;scored_pattern=3-3-2-2,gd_009_authored_answer_recipe_v1
GD-009,ipip-neo-120-v1,E101,single_choice,,N,profile=gd_009_authored;facet=FRIENDLINESS;target_sum=10;scored_pattern=3-3-2-2,gd_009_authored_answer_recipe_v1
GD-009,ipip-neo-120-v1,E102,single_choice,,N,profile=gd_009_authored;facet=FRIENDLINESS;target_sum=10;scored_pattern=3-3-2-2,gd_009_authored_answer_recipe_v1
GD-009,ipip-neo-120-v1,E103,single_choice,,A,profile=gd_009_authored;facet=FRIENDLINESS;target_sum=10;scored_pattern=3-3-2-2,gd_009_authored_answer_recipe_v1
GD-009,ipip-neo-120-v1,E104,single_choice,,A,profile=gd_009_authored;facet=FRIENDLINESS;target_sum=10;scored_pattern=3-3-2-2,gd_009_authored_answer_recipe_v1
GD-009,ipip-neo-120-v1,E201,single_choice,,D,profile=gd_009_authored;facet=GREGARIOUSNESS;target_sum=8;scored_pattern=2-2-2-2,gd_009_authored_answer_recipe_v1
GD-009,ipip-neo-120-v1,E202,single_choice,,D,profile=gd_009_authored;facet=GREGARIOUSNESS;target_sum=8;scored_pattern=2-2-2-2,gd_009_authored_answer_recipe_v1
GD-009,ipip-neo-120-v1,E203,single_choice,,A,profile=gd_009_authored;facet=GREGARIOUSNESS;target_sum=8;scored_pattern=2-2-2-2,gd_009_authored_answer_recipe_v1
GD-009,ipip-neo-120-v1,E204,single_choice,,A,profile=gd_009_authored;facet=GREGARIOUSNESS;target_sum=8;scored_pattern=2-2-2-2,gd_009_authored_answer_recipe_v1
GD-009,ipip-neo-120-v1,E301,single_choice,,N,profile=gd_009_authored;facet=ASSERTIVENESS;target_sum=9;scored_pattern=3-2-2-2,gd_009_authored_answer_recipe_v1
GD-009,ipip-neo-120-v1,E302,single_choice,,D,profile=gd_009_authored;facet=ASSERTIVENESS;target_sum=9;scored_pattern=3-2-2-2,gd_009_authored_answer_recipe_v1
GD-009,ipip-neo-120-v1,E303,single_choice,,D,profile=gd_009_authored;facet=ASSERTIVENESS;target_sum=9;scored_pattern=3-2-2-2,gd_009_authored_answer_recipe_v1
GD-009,ipip-neo-120-v1,E304,single_choice,,A,profile=gd_009_authored;facet=ASSERTIVENESS;target_sum=9;scored_pattern=3-2-2-2,gd_009_authored_answer_recipe_v1
GD-009,ipip-neo-120-v1,E401,single_choice,,N,profile=gd_009_authored;facet=ACTIVITY_LEVEL;target_sum=9;scored_pattern=3-2-2-2,gd_009_authored_answer_recipe_v1
GD-009,ipip-neo-120-v1,E402,single_choice,,D,profile=gd_009_authored;facet=ACTIVITY_LEVEL;target_sum=9;scored_pattern=3-2-2-2,gd_009_authored_answer_recipe_v1
GD-009,ipip-neo-120-v1,E403,single_choice,,D,profile=gd_009_authored;facet=ACTIVITY_LEVEL;target_sum=9;scored_pattern=3-2-2-2,gd_009_authored_answer_recipe_v1
GD-009,ipip-neo-120-v1,E404,single_choice,,A,profile=gd_009_authored;facet=ACTIVITY_LEVEL;target_sum=9;scored_pattern=3-2-2-2,gd_009_authored_answer_recipe_v1
GD-009,ipip-neo-120-v1,E501,single_choice,,D,profile=gd_009_authored;facet=EXCITEMENT_SEEKING;target_sum=7;scored_pattern=2-2-2-1,gd_009_authored_answer_recipe_v1
GD-009,ipip-neo-120-v1,E502,single_choice,,D,profile=gd_009_authored;facet=EXCITEMENT_SEEKING;target_sum=7;scored_pattern=2-2-2-1,gd_009_authored_answer_recipe_v1
GD-009,ipip-neo-120-v1,E503,single_choice,,D,profile=gd_009_authored;facet=EXCITEMENT_SEEKING;target_sum=7;scored_pattern=2-2-2-1,gd_009_authored_answer_recipe_v1
GD-009,ipip-neo-120-v1,E504,single_choice,,SD,profile=gd_009_authored;facet=EXCITEMENT_SEEKING;target_sum=7;scored_pattern=2-2-2-1,gd_009_authored_answer_recipe_v1
GD-009,ipip-neo-120-v1,E601,single_choice,,N,profile=gd_009_authored;facet=CHEERFULNESS;target_sum=10;scored_pattern=3-3-2-2,gd_009_authored_answer_recipe_v1
GD-009,ipip-neo-120-v1,E602,single_choice,,N,profile=gd_009_authored;facet=CHEERFULNESS;target_sum=10;scored_pattern=3-3-2-2,gd_009_authored_answer_recipe_v1
GD-009,ipip-neo-120-v1,E603,single_choice,,D,profile=gd_009_authored;facet=CHEERFULNESS;target_sum=10;scored_pattern=3-3-2-2,gd_009_authored_answer_recipe_v1
GD-009,ipip-neo-120-v1,E604,single_choice,,D,profile=gd_009_authored;facet=CHEERFULNESS;target_sum=10;scored_pattern=3-3-2-2,gd_009_authored_answer_recipe_v1
GD-009,ipip-neo-120-v1,O101,single_choice,,A,profile=gd_009_authored;facet=IMAGINATION;target_sum=16;scored_pattern=4-4-4-4,gd_009_authored_answer_recipe_v1
GD-009,ipip-neo-120-v1,O102,single_choice,,A,profile=gd_009_authored;facet=IMAGINATION;target_sum=16;scored_pattern=4-4-4-4,gd_009_authored_answer_recipe_v1
GD-009,ipip-neo-120-v1,O103,single_choice,,A,profile=gd_009_authored;facet=IMAGINATION;target_sum=16;scored_pattern=4-4-4-4,gd_009_authored_answer_recipe_v1
GD-009,ipip-neo-120-v1,O104,single_choice,,A,profile=gd_009_authored;facet=IMAGINATION;target_sum=16;scored_pattern=4-4-4-4,gd_009_authored_answer_recipe_v1
GD-009,ipip-neo-120-v1,O201,single_choice,,A,profile=gd_009_authored;facet=ARTISTIC_INTERESTS;target_sum=13;scored_pattern=4-3-3-3,gd_009_authored_answer_recipe_v1
GD-009,ipip-neo-120-v1,O202,single_choice,,N,profile=gd_009_authored;facet=ARTISTIC_INTERESTS;target_sum=13;scored_pattern=4-3-3-3,gd_009_authored_answer_recipe_v1
GD-009,ipip-neo-120-v1,O203,single_choice,,N,profile=gd_009_authored;facet=ARTISTIC_INTERESTS;target_sum=13;scored_pattern=4-3-3-3,gd_009_authored_answer_recipe_v1
GD-009,ipip-neo-120-v1,O204,single_choice,,N,profile=gd_009_authored;facet=ARTISTIC_INTERESTS;target_sum=13;scored_pattern=4-3-3-3,gd_009_authored_answer_recipe_v1
GD-009,ipip-neo-120-v1,O301,single_choice,,N,profile=gd_009_authored;facet=EMOTIONALITY;target_sum=10;scored_pattern=3-3-2-2,gd_009_authored_answer_recipe_v1
GD-009,ipip-neo-120-v1,O302,single_choice,,N,profile=gd_009_authored;facet=EMOTIONALITY;target_sum=10;scored_pattern=3-3-2-2,gd_009_authored_answer_recipe_v1
GD-009,ipip-neo-120-v1,O303,single_choice,,A,profile=gd_009_authored;facet=EMOTIONALITY;target_sum=10;scored_pattern=3-3-2-2,gd_009_authored_answer_recipe_v1
GD-009,ipip-neo-120-v1,O304,single_choice,,A,profile=gd_009_authored;facet=EMOTIONALITY;target_sum=10;scored_pattern=3-3-2-2,gd_009_authored_answer_recipe_v1
GD-009,ipip-neo-120-v1,O401,single_choice,,N,profile=gd_009_authored;facet=ADVENTUROUSNESS;target_sum=12;scored_pattern=3-3-3-3,gd_009_authored_answer_recipe_v1
GD-009,ipip-neo-120-v1,O402,single_choice,,N,profile=gd_009_authored;facet=ADVENTUROUSNESS;target_sum=12;scored_pattern=3-3-3-3,gd_009_authored_answer_recipe_v1
GD-009,ipip-neo-120-v1,O403,single_choice,,N,profile=gd_009_authored;facet=ADVENTUROUSNESS;target_sum=12;scored_pattern=3-3-3-3,gd_009_authored_answer_recipe_v1
GD-009,ipip-neo-120-v1,O404,single_choice,,N,profile=gd_009_authored;facet=ADVENTUROUSNESS;target_sum=12;scored_pattern=3-3-3-3,gd_009_authored_answer_recipe_v1
GD-009,ipip-neo-120-v1,O501,single_choice,,SA,profile=gd_009_authored;facet=INTELLECT;target_sum=19;scored_pattern=5-5-5-4,gd_009_authored_answer_recipe_v1
GD-009,ipip-neo-120-v1,O502,single_choice,,SD,profile=gd_009_authored;facet=INTELLECT;target_sum=19;scored_pattern=5-5-5-4,gd_009_authored_answer_recipe_v1
GD-009,ipip-neo-120-v1,O503,single_choice,,SD,profile=gd_009_authored;facet=INTELLECT;target_sum=19;scored_pattern=5-5-5-4,gd_009_authored_answer_recipe_v1
GD-009,ipip-neo-120-v1,O504,single_choice,,D,profile=gd_009_authored;facet=INTELLECT;target_sum=19;scored_pattern=5-5-5-4,gd_009_authored_answer_recipe_v1
GD-009,ipip-neo-120-v1,O601,single_choice,,A,profile=gd_009_authored;facet=LIBERALISM;target_sum=15;scored_pattern=4-4-4-3,gd_009_authored_answer_recipe_v1
GD-009,ipip-neo-120-v1,O602,single_choice,,A,profile=gd_009_authored;facet=LIBERALISM;target_sum=15;scored_pattern=4-4-4-3,gd_009_authored_answer_recipe_v1
GD-009,ipip-neo-120-v1,O603,single_choice,,D,profile=gd_009_authored;facet=LIBERALISM;target_sum=15;scored_pattern=4-4-4-3,gd_009_authored_answer_recipe_v1
GD-009,ipip-neo-120-v1,O604,single_choice,,N,profile=gd_009_authored;facet=LIBERALISM;target_sum=15;scored_pattern=4-4-4-3,gd_009_authored_answer_recipe_v1
GD-009,ipip-neo-120-v1,A101,single_choice,,N,profile=gd_009_authored;facet=TRUST;target_sum=11;scored_pattern=3-3-3-2,gd_009_authored_answer_recipe_v1
GD-009,ipip-neo-120-v1,A102,single_choice,,N,profile=gd_009_authored;facet=TRUST;target_sum=11;scored_pattern=3-3-3-2,gd_009_authored_answer_recipe_v1
GD-009,ipip-neo-120-v1,A103,single_choice,,N,profile=gd_009_authored;facet=TRUST;target_sum=11;scored_pattern=3-3-3-2,gd_009_authored_answer_recipe_v1
GD-009,ipip-neo-120-v1,A104,single_choice,,A,profile=gd_009_authored;facet=TRUST;target_sum=11;scored_pattern=3-3-3-2,gd_009_authored_answer_recipe_v1
GD-009,ipip-neo-120-v1,A201,single_choice,,D,profile=gd_009_authored;facet=MORALITY;target_sum=16;scored_pattern=4-4-4-4,gd_009_authored_answer_recipe_v1
GD-009,ipip-neo-120-v1,A202,single_choice,,D,profile=gd_009_authored;facet=MORALITY;target_sum=16;scored_pattern=4-4-4-4,gd_009_authored_answer_recipe_v1
GD-009,ipip-neo-120-v1,A203,single_choice,,D,profile=gd_009_authored;facet=MORALITY;target_sum=16;scored_pattern=4-4-4-4,gd_009_authored_answer_recipe_v1
GD-009,ipip-neo-120-v1,A204,single_choice,,D,profile=gd_009_authored;facet=MORALITY;target_sum=16;scored_pattern=4-4-4-4,gd_009_authored_answer_recipe_v1
GD-009,ipip-neo-120-v1,A301,single_choice,,N,profile=gd_009_authored;facet=ALTRUISM;target_sum=11;scored_pattern=3-3-3-2,gd_009_authored_answer_recipe_v1
GD-009,ipip-neo-120-v1,A302,single_choice,,N,profile=gd_009_authored;facet=ALTRUISM;target_sum=11;scored_pattern=3-3-3-2,gd_009_authored_answer_recipe_v1
GD-009,ipip-neo-120-v1,A303,single_choice,,N,profile=gd_009_authored;facet=ALTRUISM;target_sum=11;scored_pattern=3-3-3-2,gd_009_authored_answer_recipe_v1
GD-009,ipip-neo-120-v1,A304,single_choice,,A,profile=gd_009_authored;facet=ALTRUISM;target_sum=11;scored_pattern=3-3-3-2,gd_009_authored_answer_recipe_v1
GD-009,ipip-neo-120-v1,A401,single_choice,,N,profile=gd_009_authored;facet=COOPERATION;target_sum=11;scored_pattern=3-3-3-2,gd_009_authored_answer_recipe_v1
GD-009,ipip-neo-120-v1,A402,single_choice,,N,profile=gd_009_authored;facet=COOPERATION;target_sum=11;scored_pattern=3-3-3-2,gd_009_authored_answer_recipe_v1
GD-009,ipip-neo-120-v1,A403,single_choice,,N,profile=gd_009_authored;facet=COOPERATION;target_sum=11;scored_pattern=3-3-3-2,gd_009_authored_answer_recipe_v1
GD-009,ipip-neo-120-v1,A404,single_choice,,A,profile=gd_009_authored;facet=COOPERATION;target_sum=11;scored_pattern=3-3-3-2,gd_009_authored_answer_recipe_v1
GD-009,ipip-neo-120-v1,A501,single_choice,,D,profile=gd_009_authored;facet=MODESTY;target_sum=14;scored_pattern=4-4-3-3,gd_009_authored_answer_recipe_v1
GD-009,ipip-neo-120-v1,A502,single_choice,,D,profile=gd_009_authored;facet=MODESTY;target_sum=14;scored_pattern=4-4-3-3,gd_009_authored_answer_recipe_v1
GD-009,ipip-neo-120-v1,A503,single_choice,,N,profile=gd_009_authored;facet=MODESTY;target_sum=14;scored_pattern=4-4-3-3,gd_009_authored_answer_recipe_v1
GD-009,ipip-neo-120-v1,A504,single_choice,,N,profile=gd_009_authored;facet=MODESTY;target_sum=14;scored_pattern=4-4-3-3,gd_009_authored_answer_recipe_v1
GD-009,ipip-neo-120-v1,A601,single_choice,,N,profile=gd_009_authored;facet=SYMPATHY;target_sum=10;scored_pattern=3-3-2-2,gd_009_authored_answer_recipe_v1
GD-009,ipip-neo-120-v1,A602,single_choice,,N,profile=gd_009_authored;facet=SYMPATHY;target_sum=10;scored_pattern=3-3-2-2,gd_009_authored_answer_recipe_v1
GD-009,ipip-neo-120-v1,A603,single_choice,,A,profile=gd_009_authored;facet=SYMPATHY;target_sum=10;scored_pattern=3-3-2-2,gd_009_authored_answer_recipe_v1
GD-009,ipip-neo-120-v1,A604,single_choice,,A,profile=gd_009_authored;facet=SYMPATHY;target_sum=10;scored_pattern=3-3-2-2,gd_009_authored_answer_recipe_v1
GD-009,ipip-neo-120-v1,C101,single_choice,,SA,profile=gd_009_authored;facet=SELF_EFFICACY;target_sum=17;scored_pattern=5-4-4-4,gd_009_authored_answer_recipe_v1
GD-009,ipip-neo-120-v1,C102,single_choice,,A,profile=gd_009_authored;facet=SELF_EFFICACY;target_sum=17;scored_pattern=5-4-4-4,gd_009_authored_answer_recipe_v1
GD-009,ipip-neo-120-v1,C103,single_choice,,A,profile=gd_009_authored;facet=SELF_EFFICACY;target_sum=17;scored_pattern=5-4-4-4,gd_009_authored_answer_recipe_v1
GD-009,ipip-neo-120-v1,C104,single_choice,,A,profile=gd_009_authored;facet=SELF_EFFICACY;target_sum=17;scored_pattern=5-4-4-4,gd_009_authored_answer_recipe_v1
GD-009,ipip-neo-120-v1,C201,single_choice,,A,profile=gd_009_authored;facet=ORDERLINESS;target_sum=16;scored_pattern=4-4-4-4,gd_009_authored_answer_recipe_v1
GD-009,ipip-neo-120-v1,C202,single_choice,,D,profile=gd_009_authored;facet=ORDERLINESS;target_sum=16;scored_pattern=4-4-4-4,gd_009_authored_answer_recipe_v1
GD-009,ipip-neo-120-v1,C203,single_choice,,D,profile=gd_009_authored;facet=ORDERLINESS;target_sum=16;scored_pattern=4-4-4-4,gd_009_authored_answer_recipe_v1
GD-009,ipip-neo-120-v1,C204,single_choice,,D,profile=gd_009_authored;facet=ORDERLINESS;target_sum=16;scored_pattern=4-4-4-4,gd_009_authored_answer_recipe_v1
GD-009,ipip-neo-120-v1,C301,single_choice,,A,profile=gd_009_authored;facet=DUTIFULNESS;target_sum=16;scored_pattern=4-4-4-4,gd_009_authored_answer_recipe_v1
GD-009,ipip-neo-120-v1,C302,single_choice,,A,profile=gd_009_authored;facet=DUTIFULNESS;target_sum=16;scored_pattern=4-4-4-4,gd_009_authored_answer_recipe_v1
GD-009,ipip-neo-120-v1,C303,single_choice,,D,profile=gd_009_authored;facet=DUTIFULNESS;target_sum=16;scored_pattern=4-4-4-4,gd_009_authored_answer_recipe_v1
GD-009,ipip-neo-120-v1,C304,single_choice,,D,profile=gd_009_authored;facet=DUTIFULNESS;target_sum=16;scored_pattern=4-4-4-4,gd_009_authored_answer_recipe_v1
GD-009,ipip-neo-120-v1,C401,single_choice,,A,profile=gd_009_authored;facet=ACHIEVEMENT_STRIVING;target_sum=16;scored_pattern=4-4-4-4,gd_009_authored_answer_recipe_v1
GD-009,ipip-neo-120-v1,C402,single_choice,,A,profile=gd_009_authored;facet=ACHIEVEMENT_STRIVING;target_sum=16;scored_pattern=4-4-4-4,gd_009_authored_answer_recipe_v1
GD-009,ipip-neo-120-v1,C403,single_choice,,D,profile=gd_009_authored;facet=ACHIEVEMENT_STRIVING;target_sum=16;scored_pattern=4-4-4-4,gd_009_authored_answer_recipe_v1
GD-009,ipip-neo-120-v1,C404,single_choice,,D,profile=gd_009_authored;facet=ACHIEVEMENT_STRIVING;target_sum=16;scored_pattern=4-4-4-4,gd_009_authored_answer_recipe_v1
GD-009,ipip-neo-120-v1,C501,single_choice,,A,profile=gd_009_authored;facet=SELF_DISCIPLINE;target_sum=15;scored_pattern=4-4-4-3,gd_009_authored_answer_recipe_v1
GD-009,ipip-neo-120-v1,C502,single_choice,,A,profile=gd_009_authored;facet=SELF_DISCIPLINE;target_sum=15;scored_pattern=4-4-4-3,gd_009_authored_answer_recipe_v1
GD-009,ipip-neo-120-v1,C503,single_choice,,D,profile=gd_009_authored;facet=SELF_DISCIPLINE;target_sum=15;scored_pattern=4-4-4-3,gd_009_authored_answer_recipe_v1
GD-009,ipip-neo-120-v1,C504,single_choice,,N,profile=gd_009_authored;facet=SELF_DISCIPLINE;target_sum=15;scored_pattern=4-4-4-3,gd_009_authored_answer_recipe_v1
GD-009,ipip-neo-120-v1,C601,single_choice,,SD,profile=gd_009_authored;facet=CAUTIOUSNESS;target_sum=17;scored_pattern=5-4-4-4,gd_009_authored_answer_recipe_v1
GD-009,ipip-neo-120-v1,C602,single_choice,,D,profile=gd_009_authored;facet=CAUTIOUSNESS;target_sum=17;scored_pattern=5-4-4-4,gd_009_authored_answer_recipe_v1
GD-009,ipip-neo-120-v1,C603,single_choice,,D,profile=gd_009_authored;facet=CAUTIOUSNESS;target_sum=17;scored_pattern=5-4-4-4,gd_009_authored_answer_recipe_v1
GD-009,ipip-neo-120-v1,C604,single_choice,,D,profile=gd_009_authored;facet=CAUTIOUSNESS;target_sum=17;scored_pattern=5-4-4-4,gd_009_authored_answer_recipe_v1
GD-009,safran_v1,VW01,single_choice,,VW01_opt_3,profile=gd_009_authored;subtest=VW;correct_count=6,gd_009_authored_answer_recipe_v1
GD-009,safran_v1,VW02,single_choice,,VW02_opt_4,profile=gd_009_authored;subtest=VW;correct_count=6,gd_009_authored_answer_recipe_v1
GD-009,safran_v1,VW03,single_choice,,VW03_opt_4,profile=gd_009_authored;subtest=VW;correct_count=6,gd_009_authored_answer_recipe_v1
GD-009,safran_v1,VW04,single_choice,,VW04_opt_3,profile=gd_009_authored;subtest=VW;correct_count=6,gd_009_authored_answer_recipe_v1
GD-009,safran_v1,VW05,single_choice,,VW05_opt_2,profile=gd_009_authored;subtest=VW;correct_count=6,gd_009_authored_answer_recipe_v1
GD-009,safran_v1,VW06,single_choice,,VW06_opt_4,profile=gd_009_authored;subtest=VW;correct_count=6,gd_009_authored_answer_recipe_v1
GD-009,safran_v1,VW07,single_choice,,VW07_opt_2,profile=gd_009_authored;subtest=VW;correct_count=6,gd_009_authored_answer_recipe_v1
GD-009,safran_v1,VW08,single_choice,,VW08_opt_1,profile=gd_009_authored;subtest=VW;correct_count=6,gd_009_authored_answer_recipe_v1
GD-009,safran_v1,VW09,single_choice,,VW09_opt_1,profile=gd_009_authored;subtest=VW;correct_count=6,gd_009_authored_answer_recipe_v1
GD-009,safran_v1,VA01,single_choice,,VA01_opt_3,profile=gd_009_authored;subtest=VA;correct_count=7,gd_009_authored_answer_recipe_v1
GD-009,safran_v1,VA02,single_choice,,VA02_opt_5,profile=gd_009_authored;subtest=VA;correct_count=7,gd_009_authored_answer_recipe_v1
GD-009,safran_v1,VA03,single_choice,,VA03_opt_3,profile=gd_009_authored;subtest=VA;correct_count=7,gd_009_authored_answer_recipe_v1
GD-009,safran_v1,VA04,single_choice,,VA04_opt_2,profile=gd_009_authored;subtest=VA;correct_count=7,gd_009_authored_answer_recipe_v1
GD-009,safran_v1,VA05,single_choice,,VA05_opt_1,profile=gd_009_authored;subtest=VA;correct_count=7,gd_009_authored_answer_recipe_v1
GD-009,safran_v1,VA06,single_choice,,VA06_opt_4,profile=gd_009_authored;subtest=VA;correct_count=7,gd_009_authored_answer_recipe_v1
GD-009,safran_v1,VA07,single_choice,,VA07_opt_4,profile=gd_009_authored;subtest=VA;correct_count=7,gd_009_authored_answer_recipe_v1
GD-009,safran_v1,VA08,single_choice,,VA08_opt_1,profile=gd_009_authored;subtest=VA;correct_count=7,gd_009_authored_answer_recipe_v1
GD-009,safran_v1,VA09,single_choice,,VA09_opt_1,profile=gd_009_authored;subtest=VA;correct_count=7,gd_009_authored_answer_recipe_v1
GD-009,safran_v1,FA01,single_choice,,FA01_opt_correct,profile=gd_009_authored;subtest=FA;correct_count=4,gd_009_authored_answer_recipe_v1
GD-009,safran_v1,FA02,single_choice,,FA02_opt_correct,profile=gd_009_authored;subtest=FA;correct_count=4,gd_009_authored_answer_recipe_v1
GD-009,safran_v1,FA03,single_choice,,FA03_opt_correct,profile=gd_009_authored;subtest=FA;correct_count=4,gd_009_authored_answer_recipe_v1
GD-009,safran_v1,FA04,single_choice,,FA04_opt_correct,profile=gd_009_authored;subtest=FA;correct_count=4,gd_009_authored_answer_recipe_v1
GD-009,safran_v1,FA05,single_choice,,FA05_opt_dis1,profile=gd_009_authored;subtest=FA;correct_count=4,gd_009_authored_answer_recipe_v1
GD-009,safran_v1,FA06,single_choice,,FA06_opt_dis1,profile=gd_009_authored;subtest=FA;correct_count=4,gd_009_authored_answer_recipe_v1
GD-009,safran_v1,FA07,single_choice,,FA07_opt_dis1,profile=gd_009_authored;subtest=FA;correct_count=4,gd_009_authored_answer_recipe_v1
GD-009,safran_v1,FA08,single_choice,,FA08_opt_dis1,profile=gd_009_authored;subtest=FA;correct_count=4,gd_009_authored_answer_recipe_v1
GD-009,safran_v1,FA09,single_choice,,FA09_opt_dis1,profile=gd_009_authored;subtest=FA;correct_count=4,gd_009_authored_answer_recipe_v1
GD-009,safran_v1,FM01,single_choice,,FM01_opt_correct,profile=gd_009_authored;subtest=FM;correct_count=4,gd_009_authored_answer_recipe_v1
GD-009,safran_v1,FM02,single_choice,,FM02_opt_correct,profile=gd_009_authored;subtest=FM;correct_count=4,gd_009_authored_answer_recipe_v1
GD-009,safran_v1,FM03,single_choice,,FM03_opt_correct,profile=gd_009_authored;subtest=FM;correct_count=4,gd_009_authored_answer_recipe_v1
GD-009,safran_v1,FM04,single_choice,,FM04_opt_correct,profile=gd_009_authored;subtest=FM;correct_count=4,gd_009_authored_answer_recipe_v1
GD-009,safran_v1,FM05,single_choice,,FM05_opt_dis1,profile=gd_009_authored;subtest=FM;correct_count=4,gd_009_authored_answer_recipe_v1
GD-009,safran_v1,FM06,single_choice,,FM06_opt_dis1,profile=gd_009_authored;subtest=FM;correct_count=4,gd_009_authored_answer_recipe_v1
GD-009,safran_v1,FM07,single_choice,,FM07_opt_dis1,profile=gd_009_authored;subtest=FM;correct_count=4,gd_009_authored_answer_recipe_v1
GD-009,safran_v1,FM08,single_choice,,FM08_opt_dis1,profile=gd_009_authored;subtest=FM;correct_count=4,gd_009_authored_answer_recipe_v1
GD-009,safran_v1,FM09,single_choice,,FM09_opt_dis1,profile=gd_009_authored;subtest=FM;correct_count=4,gd_009_authored_answer_recipe_v1
GD-009,safran_v1,NZ01_01,text,22,,profile=gd_009_authored;subtest=NZ;correct_count=8,gd_009_authored_answer_recipe_v1
GD-009,safran_v1,NZ02_01,text,4.5,,profile=gd_009_authored;subtest=NZ;correct_count=8,gd_009_authored_answer_recipe_v1
GD-009,safran_v1,NZ03_01,text,12.5,,profile=gd_009_authored;subtest=NZ;correct_count=8,gd_009_authored_answer_recipe_v1
GD-009,safran_v1,NZ04_01,text,17,,profile=gd_009_authored;subtest=NZ;correct_count=8,gd_009_authored_answer_recipe_v1
GD-009,safran_v1,NZ05_01,text,25,,profile=gd_009_authored;subtest=NZ;correct_count=8,gd_009_authored_answer_recipe_v1
GD-009,safran_v1,NZ06_01,text,9,,profile=gd_009_authored;subtest=NZ;correct_count=8,gd_009_authored_answer_recipe_v1
GD-009,safran_v1,NZ07_01,text,42,,profile=gd_009_authored;subtest=NZ;correct_count=8,gd_009_authored_answer_recipe_v1
GD-009,safran_v1,NZ08_01,text,8.5,,profile=gd_009_authored;subtest=NZ;correct_count=8,gd_009_authored_answer_recipe_v1
GD-009,safran_v1,NZ09_01,text,113,,profile=gd_009_authored;subtest=NZ;correct_count=8,gd_009_authored_answer_recipe_v1
GD-009,mwms_v1,MWMS_01,single_choice,,MWMS_LIKERT_1,profile=gd_009_authored;dimension=amotivation;values=1-1-2,gd_009_authored_answer_recipe_v1
GD-009,mwms_v1,MWMS_02,single_choice,,MWMS_LIKERT_1,profile=gd_009_authored;dimension=amotivation;values=1-1-2,gd_009_authored_answer_recipe_v1
GD-009,mwms_v1,MWMS_03,single_choice,,MWMS_LIKERT_2,profile=gd_009_authored;dimension=amotivation;values=1-1-2,gd_009_authored_answer_recipe_v1
GD-009,mwms_v1,MWMS_04,single_choice,,MWMS_LIKERT_2,profile=gd_009_authored;dimension=external_social;values=2-2-2,gd_009_authored_answer_recipe_v1
GD-009,mwms_v1,MWMS_05,single_choice,,MWMS_LIKERT_2,profile=gd_009_authored;dimension=external_social;values=2-2-2,gd_009_authored_answer_recipe_v1
GD-009,mwms_v1,MWMS_06,single_choice,,MWMS_LIKERT_2,profile=gd_009_authored;dimension=external_social;values=2-2-2,gd_009_authored_answer_recipe_v1
GD-009,mwms_v1,MWMS_07,single_choice,,MWMS_LIKERT_4,profile=gd_009_authored;dimension=external_material;values=4-5-4,gd_009_authored_answer_recipe_v1
GD-009,mwms_v1,MWMS_08,single_choice,,MWMS_LIKERT_5,profile=gd_009_authored;dimension=external_material;values=4-5-4,gd_009_authored_answer_recipe_v1
GD-009,mwms_v1,MWMS_09,single_choice,,MWMS_LIKERT_4,profile=gd_009_authored;dimension=external_material;values=4-5-4,gd_009_authored_answer_recipe_v1
GD-009,mwms_v1,MWMS_10,single_choice,,MWMS_LIKERT_3,profile=gd_009_authored;dimension=introjected;values=3-4-3-4,gd_009_authored_answer_recipe_v1
GD-009,mwms_v1,MWMS_11,single_choice,,MWMS_LIKERT_4,profile=gd_009_authored;dimension=introjected;values=3-4-3-4,gd_009_authored_answer_recipe_v1
GD-009,mwms_v1,MWMS_12,single_choice,,MWMS_LIKERT_3,profile=gd_009_authored;dimension=introjected;values=3-4-3-4,gd_009_authored_answer_recipe_v1
GD-009,mwms_v1,MWMS_13,single_choice,,MWMS_LIKERT_4,profile=gd_009_authored;dimension=introjected;values=3-4-3-4,gd_009_authored_answer_recipe_v1
GD-009,mwms_v1,MWMS_14,single_choice,,MWMS_LIKERT_6,profile=gd_009_authored;dimension=identified;values=6-6-7,gd_009_authored_answer_recipe_v1
GD-009,mwms_v1,MWMS_15,single_choice,,MWMS_LIKERT_6,profile=gd_009_authored;dimension=identified;values=6-6-7,gd_009_authored_answer_recipe_v1
GD-009,mwms_v1,MWMS_16,single_choice,,MWMS_LIKERT_7,profile=gd_009_authored;dimension=identified;values=6-6-7,gd_009_authored_answer_recipe_v1
GD-009,mwms_v1,MWMS_17,single_choice,,MWMS_LIKERT_5,profile=gd_009_authored;dimension=intrinsic;values=5-5-6,gd_009_authored_answer_recipe_v1
GD-009,mwms_v1,MWMS_18,single_choice,,MWMS_LIKERT_5,profile=gd_009_authored;dimension=intrinsic;values=5-5-6,gd_009_authored_answer_recipe_v1
GD-009,mwms_v1,MWMS_19,single_choice,,MWMS_LIKERT_6,profile=gd_009_authored;dimension=intrinsic;values=5-5-6,gd_009_authored_answer_recipe_v1
GD-010,ipip-neo-120-v1,N101,single_choice,,N,profile=gd_010_authored;facet=ANXIETY;target_sum=10;scored_pattern=3-3-2-2,gd_010_authored_answer_recipe_v1
GD-010,ipip-neo-120-v1,N102,single_choice,,N,profile=gd_010_authored;facet=ANXIETY;target_sum=10;scored_pattern=3-3-2-2,gd_010_authored_answer_recipe_v1
GD-010,ipip-neo-120-v1,N103,single_choice,,D,profile=gd_010_authored;facet=ANXIETY;target_sum=10;scored_pattern=3-3-2-2,gd_010_authored_answer_recipe_v1
GD-010,ipip-neo-120-v1,N104,single_choice,,D,profile=gd_010_authored;facet=ANXIETY;target_sum=10;scored_pattern=3-3-2-2,gd_010_authored_answer_recipe_v1
GD-010,ipip-neo-120-v1,N201,single_choice,,D,profile=gd_010_authored;facet=ANGER;target_sum=8;scored_pattern=2-2-2-2,gd_010_authored_answer_recipe_v1
GD-010,ipip-neo-120-v1,N202,single_choice,,D,profile=gd_010_authored;facet=ANGER;target_sum=8;scored_pattern=2-2-2-2,gd_010_authored_answer_recipe_v1
GD-010,ipip-neo-120-v1,N203,single_choice,,D,profile=gd_010_authored;facet=ANGER;target_sum=8;scored_pattern=2-2-2-2,gd_010_authored_answer_recipe_v1
GD-010,ipip-neo-120-v1,N204,single_choice,,A,profile=gd_010_authored;facet=ANGER;target_sum=8;scored_pattern=2-2-2-2,gd_010_authored_answer_recipe_v1
GD-010,ipip-neo-120-v1,N301,single_choice,,D,profile=gd_010_authored;facet=DEPRESSION;target_sum=7;scored_pattern=2-2-2-1,gd_010_authored_answer_recipe_v1
GD-010,ipip-neo-120-v1,N302,single_choice,,D,profile=gd_010_authored;facet=DEPRESSION;target_sum=7;scored_pattern=2-2-2-1,gd_010_authored_answer_recipe_v1
GD-010,ipip-neo-120-v1,N303,single_choice,,D,profile=gd_010_authored;facet=DEPRESSION;target_sum=7;scored_pattern=2-2-2-1,gd_010_authored_answer_recipe_v1
GD-010,ipip-neo-120-v1,N304,single_choice,,SA,profile=gd_010_authored;facet=DEPRESSION;target_sum=7;scored_pattern=2-2-2-1,gd_010_authored_answer_recipe_v1
GD-010,ipip-neo-120-v1,N401,single_choice,,N,profile=gd_010_authored;facet=SELF_CONSCIOUSNESS;target_sum=11;scored_pattern=3-3-3-2,gd_010_authored_answer_recipe_v1
GD-010,ipip-neo-120-v1,N402,single_choice,,N,profile=gd_010_authored;facet=SELF_CONSCIOUSNESS;target_sum=11;scored_pattern=3-3-3-2,gd_010_authored_answer_recipe_v1
GD-010,ipip-neo-120-v1,N403,single_choice,,N,profile=gd_010_authored;facet=SELF_CONSCIOUSNESS;target_sum=11;scored_pattern=3-3-3-2,gd_010_authored_answer_recipe_v1
GD-010,ipip-neo-120-v1,N404,single_choice,,A,profile=gd_010_authored;facet=SELF_CONSCIOUSNESS;target_sum=11;scored_pattern=3-3-3-2,gd_010_authored_answer_recipe_v1
GD-010,ipip-neo-120-v1,N501,single_choice,,D,profile=gd_010_authored;facet=IMMODERATION;target_sum=7;scored_pattern=2-2-2-1,gd_010_authored_answer_recipe_v1
GD-010,ipip-neo-120-v1,N502,single_choice,,A,profile=gd_010_authored;facet=IMMODERATION;target_sum=7;scored_pattern=2-2-2-1,gd_010_authored_answer_recipe_v1
GD-010,ipip-neo-120-v1,N503,single_choice,,A,profile=gd_010_authored;facet=IMMODERATION;target_sum=7;scored_pattern=2-2-2-1,gd_010_authored_answer_recipe_v1
GD-010,ipip-neo-120-v1,N504,single_choice,,SA,profile=gd_010_authored;facet=IMMODERATION;target_sum=7;scored_pattern=2-2-2-1,gd_010_authored_answer_recipe_v1
GD-010,ipip-neo-120-v1,N601,single_choice,,N,profile=gd_010_authored;facet=VULNERABILITY;target_sum=10;scored_pattern=3-3-2-2,gd_010_authored_answer_recipe_v1
GD-010,ipip-neo-120-v1,N602,single_choice,,N,profile=gd_010_authored;facet=VULNERABILITY;target_sum=10;scored_pattern=3-3-2-2,gd_010_authored_answer_recipe_v1
GD-010,ipip-neo-120-v1,N603,single_choice,,D,profile=gd_010_authored;facet=VULNERABILITY;target_sum=10;scored_pattern=3-3-2-2,gd_010_authored_answer_recipe_v1
GD-010,ipip-neo-120-v1,N604,single_choice,,A,profile=gd_010_authored;facet=VULNERABILITY;target_sum=10;scored_pattern=3-3-2-2,gd_010_authored_answer_recipe_v1
GD-010,ipip-neo-120-v1,E101,single_choice,,A,profile=gd_010_authored;facet=FRIENDLINESS;target_sum=14;scored_pattern=4-4-3-3,gd_010_authored_answer_recipe_v1
GD-010,ipip-neo-120-v1,E102,single_choice,,A,profile=gd_010_authored;facet=FRIENDLINESS;target_sum=14;scored_pattern=4-4-3-3,gd_010_authored_answer_recipe_v1
GD-010,ipip-neo-120-v1,E103,single_choice,,N,profile=gd_010_authored;facet=FRIENDLINESS;target_sum=14;scored_pattern=4-4-3-3,gd_010_authored_answer_recipe_v1
GD-010,ipip-neo-120-v1,E104,single_choice,,N,profile=gd_010_authored;facet=FRIENDLINESS;target_sum=14;scored_pattern=4-4-3-3,gd_010_authored_answer_recipe_v1
GD-010,ipip-neo-120-v1,E201,single_choice,,N,profile=gd_010_authored;facet=GREGARIOUSNESS;target_sum=9;scored_pattern=3-2-2-2,gd_010_authored_answer_recipe_v1
GD-010,ipip-neo-120-v1,E202,single_choice,,D,profile=gd_010_authored;facet=GREGARIOUSNESS;target_sum=9;scored_pattern=3-2-2-2,gd_010_authored_answer_recipe_v1
GD-010,ipip-neo-120-v1,E203,single_choice,,A,profile=gd_010_authored;facet=GREGARIOUSNESS;target_sum=9;scored_pattern=3-2-2-2,gd_010_authored_answer_recipe_v1
GD-010,ipip-neo-120-v1,E204,single_choice,,A,profile=gd_010_authored;facet=GREGARIOUSNESS;target_sum=9;scored_pattern=3-2-2-2,gd_010_authored_answer_recipe_v1
GD-010,ipip-neo-120-v1,E301,single_choice,,N,profile=gd_010_authored;facet=ASSERTIVENESS;target_sum=11;scored_pattern=3-3-3-2,gd_010_authored_answer_recipe_v1
GD-010,ipip-neo-120-v1,E302,single_choice,,N,profile=gd_010_authored;facet=ASSERTIVENESS;target_sum=11;scored_pattern=3-3-3-2,gd_010_authored_answer_recipe_v1
GD-010,ipip-neo-120-v1,E303,single_choice,,N,profile=gd_010_authored;facet=ASSERTIVENESS;target_sum=11;scored_pattern=3-3-3-2,gd_010_authored_answer_recipe_v1
GD-010,ipip-neo-120-v1,E304,single_choice,,A,profile=gd_010_authored;facet=ASSERTIVENESS;target_sum=11;scored_pattern=3-3-3-2,gd_010_authored_answer_recipe_v1
GD-010,ipip-neo-120-v1,E401,single_choice,,N,profile=gd_010_authored;facet=ACTIVITY_LEVEL;target_sum=10;scored_pattern=3-3-2-2,gd_010_authored_answer_recipe_v1
GD-010,ipip-neo-120-v1,E402,single_choice,,N,profile=gd_010_authored;facet=ACTIVITY_LEVEL;target_sum=10;scored_pattern=3-3-2-2,gd_010_authored_answer_recipe_v1
GD-010,ipip-neo-120-v1,E403,single_choice,,D,profile=gd_010_authored;facet=ACTIVITY_LEVEL;target_sum=10;scored_pattern=3-3-2-2,gd_010_authored_answer_recipe_v1
GD-010,ipip-neo-120-v1,E404,single_choice,,A,profile=gd_010_authored;facet=ACTIVITY_LEVEL;target_sum=10;scored_pattern=3-3-2-2,gd_010_authored_answer_recipe_v1
GD-010,ipip-neo-120-v1,E501,single_choice,,D,profile=gd_010_authored;facet=EXCITEMENT_SEEKING;target_sum=8;scored_pattern=2-2-2-2,gd_010_authored_answer_recipe_v1
GD-010,ipip-neo-120-v1,E502,single_choice,,D,profile=gd_010_authored;facet=EXCITEMENT_SEEKING;target_sum=8;scored_pattern=2-2-2-2,gd_010_authored_answer_recipe_v1
GD-010,ipip-neo-120-v1,E503,single_choice,,D,profile=gd_010_authored;facet=EXCITEMENT_SEEKING;target_sum=8;scored_pattern=2-2-2-2,gd_010_authored_answer_recipe_v1
GD-010,ipip-neo-120-v1,E504,single_choice,,D,profile=gd_010_authored;facet=EXCITEMENT_SEEKING;target_sum=8;scored_pattern=2-2-2-2,gd_010_authored_answer_recipe_v1
GD-010,ipip-neo-120-v1,E601,single_choice,,N,profile=gd_010_authored;facet=CHEERFULNESS;target_sum=12;scored_pattern=3-3-3-3,gd_010_authored_answer_recipe_v1
GD-010,ipip-neo-120-v1,E602,single_choice,,N,profile=gd_010_authored;facet=CHEERFULNESS;target_sum=12;scored_pattern=3-3-3-3,gd_010_authored_answer_recipe_v1
GD-010,ipip-neo-120-v1,E603,single_choice,,N,profile=gd_010_authored;facet=CHEERFULNESS;target_sum=12;scored_pattern=3-3-3-3,gd_010_authored_answer_recipe_v1
GD-010,ipip-neo-120-v1,E604,single_choice,,N,profile=gd_010_authored;facet=CHEERFULNESS;target_sum=12;scored_pattern=3-3-3-3,gd_010_authored_answer_recipe_v1
GD-010,ipip-neo-120-v1,O101,single_choice,,N,profile=gd_010_authored;facet=IMAGINATION;target_sum=11;scored_pattern=3-3-3-2,gd_010_authored_answer_recipe_v1
GD-010,ipip-neo-120-v1,O102,single_choice,,N,profile=gd_010_authored;facet=IMAGINATION;target_sum=11;scored_pattern=3-3-3-2,gd_010_authored_answer_recipe_v1
GD-010,ipip-neo-120-v1,O103,single_choice,,N,profile=gd_010_authored;facet=IMAGINATION;target_sum=11;scored_pattern=3-3-3-2,gd_010_authored_answer_recipe_v1
GD-010,ipip-neo-120-v1,O104,single_choice,,D,profile=gd_010_authored;facet=IMAGINATION;target_sum=11;scored_pattern=3-3-3-2,gd_010_authored_answer_recipe_v1
GD-010,ipip-neo-120-v1,O201,single_choice,,N,profile=gd_010_authored;facet=ARTISTIC_INTERESTS;target_sum=9;scored_pattern=3-2-2-2,gd_010_authored_answer_recipe_v1
GD-010,ipip-neo-120-v1,O202,single_choice,,D,profile=gd_010_authored;facet=ARTISTIC_INTERESTS;target_sum=9;scored_pattern=3-2-2-2,gd_010_authored_answer_recipe_v1
GD-010,ipip-neo-120-v1,O203,single_choice,,A,profile=gd_010_authored;facet=ARTISTIC_INTERESTS;target_sum=9;scored_pattern=3-2-2-2,gd_010_authored_answer_recipe_v1
GD-010,ipip-neo-120-v1,O204,single_choice,,A,profile=gd_010_authored;facet=ARTISTIC_INTERESTS;target_sum=9;scored_pattern=3-2-2-2,gd_010_authored_answer_recipe_v1
GD-010,ipip-neo-120-v1,O301,single_choice,,N,profile=gd_010_authored;facet=EMOTIONALITY;target_sum=10;scored_pattern=3-3-2-2,gd_010_authored_answer_recipe_v1
GD-010,ipip-neo-120-v1,O302,single_choice,,N,profile=gd_010_authored;facet=EMOTIONALITY;target_sum=10;scored_pattern=3-3-2-2,gd_010_authored_answer_recipe_v1
GD-010,ipip-neo-120-v1,O303,single_choice,,A,profile=gd_010_authored;facet=EMOTIONALITY;target_sum=10;scored_pattern=3-3-2-2,gd_010_authored_answer_recipe_v1
GD-010,ipip-neo-120-v1,O304,single_choice,,A,profile=gd_010_authored;facet=EMOTIONALITY;target_sum=10;scored_pattern=3-3-2-2,gd_010_authored_answer_recipe_v1
GD-010,ipip-neo-120-v1,O401,single_choice,,N,profile=gd_010_authored;facet=ADVENTUROUSNESS;target_sum=10;scored_pattern=3-3-2-2,gd_010_authored_answer_recipe_v1
GD-010,ipip-neo-120-v1,O402,single_choice,,N,profile=gd_010_authored;facet=ADVENTUROUSNESS;target_sum=10;scored_pattern=3-3-2-2,gd_010_authored_answer_recipe_v1
GD-010,ipip-neo-120-v1,O403,single_choice,,A,profile=gd_010_authored;facet=ADVENTUROUSNESS;target_sum=10;scored_pattern=3-3-2-2,gd_010_authored_answer_recipe_v1
GD-010,ipip-neo-120-v1,O404,single_choice,,A,profile=gd_010_authored;facet=ADVENTUROUSNESS;target_sum=10;scored_pattern=3-3-2-2,gd_010_authored_answer_recipe_v1
GD-010,ipip-neo-120-v1,O501,single_choice,,A,profile=gd_010_authored;facet=INTELLECT;target_sum=13;scored_pattern=4-3-3-3,gd_010_authored_answer_recipe_v1
GD-010,ipip-neo-120-v1,O502,single_choice,,N,profile=gd_010_authored;facet=INTELLECT;target_sum=13;scored_pattern=4-3-3-3,gd_010_authored_answer_recipe_v1
GD-010,ipip-neo-120-v1,O503,single_choice,,N,profile=gd_010_authored;facet=INTELLECT;target_sum=13;scored_pattern=4-3-3-3,gd_010_authored_answer_recipe_v1
GD-010,ipip-neo-120-v1,O504,single_choice,,N,profile=gd_010_authored;facet=INTELLECT;target_sum=13;scored_pattern=4-3-3-3,gd_010_authored_answer_recipe_v1
GD-010,ipip-neo-120-v1,O601,single_choice,,N,profile=gd_010_authored;facet=LIBERALISM;target_sum=10;scored_pattern=3-3-2-2,gd_010_authored_answer_recipe_v1
GD-010,ipip-neo-120-v1,O602,single_choice,,N,profile=gd_010_authored;facet=LIBERALISM;target_sum=10;scored_pattern=3-3-2-2,gd_010_authored_answer_recipe_v1
GD-010,ipip-neo-120-v1,O603,single_choice,,A,profile=gd_010_authored;facet=LIBERALISM;target_sum=10;scored_pattern=3-3-2-2,gd_010_authored_answer_recipe_v1
GD-010,ipip-neo-120-v1,O604,single_choice,,A,profile=gd_010_authored;facet=LIBERALISM;target_sum=10;scored_pattern=3-3-2-2,gd_010_authored_answer_recipe_v1
GD-010,ipip-neo-120-v1,A101,single_choice,,A,profile=gd_010_authored;facet=TRUST;target_sum=13;scored_pattern=4-3-3-3,gd_010_authored_answer_recipe_v1
GD-010,ipip-neo-120-v1,A102,single_choice,,N,profile=gd_010_authored;facet=TRUST;target_sum=13;scored_pattern=4-3-3-3,gd_010_authored_answer_recipe_v1
GD-010,ipip-neo-120-v1,A103,single_choice,,N,profile=gd_010_authored;facet=TRUST;target_sum=13;scored_pattern=4-3-3-3,gd_010_authored_answer_recipe_v1
GD-010,ipip-neo-120-v1,A104,single_choice,,N,profile=gd_010_authored;facet=TRUST;target_sum=13;scored_pattern=4-3-3-3,gd_010_authored_answer_recipe_v1
GD-010,ipip-neo-120-v1,A201,single_choice,,SD,profile=gd_010_authored;facet=MORALITY;target_sum=17;scored_pattern=5-4-4-4,gd_010_authored_answer_recipe_v1
GD-010,ipip-neo-120-v1,A202,single_choice,,D,profile=gd_010_authored;facet=MORALITY;target_sum=17;scored_pattern=5-4-4-4,gd_010_authored_answer_recipe_v1
GD-010,ipip-neo-120-v1,A203,single_choice,,D,profile=gd_010_authored;facet=MORALITY;target_sum=17;scored_pattern=5-4-4-4,gd_010_authored_answer_recipe_v1
GD-010,ipip-neo-120-v1,A204,single_choice,,D,profile=gd_010_authored;facet=MORALITY;target_sum=17;scored_pattern=5-4-4-4,gd_010_authored_answer_recipe_v1
GD-010,ipip-neo-120-v1,A301,single_choice,,A,profile=gd_010_authored;facet=ALTRUISM;target_sum=13;scored_pattern=4-3-3-3,gd_010_authored_answer_recipe_v1
GD-010,ipip-neo-120-v1,A302,single_choice,,N,profile=gd_010_authored;facet=ALTRUISM;target_sum=13;scored_pattern=4-3-3-3,gd_010_authored_answer_recipe_v1
GD-010,ipip-neo-120-v1,A303,single_choice,,N,profile=gd_010_authored;facet=ALTRUISM;target_sum=13;scored_pattern=4-3-3-3,gd_010_authored_answer_recipe_v1
GD-010,ipip-neo-120-v1,A304,single_choice,,N,profile=gd_010_authored;facet=ALTRUISM;target_sum=13;scored_pattern=4-3-3-3,gd_010_authored_answer_recipe_v1
GD-010,ipip-neo-120-v1,A401,single_choice,,D,profile=gd_010_authored;facet=COOPERATION;target_sum=15;scored_pattern=4-4-4-3,gd_010_authored_answer_recipe_v1
GD-010,ipip-neo-120-v1,A402,single_choice,,D,profile=gd_010_authored;facet=COOPERATION;target_sum=15;scored_pattern=4-4-4-3,gd_010_authored_answer_recipe_v1
GD-010,ipip-neo-120-v1,A403,single_choice,,D,profile=gd_010_authored;facet=COOPERATION;target_sum=15;scored_pattern=4-4-4-3,gd_010_authored_answer_recipe_v1
GD-010,ipip-neo-120-v1,A404,single_choice,,N,profile=gd_010_authored;facet=COOPERATION;target_sum=15;scored_pattern=4-4-4-3,gd_010_authored_answer_recipe_v1
GD-010,ipip-neo-120-v1,A501,single_choice,,D,profile=gd_010_authored;facet=MODESTY;target_sum=13;scored_pattern=4-3-3-3,gd_010_authored_answer_recipe_v1
GD-010,ipip-neo-120-v1,A502,single_choice,,N,profile=gd_010_authored;facet=MODESTY;target_sum=13;scored_pattern=4-3-3-3,gd_010_authored_answer_recipe_v1
GD-010,ipip-neo-120-v1,A503,single_choice,,N,profile=gd_010_authored;facet=MODESTY;target_sum=13;scored_pattern=4-3-3-3,gd_010_authored_answer_recipe_v1
GD-010,ipip-neo-120-v1,A504,single_choice,,N,profile=gd_010_authored;facet=MODESTY;target_sum=13;scored_pattern=4-3-3-3,gd_010_authored_answer_recipe_v1
GD-010,ipip-neo-120-v1,A601,single_choice,,A,profile=gd_010_authored;facet=SYMPATHY;target_sum=13;scored_pattern=4-3-3-3,gd_010_authored_answer_recipe_v1
GD-010,ipip-neo-120-v1,A602,single_choice,,N,profile=gd_010_authored;facet=SYMPATHY;target_sum=13;scored_pattern=4-3-3-3,gd_010_authored_answer_recipe_v1
GD-010,ipip-neo-120-v1,A603,single_choice,,N,profile=gd_010_authored;facet=SYMPATHY;target_sum=13;scored_pattern=4-3-3-3,gd_010_authored_answer_recipe_v1
GD-010,ipip-neo-120-v1,A604,single_choice,,N,profile=gd_010_authored;facet=SYMPATHY;target_sum=13;scored_pattern=4-3-3-3,gd_010_authored_answer_recipe_v1
GD-010,ipip-neo-120-v1,C101,single_choice,,A,profile=gd_010_authored;facet=SELF_EFFICACY;target_sum=15;scored_pattern=4-4-4-3,gd_010_authored_answer_recipe_v1
GD-010,ipip-neo-120-v1,C102,single_choice,,A,profile=gd_010_authored;facet=SELF_EFFICACY;target_sum=15;scored_pattern=4-4-4-3,gd_010_authored_answer_recipe_v1
GD-010,ipip-neo-120-v1,C103,single_choice,,A,profile=gd_010_authored;facet=SELF_EFFICACY;target_sum=15;scored_pattern=4-4-4-3,gd_010_authored_answer_recipe_v1
GD-010,ipip-neo-120-v1,C104,single_choice,,N,profile=gd_010_authored;facet=SELF_EFFICACY;target_sum=15;scored_pattern=4-4-4-3,gd_010_authored_answer_recipe_v1
GD-010,ipip-neo-120-v1,C201,single_choice,,SA,profile=gd_010_authored;facet=ORDERLINESS;target_sum=18;scored_pattern=5-5-4-4,gd_010_authored_answer_recipe_v1
GD-010,ipip-neo-120-v1,C202,single_choice,,SD,profile=gd_010_authored;facet=ORDERLINESS;target_sum=18;scored_pattern=5-5-4-4,gd_010_authored_answer_recipe_v1
GD-010,ipip-neo-120-v1,C203,single_choice,,D,profile=gd_010_authored;facet=ORDERLINESS;target_sum=18;scored_pattern=5-5-4-4,gd_010_authored_answer_recipe_v1
GD-010,ipip-neo-120-v1,C204,single_choice,,D,profile=gd_010_authored;facet=ORDERLINESS;target_sum=18;scored_pattern=5-5-4-4,gd_010_authored_answer_recipe_v1
GD-010,ipip-neo-120-v1,C301,single_choice,,SA,profile=gd_010_authored;facet=DUTIFULNESS;target_sum=18;scored_pattern=5-5-4-4,gd_010_authored_answer_recipe_v1
GD-010,ipip-neo-120-v1,C302,single_choice,,SA,profile=gd_010_authored;facet=DUTIFULNESS;target_sum=18;scored_pattern=5-5-4-4,gd_010_authored_answer_recipe_v1
GD-010,ipip-neo-120-v1,C303,single_choice,,D,profile=gd_010_authored;facet=DUTIFULNESS;target_sum=18;scored_pattern=5-5-4-4,gd_010_authored_answer_recipe_v1
GD-010,ipip-neo-120-v1,C304,single_choice,,D,profile=gd_010_authored;facet=DUTIFULNESS;target_sum=18;scored_pattern=5-5-4-4,gd_010_authored_answer_recipe_v1
GD-010,ipip-neo-120-v1,C401,single_choice,,A,profile=gd_010_authored;facet=ACHIEVEMENT_STRIVING;target_sum=14;scored_pattern=4-4-3-3,gd_010_authored_answer_recipe_v1
GD-010,ipip-neo-120-v1,C402,single_choice,,A,profile=gd_010_authored;facet=ACHIEVEMENT_STRIVING;target_sum=14;scored_pattern=4-4-3-3,gd_010_authored_answer_recipe_v1
GD-010,ipip-neo-120-v1,C403,single_choice,,N,profile=gd_010_authored;facet=ACHIEVEMENT_STRIVING;target_sum=14;scored_pattern=4-4-3-3,gd_010_authored_answer_recipe_v1
GD-010,ipip-neo-120-v1,C404,single_choice,,N,profile=gd_010_authored;facet=ACHIEVEMENT_STRIVING;target_sum=14;scored_pattern=4-4-3-3,gd_010_authored_answer_recipe_v1
GD-010,ipip-neo-120-v1,C501,single_choice,,SA,profile=gd_010_authored;facet=SELF_DISCIPLINE;target_sum=18;scored_pattern=5-5-4-4,gd_010_authored_answer_recipe_v1
GD-010,ipip-neo-120-v1,C502,single_choice,,SA,profile=gd_010_authored;facet=SELF_DISCIPLINE;target_sum=18;scored_pattern=5-5-4-4,gd_010_authored_answer_recipe_v1
GD-010,ipip-neo-120-v1,C503,single_choice,,D,profile=gd_010_authored;facet=SELF_DISCIPLINE;target_sum=18;scored_pattern=5-5-4-4,gd_010_authored_answer_recipe_v1
GD-010,ipip-neo-120-v1,C504,single_choice,,D,profile=gd_010_authored;facet=SELF_DISCIPLINE;target_sum=18;scored_pattern=5-5-4-4,gd_010_authored_answer_recipe_v1
GD-010,ipip-neo-120-v1,C601,single_choice,,D,profile=gd_010_authored;facet=CAUTIOUSNESS;target_sum=16;scored_pattern=4-4-4-4,gd_010_authored_answer_recipe_v1
GD-010,ipip-neo-120-v1,C602,single_choice,,D,profile=gd_010_authored;facet=CAUTIOUSNESS;target_sum=16;scored_pattern=4-4-4-4,gd_010_authored_answer_recipe_v1
GD-010,ipip-neo-120-v1,C603,single_choice,,D,profile=gd_010_authored;facet=CAUTIOUSNESS;target_sum=16;scored_pattern=4-4-4-4,gd_010_authored_answer_recipe_v1
GD-010,ipip-neo-120-v1,C604,single_choice,,D,profile=gd_010_authored;facet=CAUTIOUSNESS;target_sum=16;scored_pattern=4-4-4-4,gd_010_authored_answer_recipe_v1
GD-010,safran_v1,VW01,single_choice,,VW01_opt_3,profile=gd_010_authored;subtest=VW;correct_count=6,gd_010_authored_answer_recipe_v1
GD-010,safran_v1,VW02,single_choice,,VW02_opt_4,profile=gd_010_authored;subtest=VW;correct_count=6,gd_010_authored_answer_recipe_v1
GD-010,safran_v1,VW03,single_choice,,VW03_opt_4,profile=gd_010_authored;subtest=VW;correct_count=6,gd_010_authored_answer_recipe_v1
GD-010,safran_v1,VW04,single_choice,,VW04_opt_3,profile=gd_010_authored;subtest=VW;correct_count=6,gd_010_authored_answer_recipe_v1
GD-010,safran_v1,VW05,single_choice,,VW05_opt_2,profile=gd_010_authored;subtest=VW;correct_count=6,gd_010_authored_answer_recipe_v1
GD-010,safran_v1,VW06,single_choice,,VW06_opt_4,profile=gd_010_authored;subtest=VW;correct_count=6,gd_010_authored_answer_recipe_v1
GD-010,safran_v1,VW07,single_choice,,VW07_opt_2,profile=gd_010_authored;subtest=VW;correct_count=6,gd_010_authored_answer_recipe_v1
GD-010,safran_v1,VW08,single_choice,,VW08_opt_1,profile=gd_010_authored;subtest=VW;correct_count=6,gd_010_authored_answer_recipe_v1
GD-010,safran_v1,VW09,single_choice,,VW09_opt_1,profile=gd_010_authored;subtest=VW;correct_count=6,gd_010_authored_answer_recipe_v1
GD-010,safran_v1,VA01,single_choice,,VA01_opt_3,profile=gd_010_authored;subtest=VA;correct_count=6,gd_010_authored_answer_recipe_v1
GD-010,safran_v1,VA02,single_choice,,VA02_opt_5,profile=gd_010_authored;subtest=VA;correct_count=6,gd_010_authored_answer_recipe_v1
GD-010,safran_v1,VA03,single_choice,,VA03_opt_3,profile=gd_010_authored;subtest=VA;correct_count=6,gd_010_authored_answer_recipe_v1
GD-010,safran_v1,VA04,single_choice,,VA04_opt_2,profile=gd_010_authored;subtest=VA;correct_count=6,gd_010_authored_answer_recipe_v1
GD-010,safran_v1,VA05,single_choice,,VA05_opt_1,profile=gd_010_authored;subtest=VA;correct_count=6,gd_010_authored_answer_recipe_v1
GD-010,safran_v1,VA06,single_choice,,VA06_opt_4,profile=gd_010_authored;subtest=VA;correct_count=6,gd_010_authored_answer_recipe_v1
GD-010,safran_v1,VA07,single_choice,,VA07_opt_1,profile=gd_010_authored;subtest=VA;correct_count=6,gd_010_authored_answer_recipe_v1
GD-010,safran_v1,VA08,single_choice,,VA08_opt_1,profile=gd_010_authored;subtest=VA;correct_count=6,gd_010_authored_answer_recipe_v1
GD-010,safran_v1,VA09,single_choice,,VA09_opt_1,profile=gd_010_authored;subtest=VA;correct_count=6,gd_010_authored_answer_recipe_v1
GD-010,safran_v1,FA01,single_choice,,FA01_opt_correct,profile=gd_010_authored;subtest=FA;correct_count=5,gd_010_authored_answer_recipe_v1
GD-010,safran_v1,FA02,single_choice,,FA02_opt_correct,profile=gd_010_authored;subtest=FA;correct_count=5,gd_010_authored_answer_recipe_v1
GD-010,safran_v1,FA03,single_choice,,FA03_opt_correct,profile=gd_010_authored;subtest=FA;correct_count=5,gd_010_authored_answer_recipe_v1
GD-010,safran_v1,FA04,single_choice,,FA04_opt_correct,profile=gd_010_authored;subtest=FA;correct_count=5,gd_010_authored_answer_recipe_v1
GD-010,safran_v1,FA05,single_choice,,FA05_opt_correct,profile=gd_010_authored;subtest=FA;correct_count=5,gd_010_authored_answer_recipe_v1
GD-010,safran_v1,FA06,single_choice,,FA06_opt_dis1,profile=gd_010_authored;subtest=FA;correct_count=5,gd_010_authored_answer_recipe_v1
GD-010,safran_v1,FA07,single_choice,,FA07_opt_dis1,profile=gd_010_authored;subtest=FA;correct_count=5,gd_010_authored_answer_recipe_v1
GD-010,safran_v1,FA08,single_choice,,FA08_opt_dis1,profile=gd_010_authored;subtest=FA;correct_count=5,gd_010_authored_answer_recipe_v1
GD-010,safran_v1,FA09,single_choice,,FA09_opt_dis1,profile=gd_010_authored;subtest=FA;correct_count=5,gd_010_authored_answer_recipe_v1
GD-010,safran_v1,FM01,single_choice,,FM01_opt_correct,profile=gd_010_authored;subtest=FM;correct_count=4,gd_010_authored_answer_recipe_v1
GD-010,safran_v1,FM02,single_choice,,FM02_opt_correct,profile=gd_010_authored;subtest=FM;correct_count=4,gd_010_authored_answer_recipe_v1
GD-010,safran_v1,FM03,single_choice,,FM03_opt_correct,profile=gd_010_authored;subtest=FM;correct_count=4,gd_010_authored_answer_recipe_v1
GD-010,safran_v1,FM04,single_choice,,FM04_opt_correct,profile=gd_010_authored;subtest=FM;correct_count=4,gd_010_authored_answer_recipe_v1
GD-010,safran_v1,FM05,single_choice,,FM05_opt_dis1,profile=gd_010_authored;subtest=FM;correct_count=4,gd_010_authored_answer_recipe_v1
GD-010,safran_v1,FM06,single_choice,,FM06_opt_dis1,profile=gd_010_authored;subtest=FM;correct_count=4,gd_010_authored_answer_recipe_v1
GD-010,safran_v1,FM07,single_choice,,FM07_opt_dis1,profile=gd_010_authored;subtest=FM;correct_count=4,gd_010_authored_answer_recipe_v1
GD-010,safran_v1,FM08,single_choice,,FM08_opt_dis1,profile=gd_010_authored;subtest=FM;correct_count=4,gd_010_authored_answer_recipe_v1
GD-010,safran_v1,FM09,single_choice,,FM09_opt_dis1,profile=gd_010_authored;subtest=FM;correct_count=4,gd_010_authored_answer_recipe_v1
GD-010,safran_v1,NZ01_01,text,22,,profile=gd_010_authored;subtest=NZ;correct_count=7,gd_010_authored_answer_recipe_v1
GD-010,safran_v1,NZ02_01,text,4.5,,profile=gd_010_authored;subtest=NZ;correct_count=7,gd_010_authored_answer_recipe_v1
GD-010,safran_v1,NZ03_01,text,12.5,,profile=gd_010_authored;subtest=NZ;correct_count=7,gd_010_authored_answer_recipe_v1
GD-010,safran_v1,NZ04_01,text,17,,profile=gd_010_authored;subtest=NZ;correct_count=7,gd_010_authored_answer_recipe_v1
GD-010,safran_v1,NZ05_01,text,25,,profile=gd_010_authored;subtest=NZ;correct_count=7,gd_010_authored_answer_recipe_v1
GD-010,safran_v1,NZ06_01,text,9,,profile=gd_010_authored;subtest=NZ;correct_count=7,gd_010_authored_answer_recipe_v1
GD-010,safran_v1,NZ07_01,text,42,,profile=gd_010_authored;subtest=NZ;correct_count=7,gd_010_authored_answer_recipe_v1
GD-010,safran_v1,NZ08_01,text,9.5,,profile=gd_010_authored;subtest=NZ;correct_count=7,gd_010_authored_answer_recipe_v1
GD-010,safran_v1,NZ09_01,text,113,,profile=gd_010_authored;subtest=NZ;correct_count=7,gd_010_authored_answer_recipe_v1
GD-010,mwms_v1,MWMS_01,single_choice,,MWMS_LIKERT_1,profile=gd_010_authored;dimension=amotivation;values=1-1-2,gd_010_authored_answer_recipe_v1
GD-010,mwms_v1,MWMS_02,single_choice,,MWMS_LIKERT_1,profile=gd_010_authored;dimension=amotivation;values=1-1-2,gd_010_authored_answer_recipe_v1
GD-010,mwms_v1,MWMS_03,single_choice,,MWMS_LIKERT_2,profile=gd_010_authored;dimension=amotivation;values=1-1-2,gd_010_authored_answer_recipe_v1
GD-010,mwms_v1,MWMS_04,single_choice,,MWMS_LIKERT_2,profile=gd_010_authored;dimension=external_social;values=2-3-2,gd_010_authored_answer_recipe_v1
GD-010,mwms_v1,MWMS_05,single_choice,,MWMS_LIKERT_3,profile=gd_010_authored;dimension=external_social;values=2-3-2,gd_010_authored_answer_recipe_v1
GD-010,mwms_v1,MWMS_06,single_choice,,MWMS_LIKERT_2,profile=gd_010_authored;dimension=external_social;values=2-3-2,gd_010_authored_answer_recipe_v1
GD-010,mwms_v1,MWMS_07,single_choice,,MWMS_LIKERT_4,profile=gd_010_authored;dimension=external_material;values=4-4-5,gd_010_authored_answer_recipe_v1
GD-010,mwms_v1,MWMS_08,single_choice,,MWMS_LIKERT_4,profile=gd_010_authored;dimension=external_material;values=4-4-5,gd_010_authored_answer_recipe_v1
GD-010,mwms_v1,MWMS_09,single_choice,,MWMS_LIKERT_5,profile=gd_010_authored;dimension=external_material;values=4-4-5,gd_010_authored_answer_recipe_v1
GD-010,mwms_v1,MWMS_10,single_choice,,MWMS_LIKERT_4,profile=gd_010_authored;dimension=introjected;values=4-4-3-4,gd_010_authored_answer_recipe_v1
GD-010,mwms_v1,MWMS_11,single_choice,,MWMS_LIKERT_4,profile=gd_010_authored;dimension=introjected;values=4-4-3-4,gd_010_authored_answer_recipe_v1
GD-010,mwms_v1,MWMS_12,single_choice,,MWMS_LIKERT_3,profile=gd_010_authored;dimension=introjected;values=4-4-3-4,gd_010_authored_answer_recipe_v1
GD-010,mwms_v1,MWMS_13,single_choice,,MWMS_LIKERT_4,profile=gd_010_authored;dimension=introjected;values=4-4-3-4,gd_010_authored_answer_recipe_v1
GD-010,mwms_v1,MWMS_14,single_choice,,MWMS_LIKERT_6,profile=gd_010_authored;dimension=identified;values=6-6-6,gd_010_authored_answer_recipe_v1
GD-010,mwms_v1,MWMS_15,single_choice,,MWMS_LIKERT_6,profile=gd_010_authored;dimension=identified;values=6-6-6,gd_010_authored_answer_recipe_v1
GD-010,mwms_v1,MWMS_16,single_choice,,MWMS_LIKERT_6,profile=gd_010_authored;dimension=identified;values=6-6-6,gd_010_authored_answer_recipe_v1
GD-010,mwms_v1,MWMS_17,single_choice,,MWMS_LIKERT_5,profile=gd_010_authored;dimension=intrinsic;values=5-6-5,gd_010_authored_answer_recipe_v1
GD-010,mwms_v1,MWMS_18,single_choice,,MWMS_LIKERT_6,profile=gd_010_authored;dimension=intrinsic;values=5-6-5,gd_010_authored_answer_recipe_v1
GD-010,mwms_v1,MWMS_19,single_choice,,MWMS_LIKERT_5,profile=gd_010_authored;dimension=intrinsic;values=5-6-5,gd_010_authored_answer_recipe_v1
GD-011,ipip-neo-120-v1,N101,single_choice,,N,profile=gd_011_authored;facet=ANXIETY;target_sum=9;scored_pattern=3-2-2-2,gd_011_authored_answer_recipe_v1
GD-011,ipip-neo-120-v1,N102,single_choice,,D,profile=gd_011_authored;facet=ANXIETY;target_sum=9;scored_pattern=3-2-2-2,gd_011_authored_answer_recipe_v1
GD-011,ipip-neo-120-v1,N103,single_choice,,D,profile=gd_011_authored;facet=ANXIETY;target_sum=9;scored_pattern=3-2-2-2,gd_011_authored_answer_recipe_v1
GD-011,ipip-neo-120-v1,N104,single_choice,,D,profile=gd_011_authored;facet=ANXIETY;target_sum=9;scored_pattern=3-2-2-2,gd_011_authored_answer_recipe_v1
GD-011,ipip-neo-120-v1,N201,single_choice,,D,profile=gd_011_authored;facet=ANGER;target_sum=8;scored_pattern=2-2-2-2,gd_011_authored_answer_recipe_v1
GD-011,ipip-neo-120-v1,N202,single_choice,,D,profile=gd_011_authored;facet=ANGER;target_sum=8;scored_pattern=2-2-2-2,gd_011_authored_answer_recipe_v1
GD-011,ipip-neo-120-v1,N203,single_choice,,D,profile=gd_011_authored;facet=ANGER;target_sum=8;scored_pattern=2-2-2-2,gd_011_authored_answer_recipe_v1
GD-011,ipip-neo-120-v1,N204,single_choice,,A,profile=gd_011_authored;facet=ANGER;target_sum=8;scored_pattern=2-2-2-2,gd_011_authored_answer_recipe_v1
GD-011,ipip-neo-120-v1,N301,single_choice,,D,profile=gd_011_authored;facet=DEPRESSION;target_sum=7;scored_pattern=2-2-2-1,gd_011_authored_answer_recipe_v1
GD-011,ipip-neo-120-v1,N302,single_choice,,D,profile=gd_011_authored;facet=DEPRESSION;target_sum=7;scored_pattern=2-2-2-1,gd_011_authored_answer_recipe_v1
GD-011,ipip-neo-120-v1,N303,single_choice,,D,profile=gd_011_authored;facet=DEPRESSION;target_sum=7;scored_pattern=2-2-2-1,gd_011_authored_answer_recipe_v1
GD-011,ipip-neo-120-v1,N304,single_choice,,SA,profile=gd_011_authored;facet=DEPRESSION;target_sum=7;scored_pattern=2-2-2-1,gd_011_authored_answer_recipe_v1
GD-011,ipip-neo-120-v1,N401,single_choice,,N,profile=gd_011_authored;facet=SELF_CONSCIOUSNESS;target_sum=11;scored_pattern=3-3-3-2,gd_011_authored_answer_recipe_v1
GD-011,ipip-neo-120-v1,N402,single_choice,,N,profile=gd_011_authored;facet=SELF_CONSCIOUSNESS;target_sum=11;scored_pattern=3-3-3-2,gd_011_authored_answer_recipe_v1
GD-011,ipip-neo-120-v1,N403,single_choice,,N,profile=gd_011_authored;facet=SELF_CONSCIOUSNESS;target_sum=11;scored_pattern=3-3-3-2,gd_011_authored_answer_recipe_v1
GD-011,ipip-neo-120-v1,N404,single_choice,,A,profile=gd_011_authored;facet=SELF_CONSCIOUSNESS;target_sum=11;scored_pattern=3-3-3-2,gd_011_authored_answer_recipe_v1
GD-011,ipip-neo-120-v1,N501,single_choice,,D,profile=gd_011_authored;facet=IMMODERATION;target_sum=7;scored_pattern=2-2-2-1,gd_011_authored_answer_recipe_v1
GD-011,ipip-neo-120-v1,N502,single_choice,,A,profile=gd_011_authored;facet=IMMODERATION;target_sum=7;scored_pattern=2-2-2-1,gd_011_authored_answer_recipe_v1
GD-011,ipip-neo-120-v1,N503,single_choice,,A,profile=gd_011_authored;facet=IMMODERATION;target_sum=7;scored_pattern=2-2-2-1,gd_011_authored_answer_recipe_v1
GD-011,ipip-neo-120-v1,N504,single_choice,,SA,profile=gd_011_authored;facet=IMMODERATION;target_sum=7;scored_pattern=2-2-2-1,gd_011_authored_answer_recipe_v1
GD-011,ipip-neo-120-v1,N601,single_choice,,N,profile=gd_011_authored;facet=VULNERABILITY;target_sum=10;scored_pattern=3-3-2-2,gd_011_authored_answer_recipe_v1
GD-011,ipip-neo-120-v1,N602,single_choice,,N,profile=gd_011_authored;facet=VULNERABILITY;target_sum=10;scored_pattern=3-3-2-2,gd_011_authored_answer_recipe_v1
GD-011,ipip-neo-120-v1,N603,single_choice,,D,profile=gd_011_authored;facet=VULNERABILITY;target_sum=10;scored_pattern=3-3-2-2,gd_011_authored_answer_recipe_v1
GD-011,ipip-neo-120-v1,N604,single_choice,,A,profile=gd_011_authored;facet=VULNERABILITY;target_sum=10;scored_pattern=3-3-2-2,gd_011_authored_answer_recipe_v1
GD-011,ipip-neo-120-v1,E101,single_choice,,A,profile=gd_011_authored;facet=FRIENDLINESS;target_sum=13;scored_pattern=4-3-3-3,gd_011_authored_answer_recipe_v1
GD-011,ipip-neo-120-v1,E102,single_choice,,N,profile=gd_011_authored;facet=FRIENDLINESS;target_sum=13;scored_pattern=4-3-3-3,gd_011_authored_answer_recipe_v1
GD-011,ipip-neo-120-v1,E103,single_choice,,N,profile=gd_011_authored;facet=FRIENDLINESS;target_sum=13;scored_pattern=4-3-3-3,gd_011_authored_answer_recipe_v1
GD-011,ipip-neo-120-v1,E104,single_choice,,N,profile=gd_011_authored;facet=FRIENDLINESS;target_sum=13;scored_pattern=4-3-3-3,gd_011_authored_answer_recipe_v1
GD-011,ipip-neo-120-v1,E201,single_choice,,N,profile=gd_011_authored;facet=GREGARIOUSNESS;target_sum=10;scored_pattern=3-3-2-2,gd_011_authored_answer_recipe_v1
GD-011,ipip-neo-120-v1,E202,single_choice,,N,profile=gd_011_authored;facet=GREGARIOUSNESS;target_sum=10;scored_pattern=3-3-2-2,gd_011_authored_answer_recipe_v1
GD-011,ipip-neo-120-v1,E203,single_choice,,A,profile=gd_011_authored;facet=GREGARIOUSNESS;target_sum=10;scored_pattern=3-3-2-2,gd_011_authored_answer_recipe_v1
GD-011,ipip-neo-120-v1,E204,single_choice,,A,profile=gd_011_authored;facet=GREGARIOUSNESS;target_sum=10;scored_pattern=3-3-2-2,gd_011_authored_answer_recipe_v1
GD-011,ipip-neo-120-v1,E301,single_choice,,A,profile=gd_011_authored;facet=ASSERTIVENESS;target_sum=14;scored_pattern=4-4-3-3,gd_011_authored_answer_recipe_v1
GD-011,ipip-neo-120-v1,E302,single_choice,,A,profile=gd_011_authored;facet=ASSERTIVENESS;target_sum=14;scored_pattern=4-4-3-3,gd_011_authored_answer_recipe_v1
GD-011,ipip-neo-120-v1,E303,single_choice,,N,profile=gd_011_authored;facet=ASSERTIVENESS;target_sum=14;scored_pattern=4-4-3-3,gd_011_authored_answer_recipe_v1
GD-011,ipip-neo-120-v1,E304,single_choice,,N,profile=gd_011_authored;facet=ASSERTIVENESS;target_sum=14;scored_pattern=4-4-3-3,gd_011_authored_answer_recipe_v1
GD-011,ipip-neo-120-v1,E401,single_choice,,N,profile=gd_011_authored;facet=ACTIVITY_LEVEL;target_sum=12;scored_pattern=3-3-3-3,gd_011_authored_answer_recipe_v1
GD-011,ipip-neo-120-v1,E402,single_choice,,N,profile=gd_011_authored;facet=ACTIVITY_LEVEL;target_sum=12;scored_pattern=3-3-3-3,gd_011_authored_answer_recipe_v1
GD-011,ipip-neo-120-v1,E403,single_choice,,N,profile=gd_011_authored;facet=ACTIVITY_LEVEL;target_sum=12;scored_pattern=3-3-3-3,gd_011_authored_answer_recipe_v1
GD-011,ipip-neo-120-v1,E404,single_choice,,N,profile=gd_011_authored;facet=ACTIVITY_LEVEL;target_sum=12;scored_pattern=3-3-3-3,gd_011_authored_answer_recipe_v1
GD-011,ipip-neo-120-v1,E501,single_choice,,D,profile=gd_011_authored;facet=EXCITEMENT_SEEKING;target_sum=8;scored_pattern=2-2-2-2,gd_011_authored_answer_recipe_v1
GD-011,ipip-neo-120-v1,E502,single_choice,,D,profile=gd_011_authored;facet=EXCITEMENT_SEEKING;target_sum=8;scored_pattern=2-2-2-2,gd_011_authored_answer_recipe_v1
GD-011,ipip-neo-120-v1,E503,single_choice,,D,profile=gd_011_authored;facet=EXCITEMENT_SEEKING;target_sum=8;scored_pattern=2-2-2-2,gd_011_authored_answer_recipe_v1
GD-011,ipip-neo-120-v1,E504,single_choice,,D,profile=gd_011_authored;facet=EXCITEMENT_SEEKING;target_sum=8;scored_pattern=2-2-2-2,gd_011_authored_answer_recipe_v1
GD-011,ipip-neo-120-v1,E601,single_choice,,N,profile=gd_011_authored;facet=CHEERFULNESS;target_sum=12;scored_pattern=3-3-3-3,gd_011_authored_answer_recipe_v1
GD-011,ipip-neo-120-v1,E602,single_choice,,N,profile=gd_011_authored;facet=CHEERFULNESS;target_sum=12;scored_pattern=3-3-3-3,gd_011_authored_answer_recipe_v1
GD-011,ipip-neo-120-v1,E603,single_choice,,N,profile=gd_011_authored;facet=CHEERFULNESS;target_sum=12;scored_pattern=3-3-3-3,gd_011_authored_answer_recipe_v1
GD-011,ipip-neo-120-v1,E604,single_choice,,N,profile=gd_011_authored;facet=CHEERFULNESS;target_sum=12;scored_pattern=3-3-3-3,gd_011_authored_answer_recipe_v1
GD-011,ipip-neo-120-v1,O101,single_choice,,A,profile=gd_011_authored;facet=IMAGINATION;target_sum=13;scored_pattern=4-3-3-3,gd_011_authored_answer_recipe_v1
GD-011,ipip-neo-120-v1,O102,single_choice,,N,profile=gd_011_authored;facet=IMAGINATION;target_sum=13;scored_pattern=4-3-3-3,gd_011_authored_answer_recipe_v1
GD-011,ipip-neo-120-v1,O103,single_choice,,N,profile=gd_011_authored;facet=IMAGINATION;target_sum=13;scored_pattern=4-3-3-3,gd_011_authored_answer_recipe_v1
GD-011,ipip-neo-120-v1,O104,single_choice,,N,profile=gd_011_authored;facet=IMAGINATION;target_sum=13;scored_pattern=4-3-3-3,gd_011_authored_answer_recipe_v1
GD-011,ipip-neo-120-v1,O201,single_choice,,N,profile=gd_011_authored;facet=ARTISTIC_INTERESTS;target_sum=11;scored_pattern=3-3-3-2,gd_011_authored_answer_recipe_v1
GD-011,ipip-neo-120-v1,O202,single_choice,,N,profile=gd_011_authored;facet=ARTISTIC_INTERESTS;target_sum=11;scored_pattern=3-3-3-2,gd_011_authored_answer_recipe_v1
GD-011,ipip-neo-120-v1,O203,single_choice,,N,profile=gd_011_authored;facet=ARTISTIC_INTERESTS;target_sum=11;scored_pattern=3-3-3-2,gd_011_authored_answer_recipe_v1
GD-011,ipip-neo-120-v1,O204,single_choice,,A,profile=gd_011_authored;facet=ARTISTIC_INTERESTS;target_sum=11;scored_pattern=3-3-3-2,gd_011_authored_answer_recipe_v1
GD-011,ipip-neo-120-v1,O301,single_choice,,N,profile=gd_011_authored;facet=EMOTIONALITY;target_sum=11;scored_pattern=3-3-3-2,gd_011_authored_answer_recipe_v1
GD-011,ipip-neo-120-v1,O302,single_choice,,N,profile=gd_011_authored;facet=EMOTIONALITY;target_sum=11;scored_pattern=3-3-3-2,gd_011_authored_answer_recipe_v1
GD-011,ipip-neo-120-v1,O303,single_choice,,N,profile=gd_011_authored;facet=EMOTIONALITY;target_sum=11;scored_pattern=3-3-3-2,gd_011_authored_answer_recipe_v1
GD-011,ipip-neo-120-v1,O304,single_choice,,A,profile=gd_011_authored;facet=EMOTIONALITY;target_sum=11;scored_pattern=3-3-3-2,gd_011_authored_answer_recipe_v1
GD-011,ipip-neo-120-v1,O401,single_choice,,N,profile=gd_011_authored;facet=ADVENTUROUSNESS;target_sum=11;scored_pattern=3-3-3-2,gd_011_authored_answer_recipe_v1
GD-011,ipip-neo-120-v1,O402,single_choice,,N,profile=gd_011_authored;facet=ADVENTUROUSNESS;target_sum=11;scored_pattern=3-3-3-2,gd_011_authored_answer_recipe_v1
GD-011,ipip-neo-120-v1,O403,single_choice,,N,profile=gd_011_authored;facet=ADVENTUROUSNESS;target_sum=11;scored_pattern=3-3-3-2,gd_011_authored_answer_recipe_v1
GD-011,ipip-neo-120-v1,O404,single_choice,,A,profile=gd_011_authored;facet=ADVENTUROUSNESS;target_sum=11;scored_pattern=3-3-3-2,gd_011_authored_answer_recipe_v1
GD-011,ipip-neo-120-v1,O501,single_choice,,A,profile=gd_011_authored;facet=INTELLECT;target_sum=16;scored_pattern=4-4-4-4,gd_011_authored_answer_recipe_v1
GD-011,ipip-neo-120-v1,O502,single_choice,,D,profile=gd_011_authored;facet=INTELLECT;target_sum=16;scored_pattern=4-4-4-4,gd_011_authored_answer_recipe_v1
GD-011,ipip-neo-120-v1,O503,single_choice,,D,profile=gd_011_authored;facet=INTELLECT;target_sum=16;scored_pattern=4-4-4-4,gd_011_authored_answer_recipe_v1
GD-011,ipip-neo-120-v1,O504,single_choice,,D,profile=gd_011_authored;facet=INTELLECT;target_sum=16;scored_pattern=4-4-4-4,gd_011_authored_answer_recipe_v1
GD-011,ipip-neo-120-v1,O601,single_choice,,N,profile=gd_011_authored;facet=LIBERALISM;target_sum=12;scored_pattern=3-3-3-3,gd_011_authored_answer_recipe_v1
GD-011,ipip-neo-120-v1,O602,single_choice,,N,profile=gd_011_authored;facet=LIBERALISM;target_sum=12;scored_pattern=3-3-3-3,gd_011_authored_answer_recipe_v1
GD-011,ipip-neo-120-v1,O603,single_choice,,N,profile=gd_011_authored;facet=LIBERALISM;target_sum=12;scored_pattern=3-3-3-3,gd_011_authored_answer_recipe_v1
GD-011,ipip-neo-120-v1,O604,single_choice,,N,profile=gd_011_authored;facet=LIBERALISM;target_sum=12;scored_pattern=3-3-3-3,gd_011_authored_answer_recipe_v1
GD-011,ipip-neo-120-v1,A101,single_choice,,N,profile=gd_011_authored;facet=TRUST;target_sum=12;scored_pattern=3-3-3-3,gd_011_authored_answer_recipe_v1
GD-011,ipip-neo-120-v1,A102,single_choice,,N,profile=gd_011_authored;facet=TRUST;target_sum=12;scored_pattern=3-3-3-3,gd_011_authored_answer_recipe_v1
GD-011,ipip-neo-120-v1,A103,single_choice,,N,profile=gd_011_authored;facet=TRUST;target_sum=12;scored_pattern=3-3-3-3,gd_011_authored_answer_recipe_v1
GD-011,ipip-neo-120-v1,A104,single_choice,,N,profile=gd_011_authored;facet=TRUST;target_sum=12;scored_pattern=3-3-3-3,gd_011_authored_answer_recipe_v1
GD-011,ipip-neo-120-v1,A201,single_choice,,SD,profile=gd_011_authored;facet=MORALITY;target_sum=18;scored_pattern=5-5-4-4,gd_011_authored_answer_recipe_v1
GD-011,ipip-neo-120-v1,A202,single_choice,,SD,profile=gd_011_authored;facet=MORALITY;target_sum=18;scored_pattern=5-5-4-4,gd_011_authored_answer_recipe_v1
GD-011,ipip-neo-120-v1,A203,single_choice,,D,profile=gd_011_authored;facet=MORALITY;target_sum=18;scored_pattern=5-5-4-4,gd_011_authored_answer_recipe_v1
GD-011,ipip-neo-120-v1,A204,single_choice,,D,profile=gd_011_authored;facet=MORALITY;target_sum=18;scored_pattern=5-5-4-4,gd_011_authored_answer_recipe_v1
GD-011,ipip-neo-120-v1,A301,single_choice,,A,profile=gd_011_authored;facet=ALTRUISM;target_sum=14;scored_pattern=4-4-3-3,gd_011_authored_answer_recipe_v1
GD-011,ipip-neo-120-v1,A302,single_choice,,A,profile=gd_011_authored;facet=ALTRUISM;target_sum=14;scored_pattern=4-4-3-3,gd_011_authored_answer_recipe_v1
GD-011,ipip-neo-120-v1,A303,single_choice,,N,profile=gd_011_authored;facet=ALTRUISM;target_sum=14;scored_pattern=4-4-3-3,gd_011_authored_answer_recipe_v1
GD-011,ipip-neo-120-v1,A304,single_choice,,N,profile=gd_011_authored;facet=ALTRUISM;target_sum=14;scored_pattern=4-4-3-3,gd_011_authored_answer_recipe_v1
GD-011,ipip-neo-120-v1,A401,single_choice,,SD,profile=gd_011_authored;facet=COOPERATION;target_sum=17;scored_pattern=5-4-4-4,gd_011_authored_answer_recipe_v1
GD-011,ipip-neo-120-v1,A402,single_choice,,D,profile=gd_011_authored;facet=COOPERATION;target_sum=17;scored_pattern=5-4-4-4,gd_011_authored_answer_recipe_v1
GD-011,ipip-neo-120-v1,A403,single_choice,,D,profile=gd_011_authored;facet=COOPERATION;target_sum=17;scored_pattern=5-4-4-4,gd_011_authored_answer_recipe_v1
GD-011,ipip-neo-120-v1,A404,single_choice,,D,profile=gd_011_authored;facet=COOPERATION;target_sum=17;scored_pattern=5-4-4-4,gd_011_authored_answer_recipe_v1
GD-011,ipip-neo-120-v1,A501,single_choice,,N,profile=gd_011_authored;facet=MODESTY;target_sum=12;scored_pattern=3-3-3-3,gd_011_authored_answer_recipe_v1
GD-011,ipip-neo-120-v1,A502,single_choice,,N,profile=gd_011_authored;facet=MODESTY;target_sum=12;scored_pattern=3-3-3-3,gd_011_authored_answer_recipe_v1
GD-011,ipip-neo-120-v1,A503,single_choice,,N,profile=gd_011_authored;facet=MODESTY;target_sum=12;scored_pattern=3-3-3-3,gd_011_authored_answer_recipe_v1
GD-011,ipip-neo-120-v1,A504,single_choice,,N,profile=gd_011_authored;facet=MODESTY;target_sum=12;scored_pattern=3-3-3-3,gd_011_authored_answer_recipe_v1
GD-011,ipip-neo-120-v1,A601,single_choice,,A,profile=gd_011_authored;facet=SYMPATHY;target_sum=13;scored_pattern=4-3-3-3,gd_011_authored_answer_recipe_v1
GD-011,ipip-neo-120-v1,A602,single_choice,,N,profile=gd_011_authored;facet=SYMPATHY;target_sum=13;scored_pattern=4-3-3-3,gd_011_authored_answer_recipe_v1
GD-011,ipip-neo-120-v1,A603,single_choice,,N,profile=gd_011_authored;facet=SYMPATHY;target_sum=13;scored_pattern=4-3-3-3,gd_011_authored_answer_recipe_v1
GD-011,ipip-neo-120-v1,A604,single_choice,,N,profile=gd_011_authored;facet=SYMPATHY;target_sum=13;scored_pattern=4-3-3-3,gd_011_authored_answer_recipe_v1
GD-011,ipip-neo-120-v1,C101,single_choice,,A,profile=gd_011_authored;facet=SELF_EFFICACY;target_sum=16;scored_pattern=4-4-4-4,gd_011_authored_answer_recipe_v1
GD-011,ipip-neo-120-v1,C102,single_choice,,A,profile=gd_011_authored;facet=SELF_EFFICACY;target_sum=16;scored_pattern=4-4-4-4,gd_011_authored_answer_recipe_v1
GD-011,ipip-neo-120-v1,C103,single_choice,,A,profile=gd_011_authored;facet=SELF_EFFICACY;target_sum=16;scored_pattern=4-4-4-4,gd_011_authored_answer_recipe_v1
GD-011,ipip-neo-120-v1,C104,single_choice,,A,profile=gd_011_authored;facet=SELF_EFFICACY;target_sum=16;scored_pattern=4-4-4-4,gd_011_authored_answer_recipe_v1
GD-011,ipip-neo-120-v1,C201,single_choice,,SA,profile=gd_011_authored;facet=ORDERLINESS;target_sum=18;scored_pattern=5-5-4-4,gd_011_authored_answer_recipe_v1
GD-011,ipip-neo-120-v1,C202,single_choice,,SD,profile=gd_011_authored;facet=ORDERLINESS;target_sum=18;scored_pattern=5-5-4-4,gd_011_authored_answer_recipe_v1
GD-011,ipip-neo-120-v1,C203,single_choice,,D,profile=gd_011_authored;facet=ORDERLINESS;target_sum=18;scored_pattern=5-5-4-4,gd_011_authored_answer_recipe_v1
GD-011,ipip-neo-120-v1,C204,single_choice,,D,profile=gd_011_authored;facet=ORDERLINESS;target_sum=18;scored_pattern=5-5-4-4,gd_011_authored_answer_recipe_v1
GD-011,ipip-neo-120-v1,C301,single_choice,,SA,profile=gd_011_authored;facet=DUTIFULNESS;target_sum=19;scored_pattern=5-5-5-4,gd_011_authored_answer_recipe_v1
GD-011,ipip-neo-120-v1,C302,single_choice,,SA,profile=gd_011_authored;facet=DUTIFULNESS;target_sum=19;scored_pattern=5-5-5-4,gd_011_authored_answer_recipe_v1
GD-011,ipip-neo-120-v1,C303,single_choice,,SD,profile=gd_011_authored;facet=DUTIFULNESS;target_sum=19;scored_pattern=5-5-5-4,gd_011_authored_answer_recipe_v1
GD-011,ipip-neo-120-v1,C304,single_choice,,D,profile=gd_011_authored;facet=DUTIFULNESS;target_sum=19;scored_pattern=5-5-5-4,gd_011_authored_answer_recipe_v1
GD-011,ipip-neo-120-v1,C401,single_choice,,A,profile=gd_011_authored;facet=ACHIEVEMENT_STRIVING;target_sum=15;scored_pattern=4-4-4-3,gd_011_authored_answer_recipe_v1
GD-011,ipip-neo-120-v1,C402,single_choice,,A,profile=gd_011_authored;facet=ACHIEVEMENT_STRIVING;target_sum=15;scored_pattern=4-4-4-3,gd_011_authored_answer_recipe_v1
GD-011,ipip-neo-120-v1,C403,single_choice,,D,profile=gd_011_authored;facet=ACHIEVEMENT_STRIVING;target_sum=15;scored_pattern=4-4-4-3,gd_011_authored_answer_recipe_v1
GD-011,ipip-neo-120-v1,C404,single_choice,,N,profile=gd_011_authored;facet=ACHIEVEMENT_STRIVING;target_sum=15;scored_pattern=4-4-4-3,gd_011_authored_answer_recipe_v1
GD-011,ipip-neo-120-v1,C501,single_choice,,SA,profile=gd_011_authored;facet=SELF_DISCIPLINE;target_sum=18;scored_pattern=5-5-4-4,gd_011_authored_answer_recipe_v1
GD-011,ipip-neo-120-v1,C502,single_choice,,SA,profile=gd_011_authored;facet=SELF_DISCIPLINE;target_sum=18;scored_pattern=5-5-4-4,gd_011_authored_answer_recipe_v1
GD-011,ipip-neo-120-v1,C503,single_choice,,D,profile=gd_011_authored;facet=SELF_DISCIPLINE;target_sum=18;scored_pattern=5-5-4-4,gd_011_authored_answer_recipe_v1
GD-011,ipip-neo-120-v1,C504,single_choice,,D,profile=gd_011_authored;facet=SELF_DISCIPLINE;target_sum=18;scored_pattern=5-5-4-4,gd_011_authored_answer_recipe_v1
GD-011,ipip-neo-120-v1,C601,single_choice,,SD,profile=gd_011_authored;facet=CAUTIOUSNESS;target_sum=17;scored_pattern=5-4-4-4,gd_011_authored_answer_recipe_v1
GD-011,ipip-neo-120-v1,C602,single_choice,,D,profile=gd_011_authored;facet=CAUTIOUSNESS;target_sum=17;scored_pattern=5-4-4-4,gd_011_authored_answer_recipe_v1
GD-011,ipip-neo-120-v1,C603,single_choice,,D,profile=gd_011_authored;facet=CAUTIOUSNESS;target_sum=17;scored_pattern=5-4-4-4,gd_011_authored_answer_recipe_v1
GD-011,ipip-neo-120-v1,C604,single_choice,,D,profile=gd_011_authored;facet=CAUTIOUSNESS;target_sum=17;scored_pattern=5-4-4-4,gd_011_authored_answer_recipe_v1
GD-011,safran_v1,VW01,single_choice,,VW01_opt_3,profile=gd_011_authored;subtest=VW;correct_count=7,gd_011_authored_answer_recipe_v1
GD-011,safran_v1,VW02,single_choice,,VW02_opt_4,profile=gd_011_authored;subtest=VW;correct_count=7,gd_011_authored_answer_recipe_v1
GD-011,safran_v1,VW03,single_choice,,VW03_opt_4,profile=gd_011_authored;subtest=VW;correct_count=7,gd_011_authored_answer_recipe_v1
GD-011,safran_v1,VW04,single_choice,,VW04_opt_3,profile=gd_011_authored;subtest=VW;correct_count=7,gd_011_authored_answer_recipe_v1
GD-011,safran_v1,VW05,single_choice,,VW05_opt_2,profile=gd_011_authored;subtest=VW;correct_count=7,gd_011_authored_answer_recipe_v1
GD-011,safran_v1,VW06,single_choice,,VW06_opt_4,profile=gd_011_authored;subtest=VW;correct_count=7,gd_011_authored_answer_recipe_v1
GD-011,safran_v1,VW07,single_choice,,VW07_opt_1,profile=gd_011_authored;subtest=VW;correct_count=7,gd_011_authored_answer_recipe_v1
GD-011,safran_v1,VW08,single_choice,,VW08_opt_1,profile=gd_011_authored;subtest=VW;correct_count=7,gd_011_authored_answer_recipe_v1
GD-011,safran_v1,VW09,single_choice,,VW09_opt_1,profile=gd_011_authored;subtest=VW;correct_count=7,gd_011_authored_answer_recipe_v1
GD-011,safran_v1,VA01,single_choice,,VA01_opt_3,profile=gd_011_authored;subtest=VA;correct_count=7,gd_011_authored_answer_recipe_v1
GD-011,safran_v1,VA02,single_choice,,VA02_opt_5,profile=gd_011_authored;subtest=VA;correct_count=7,gd_011_authored_answer_recipe_v1
GD-011,safran_v1,VA03,single_choice,,VA03_opt_3,profile=gd_011_authored;subtest=VA;correct_count=7,gd_011_authored_answer_recipe_v1
GD-011,safran_v1,VA04,single_choice,,VA04_opt_2,profile=gd_011_authored;subtest=VA;correct_count=7,gd_011_authored_answer_recipe_v1
GD-011,safran_v1,VA05,single_choice,,VA05_opt_1,profile=gd_011_authored;subtest=VA;correct_count=7,gd_011_authored_answer_recipe_v1
GD-011,safran_v1,VA06,single_choice,,VA06_opt_4,profile=gd_011_authored;subtest=VA;correct_count=7,gd_011_authored_answer_recipe_v1
GD-011,safran_v1,VA07,single_choice,,VA07_opt_4,profile=gd_011_authored;subtest=VA;correct_count=7,gd_011_authored_answer_recipe_v1
GD-011,safran_v1,VA08,single_choice,,VA08_opt_1,profile=gd_011_authored;subtest=VA;correct_count=7,gd_011_authored_answer_recipe_v1
GD-011,safran_v1,VA09,single_choice,,VA09_opt_1,profile=gd_011_authored;subtest=VA;correct_count=7,gd_011_authored_answer_recipe_v1
GD-011,safran_v1,FA01,single_choice,,FA01_opt_correct,profile=gd_011_authored;subtest=FA;correct_count=5,gd_011_authored_answer_recipe_v1
GD-011,safran_v1,FA02,single_choice,,FA02_opt_correct,profile=gd_011_authored;subtest=FA;correct_count=5,gd_011_authored_answer_recipe_v1
GD-011,safran_v1,FA03,single_choice,,FA03_opt_correct,profile=gd_011_authored;subtest=FA;correct_count=5,gd_011_authored_answer_recipe_v1
GD-011,safran_v1,FA04,single_choice,,FA04_opt_correct,profile=gd_011_authored;subtest=FA;correct_count=5,gd_011_authored_answer_recipe_v1
GD-011,safran_v1,FA05,single_choice,,FA05_opt_correct,profile=gd_011_authored;subtest=FA;correct_count=5,gd_011_authored_answer_recipe_v1
GD-011,safran_v1,FA06,single_choice,,FA06_opt_dis1,profile=gd_011_authored;subtest=FA;correct_count=5,gd_011_authored_answer_recipe_v1
GD-011,safran_v1,FA07,single_choice,,FA07_opt_dis1,profile=gd_011_authored;subtest=FA;correct_count=5,gd_011_authored_answer_recipe_v1
GD-011,safran_v1,FA08,single_choice,,FA08_opt_dis1,profile=gd_011_authored;subtest=FA;correct_count=5,gd_011_authored_answer_recipe_v1
GD-011,safran_v1,FA09,single_choice,,FA09_opt_dis1,profile=gd_011_authored;subtest=FA;correct_count=5,gd_011_authored_answer_recipe_v1
GD-011,safran_v1,FM01,single_choice,,FM01_opt_correct,profile=gd_011_authored;subtest=FM;correct_count=5,gd_011_authored_answer_recipe_v1
GD-011,safran_v1,FM02,single_choice,,FM02_opt_correct,profile=gd_011_authored;subtest=FM;correct_count=5,gd_011_authored_answer_recipe_v1
GD-011,safran_v1,FM03,single_choice,,FM03_opt_correct,profile=gd_011_authored;subtest=FM;correct_count=5,gd_011_authored_answer_recipe_v1
GD-011,safran_v1,FM04,single_choice,,FM04_opt_correct,profile=gd_011_authored;subtest=FM;correct_count=5,gd_011_authored_answer_recipe_v1
GD-011,safran_v1,FM05,single_choice,,FM05_opt_correct,profile=gd_011_authored;subtest=FM;correct_count=5,gd_011_authored_answer_recipe_v1
GD-011,safran_v1,FM06,single_choice,,FM06_opt_dis1,profile=gd_011_authored;subtest=FM;correct_count=5,gd_011_authored_answer_recipe_v1
GD-011,safran_v1,FM07,single_choice,,FM07_opt_dis1,profile=gd_011_authored;subtest=FM;correct_count=5,gd_011_authored_answer_recipe_v1
GD-011,safran_v1,FM08,single_choice,,FM08_opt_dis1,profile=gd_011_authored;subtest=FM;correct_count=5,gd_011_authored_answer_recipe_v1
GD-011,safran_v1,FM09,single_choice,,FM09_opt_dis1,profile=gd_011_authored;subtest=FM;correct_count=5,gd_011_authored_answer_recipe_v1
GD-011,safran_v1,NZ01_01,text,22,,profile=gd_011_authored;subtest=NZ;correct_count=6,gd_011_authored_answer_recipe_v1
GD-011,safran_v1,NZ02_01,text,4.5,,profile=gd_011_authored;subtest=NZ;correct_count=6,gd_011_authored_answer_recipe_v1
GD-011,safran_v1,NZ03_01,text,12.5,,profile=gd_011_authored;subtest=NZ;correct_count=6,gd_011_authored_answer_recipe_v1
GD-011,safran_v1,NZ04_01,text,17,,profile=gd_011_authored;subtest=NZ;correct_count=6,gd_011_authored_answer_recipe_v1
GD-011,safran_v1,NZ05_01,text,25,,profile=gd_011_authored;subtest=NZ;correct_count=6,gd_011_authored_answer_recipe_v1
GD-011,safran_v1,NZ06_01,text,9,,profile=gd_011_authored;subtest=NZ;correct_count=6,gd_011_authored_answer_recipe_v1
GD-011,safran_v1,NZ07_01,text,43,,profile=gd_011_authored;subtest=NZ;correct_count=6,gd_011_authored_answer_recipe_v1
GD-011,safran_v1,NZ08_01,text,9.5,,profile=gd_011_authored;subtest=NZ;correct_count=6,gd_011_authored_answer_recipe_v1
GD-011,safran_v1,NZ09_01,text,113,,profile=gd_011_authored;subtest=NZ;correct_count=6,gd_011_authored_answer_recipe_v1
GD-011,mwms_v1,MWMS_01,single_choice,,MWMS_LIKERT_1,profile=gd_011_authored;dimension=amotivation;values=1-2-1,gd_011_authored_answer_recipe_v1
GD-011,mwms_v1,MWMS_02,single_choice,,MWMS_LIKERT_2,profile=gd_011_authored;dimension=amotivation;values=1-2-1,gd_011_authored_answer_recipe_v1
GD-011,mwms_v1,MWMS_03,single_choice,,MWMS_LIKERT_1,profile=gd_011_authored;dimension=amotivation;values=1-2-1,gd_011_authored_answer_recipe_v1
GD-011,mwms_v1,MWMS_04,single_choice,,MWMS_LIKERT_2,profile=gd_011_authored;dimension=external_social;values=2-3-2,gd_011_authored_answer_recipe_v1
GD-011,mwms_v1,MWMS_05,single_choice,,MWMS_LIKERT_3,profile=gd_011_authored;dimension=external_social;values=2-3-2,gd_011_authored_answer_recipe_v1
GD-011,mwms_v1,MWMS_06,single_choice,,MWMS_LIKERT_2,profile=gd_011_authored;dimension=external_social;values=2-3-2,gd_011_authored_answer_recipe_v1
GD-011,mwms_v1,MWMS_07,single_choice,,MWMS_LIKERT_4,profile=gd_011_authored;dimension=external_material;values=4-4-5,gd_011_authored_answer_recipe_v1
GD-011,mwms_v1,MWMS_08,single_choice,,MWMS_LIKERT_4,profile=gd_011_authored;dimension=external_material;values=4-4-5,gd_011_authored_answer_recipe_v1
GD-011,mwms_v1,MWMS_09,single_choice,,MWMS_LIKERT_5,profile=gd_011_authored;dimension=external_material;values=4-4-5,gd_011_authored_answer_recipe_v1
GD-011,mwms_v1,MWMS_10,single_choice,,MWMS_LIKERT_4,profile=gd_011_authored;dimension=introjected;values=4-5-4-4,gd_011_authored_answer_recipe_v1
GD-011,mwms_v1,MWMS_11,single_choice,,MWMS_LIKERT_5,profile=gd_011_authored;dimension=introjected;values=4-5-4-4,gd_011_authored_answer_recipe_v1
GD-011,mwms_v1,MWMS_12,single_choice,,MWMS_LIKERT_4,profile=gd_011_authored;dimension=introjected;values=4-5-4-4,gd_011_authored_answer_recipe_v1
GD-011,mwms_v1,MWMS_13,single_choice,,MWMS_LIKERT_4,profile=gd_011_authored;dimension=introjected;values=4-5-4-4,gd_011_authored_answer_recipe_v1
GD-011,mwms_v1,MWMS_14,single_choice,,MWMS_LIKERT_6,profile=gd_011_authored;dimension=identified;values=6-7-6,gd_011_authored_answer_recipe_v1
GD-011,mwms_v1,MWMS_15,single_choice,,MWMS_LIKERT_7,profile=gd_011_authored;dimension=identified;values=6-7-6,gd_011_authored_answer_recipe_v1
GD-011,mwms_v1,MWMS_16,single_choice,,MWMS_LIKERT_6,profile=gd_011_authored;dimension=identified;values=6-7-6,gd_011_authored_answer_recipe_v1
GD-011,mwms_v1,MWMS_17,single_choice,,MWMS_LIKERT_5,profile=gd_011_authored;dimension=intrinsic;values=5-6-6,gd_011_authored_answer_recipe_v1
GD-011,mwms_v1,MWMS_18,single_choice,,MWMS_LIKERT_6,profile=gd_011_authored;dimension=intrinsic;values=5-6-6,gd_011_authored_answer_recipe_v1
GD-011,mwms_v1,MWMS_19,single_choice,,MWMS_LIKERT_6,profile=gd_011_authored;dimension=intrinsic;values=5-6-6,gd_011_authored_answer_recipe_v1
GD-012,ipip-neo-120-v1,N101,single_choice,,D,profile=gd_012_authored;facet=ANXIETY;target_sum=8;scored_pattern=2-2-2-2,gd_012_authored_answer_recipe_v1
GD-012,ipip-neo-120-v1,N102,single_choice,,D,profile=gd_012_authored;facet=ANXIETY;target_sum=8;scored_pattern=2-2-2-2,gd_012_authored_answer_recipe_v1
GD-012,ipip-neo-120-v1,N103,single_choice,,D,profile=gd_012_authored;facet=ANXIETY;target_sum=8;scored_pattern=2-2-2-2,gd_012_authored_answer_recipe_v1
GD-012,ipip-neo-120-v1,N104,single_choice,,D,profile=gd_012_authored;facet=ANXIETY;target_sum=8;scored_pattern=2-2-2-2,gd_012_authored_answer_recipe_v1
GD-012,ipip-neo-120-v1,N201,single_choice,,D,profile=gd_012_authored;facet=ANGER;target_sum=7;scored_pattern=2-2-2-1,gd_012_authored_answer_recipe_v1
GD-012,ipip-neo-120-v1,N202,single_choice,,D,profile=gd_012_authored;facet=ANGER;target_sum=7;scored_pattern=2-2-2-1,gd_012_authored_answer_recipe_v1
GD-012,ipip-neo-120-v1,N203,single_choice,,D,profile=gd_012_authored;facet=ANGER;target_sum=7;scored_pattern=2-2-2-1,gd_012_authored_answer_recipe_v1
GD-012,ipip-neo-120-v1,N204,single_choice,,SA,profile=gd_012_authored;facet=ANGER;target_sum=7;scored_pattern=2-2-2-1,gd_012_authored_answer_recipe_v1
GD-012,ipip-neo-120-v1,N301,single_choice,,D,profile=gd_012_authored;facet=DEPRESSION;target_sum=7;scored_pattern=2-2-2-1,gd_012_authored_answer_recipe_v1
GD-012,ipip-neo-120-v1,N302,single_choice,,D,profile=gd_012_authored;facet=DEPRESSION;target_sum=7;scored_pattern=2-2-2-1,gd_012_authored_answer_recipe_v1
GD-012,ipip-neo-120-v1,N303,single_choice,,D,profile=gd_012_authored;facet=DEPRESSION;target_sum=7;scored_pattern=2-2-2-1,gd_012_authored_answer_recipe_v1
GD-012,ipip-neo-120-v1,N304,single_choice,,SA,profile=gd_012_authored;facet=DEPRESSION;target_sum=7;scored_pattern=2-2-2-1,gd_012_authored_answer_recipe_v1
GD-012,ipip-neo-120-v1,N401,single_choice,,N,profile=gd_012_authored;facet=SELF_CONSCIOUSNESS;target_sum=12;scored_pattern=3-3-3-3,gd_012_authored_answer_recipe_v1
GD-012,ipip-neo-120-v1,N402,single_choice,,N,profile=gd_012_authored;facet=SELF_CONSCIOUSNESS;target_sum=12;scored_pattern=3-3-3-3,gd_012_authored_answer_recipe_v1
GD-012,ipip-neo-120-v1,N403,single_choice,,N,profile=gd_012_authored;facet=SELF_CONSCIOUSNESS;target_sum=12;scored_pattern=3-3-3-3,gd_012_authored_answer_recipe_v1
GD-012,ipip-neo-120-v1,N404,single_choice,,N,profile=gd_012_authored;facet=SELF_CONSCIOUSNESS;target_sum=12;scored_pattern=3-3-3-3,gd_012_authored_answer_recipe_v1
GD-012,ipip-neo-120-v1,N501,single_choice,,D,profile=gd_012_authored;facet=IMMODERATION;target_sum=6;scored_pattern=2-2-1-1,gd_012_authored_answer_recipe_v1
GD-012,ipip-neo-120-v1,N502,single_choice,,A,profile=gd_012_authored;facet=IMMODERATION;target_sum=6;scored_pattern=2-2-1-1,gd_012_authored_answer_recipe_v1
GD-012,ipip-neo-120-v1,N503,single_choice,,SA,profile=gd_012_authored;facet=IMMODERATION;target_sum=6;scored_pattern=2-2-1-1,gd_012_authored_answer_recipe_v1
GD-012,ipip-neo-120-v1,N504,single_choice,,SA,profile=gd_012_authored;facet=IMMODERATION;target_sum=6;scored_pattern=2-2-1-1,gd_012_authored_answer_recipe_v1
GD-012,ipip-neo-120-v1,N601,single_choice,,N,profile=gd_012_authored;facet=VULNERABILITY;target_sum=9;scored_pattern=3-2-2-2,gd_012_authored_answer_recipe_v1
GD-012,ipip-neo-120-v1,N602,single_choice,,D,profile=gd_012_authored;facet=VULNERABILITY;target_sum=9;scored_pattern=3-2-2-2,gd_012_authored_answer_recipe_v1
GD-012,ipip-neo-120-v1,N603,single_choice,,D,profile=gd_012_authored;facet=VULNERABILITY;target_sum=9;scored_pattern=3-2-2-2,gd_012_authored_answer_recipe_v1
GD-012,ipip-neo-120-v1,N604,single_choice,,A,profile=gd_012_authored;facet=VULNERABILITY;target_sum=9;scored_pattern=3-2-2-2,gd_012_authored_answer_recipe_v1
GD-012,ipip-neo-120-v1,E101,single_choice,,N,profile=gd_012_authored;facet=FRIENDLINESS;target_sum=10;scored_pattern=3-3-2-2,gd_012_authored_answer_recipe_v1
GD-012,ipip-neo-120-v1,E102,single_choice,,N,profile=gd_012_authored;facet=FRIENDLINESS;target_sum=10;scored_pattern=3-3-2-2,gd_012_authored_answer_recipe_v1
GD-012,ipip-neo-120-v1,E103,single_choice,,A,profile=gd_012_authored;facet=FRIENDLINESS;target_sum=10;scored_pattern=3-3-2-2,gd_012_authored_answer_recipe_v1
GD-012,ipip-neo-120-v1,E104,single_choice,,A,profile=gd_012_authored;facet=FRIENDLINESS;target_sum=10;scored_pattern=3-3-2-2,gd_012_authored_answer_recipe_v1
GD-012,ipip-neo-120-v1,E201,single_choice,,D,profile=gd_012_authored;facet=GREGARIOUSNESS;target_sum=8;scored_pattern=2-2-2-2,gd_012_authored_answer_recipe_v1
GD-012,ipip-neo-120-v1,E202,single_choice,,D,profile=gd_012_authored;facet=GREGARIOUSNESS;target_sum=8;scored_pattern=2-2-2-2,gd_012_authored_answer_recipe_v1
GD-012,ipip-neo-120-v1,E203,single_choice,,A,profile=gd_012_authored;facet=GREGARIOUSNESS;target_sum=8;scored_pattern=2-2-2-2,gd_012_authored_answer_recipe_v1
GD-012,ipip-neo-120-v1,E204,single_choice,,A,profile=gd_012_authored;facet=GREGARIOUSNESS;target_sum=8;scored_pattern=2-2-2-2,gd_012_authored_answer_recipe_v1
GD-012,ipip-neo-120-v1,E301,single_choice,,N,profile=gd_012_authored;facet=ASSERTIVENESS;target_sum=10;scored_pattern=3-3-2-2,gd_012_authored_answer_recipe_v1
GD-012,ipip-neo-120-v1,E302,single_choice,,N,profile=gd_012_authored;facet=ASSERTIVENESS;target_sum=10;scored_pattern=3-3-2-2,gd_012_authored_answer_recipe_v1
GD-012,ipip-neo-120-v1,E303,single_choice,,D,profile=gd_012_authored;facet=ASSERTIVENESS;target_sum=10;scored_pattern=3-3-2-2,gd_012_authored_answer_recipe_v1
GD-012,ipip-neo-120-v1,E304,single_choice,,A,profile=gd_012_authored;facet=ASSERTIVENESS;target_sum=10;scored_pattern=3-3-2-2,gd_012_authored_answer_recipe_v1
GD-012,ipip-neo-120-v1,E401,single_choice,,N,profile=gd_012_authored;facet=ACTIVITY_LEVEL;target_sum=9;scored_pattern=3-2-2-2,gd_012_authored_answer_recipe_v1
GD-012,ipip-neo-120-v1,E402,single_choice,,D,profile=gd_012_authored;facet=ACTIVITY_LEVEL;target_sum=9;scored_pattern=3-2-2-2,gd_012_authored_answer_recipe_v1
GD-012,ipip-neo-120-v1,E403,single_choice,,D,profile=gd_012_authored;facet=ACTIVITY_LEVEL;target_sum=9;scored_pattern=3-2-2-2,gd_012_authored_answer_recipe_v1
GD-012,ipip-neo-120-v1,E404,single_choice,,A,profile=gd_012_authored;facet=ACTIVITY_LEVEL;target_sum=9;scored_pattern=3-2-2-2,gd_012_authored_answer_recipe_v1
GD-012,ipip-neo-120-v1,E501,single_choice,,D,profile=gd_012_authored;facet=EXCITEMENT_SEEKING;target_sum=6;scored_pattern=2-2-1-1,gd_012_authored_answer_recipe_v1
GD-012,ipip-neo-120-v1,E502,single_choice,,D,profile=gd_012_authored;facet=EXCITEMENT_SEEKING;target_sum=6;scored_pattern=2-2-1-1,gd_012_authored_answer_recipe_v1
GD-012,ipip-neo-120-v1,E503,single_choice,,SD,profile=gd_012_authored;facet=EXCITEMENT_SEEKING;target_sum=6;scored_pattern=2-2-1-1,gd_012_authored_answer_recipe_v1
GD-012,ipip-neo-120-v1,E504,single_choice,,SD,profile=gd_012_authored;facet=EXCITEMENT_SEEKING;target_sum=6;scored_pattern=2-2-1-1,gd_012_authored_answer_recipe_v1
GD-012,ipip-neo-120-v1,E601,single_choice,,N,profile=gd_012_authored;facet=CHEERFULNESS;target_sum=9;scored_pattern=3-2-2-2,gd_012_authored_answer_recipe_v1
GD-012,ipip-neo-120-v1,E602,single_choice,,D,profile=gd_012_authored;facet=CHEERFULNESS;target_sum=9;scored_pattern=3-2-2-2,gd_012_authored_answer_recipe_v1
GD-012,ipip-neo-120-v1,E603,single_choice,,D,profile=gd_012_authored;facet=CHEERFULNESS;target_sum=9;scored_pattern=3-2-2-2,gd_012_authored_answer_recipe_v1
GD-012,ipip-neo-120-v1,E604,single_choice,,D,profile=gd_012_authored;facet=CHEERFULNESS;target_sum=9;scored_pattern=3-2-2-2,gd_012_authored_answer_recipe_v1
GD-012,ipip-neo-120-v1,O101,single_choice,,A,profile=gd_012_authored;facet=IMAGINATION;target_sum=15;scored_pattern=4-4-4-3,gd_012_authored_answer_recipe_v1
GD-012,ipip-neo-120-v1,O102,single_choice,,A,profile=gd_012_authored;facet=IMAGINATION;target_sum=15;scored_pattern=4-4-4-3,gd_012_authored_answer_recipe_v1
GD-012,ipip-neo-120-v1,O103,single_choice,,A,profile=gd_012_authored;facet=IMAGINATION;target_sum=15;scored_pattern=4-4-4-3,gd_012_authored_answer_recipe_v1
GD-012,ipip-neo-120-v1,O104,single_choice,,N,profile=gd_012_authored;facet=IMAGINATION;target_sum=15;scored_pattern=4-4-4-3,gd_012_authored_answer_recipe_v1
GD-012,ipip-neo-120-v1,O201,single_choice,,N,profile=gd_012_authored;facet=ARTISTIC_INTERESTS;target_sum=12;scored_pattern=3-3-3-3,gd_012_authored_answer_recipe_v1
GD-012,ipip-neo-120-v1,O202,single_choice,,N,profile=gd_012_authored;facet=ARTISTIC_INTERESTS;target_sum=12;scored_pattern=3-3-3-3,gd_012_authored_answer_recipe_v1
GD-012,ipip-neo-120-v1,O203,single_choice,,N,profile=gd_012_authored;facet=ARTISTIC_INTERESTS;target_sum=12;scored_pattern=3-3-3-3,gd_012_authored_answer_recipe_v1
GD-012,ipip-neo-120-v1,O204,single_choice,,N,profile=gd_012_authored;facet=ARTISTIC_INTERESTS;target_sum=12;scored_pattern=3-3-3-3,gd_012_authored_answer_recipe_v1
GD-012,ipip-neo-120-v1,O301,single_choice,,N,profile=gd_012_authored;facet=EMOTIONALITY;target_sum=10;scored_pattern=3-3-2-2,gd_012_authored_answer_recipe_v1
GD-012,ipip-neo-120-v1,O302,single_choice,,N,profile=gd_012_authored;facet=EMOTIONALITY;target_sum=10;scored_pattern=3-3-2-2,gd_012_authored_answer_recipe_v1
GD-012,ipip-neo-120-v1,O303,single_choice,,A,profile=gd_012_authored;facet=EMOTIONALITY;target_sum=10;scored_pattern=3-3-2-2,gd_012_authored_answer_recipe_v1
GD-012,ipip-neo-120-v1,O304,single_choice,,A,profile=gd_012_authored;facet=EMOTIONALITY;target_sum=10;scored_pattern=3-3-2-2,gd_012_authored_answer_recipe_v1
GD-012,ipip-neo-120-v1,O401,single_choice,,N,profile=gd_012_authored;facet=ADVENTUROUSNESS;target_sum=11;scored_pattern=3-3-3-2,gd_012_authored_answer_recipe_v1
GD-012,ipip-neo-120-v1,O402,single_choice,,N,profile=gd_012_authored;facet=ADVENTUROUSNESS;target_sum=11;scored_pattern=3-3-3-2,gd_012_authored_answer_recipe_v1
GD-012,ipip-neo-120-v1,O403,single_choice,,N,profile=gd_012_authored;facet=ADVENTUROUSNESS;target_sum=11;scored_pattern=3-3-3-2,gd_012_authored_answer_recipe_v1
GD-012,ipip-neo-120-v1,O404,single_choice,,A,profile=gd_012_authored;facet=ADVENTUROUSNESS;target_sum=11;scored_pattern=3-3-3-2,gd_012_authored_answer_recipe_v1
GD-012,ipip-neo-120-v1,O501,single_choice,,SA,profile=gd_012_authored;facet=INTELLECT;target_sum=19;scored_pattern=5-5-5-4,gd_012_authored_answer_recipe_v1
GD-012,ipip-neo-120-v1,O502,single_choice,,SD,profile=gd_012_authored;facet=INTELLECT;target_sum=19;scored_pattern=5-5-5-4,gd_012_authored_answer_recipe_v1
GD-012,ipip-neo-120-v1,O503,single_choice,,SD,profile=gd_012_authored;facet=INTELLECT;target_sum=19;scored_pattern=5-5-5-4,gd_012_authored_answer_recipe_v1
GD-012,ipip-neo-120-v1,O504,single_choice,,D,profile=gd_012_authored;facet=INTELLECT;target_sum=19;scored_pattern=5-5-5-4,gd_012_authored_answer_recipe_v1
GD-012,ipip-neo-120-v1,O601,single_choice,,A,profile=gd_012_authored;facet=LIBERALISM;target_sum=15;scored_pattern=4-4-4-3,gd_012_authored_answer_recipe_v1
GD-012,ipip-neo-120-v1,O602,single_choice,,A,profile=gd_012_authored;facet=LIBERALISM;target_sum=15;scored_pattern=4-4-4-3,gd_012_authored_answer_recipe_v1
GD-012,ipip-neo-120-v1,O603,single_choice,,D,profile=gd_012_authored;facet=LIBERALISM;target_sum=15;scored_pattern=4-4-4-3,gd_012_authored_answer_recipe_v1
GD-012,ipip-neo-120-v1,O604,single_choice,,N,profile=gd_012_authored;facet=LIBERALISM;target_sum=15;scored_pattern=4-4-4-3,gd_012_authored_answer_recipe_v1
GD-012,ipip-neo-120-v1,A101,single_choice,,N,profile=gd_012_authored;facet=TRUST;target_sum=9;scored_pattern=3-2-2-2,gd_012_authored_answer_recipe_v1
GD-012,ipip-neo-120-v1,A102,single_choice,,D,profile=gd_012_authored;facet=TRUST;target_sum=9;scored_pattern=3-2-2-2,gd_012_authored_answer_recipe_v1
GD-012,ipip-neo-120-v1,A103,single_choice,,D,profile=gd_012_authored;facet=TRUST;target_sum=9;scored_pattern=3-2-2-2,gd_012_authored_answer_recipe_v1
GD-012,ipip-neo-120-v1,A104,single_choice,,A,profile=gd_012_authored;facet=TRUST;target_sum=9;scored_pattern=3-2-2-2,gd_012_authored_answer_recipe_v1
GD-012,ipip-neo-120-v1,A201,single_choice,,SD,profile=gd_012_authored;facet=MORALITY;target_sum=18;scored_pattern=5-5-4-4,gd_012_authored_answer_recipe_v1
GD-012,ipip-neo-120-v1,A202,single_choice,,SD,profile=gd_012_authored;facet=MORALITY;target_sum=18;scored_pattern=5-5-4-4,gd_012_authored_answer_recipe_v1
GD-012,ipip-neo-120-v1,A203,single_choice,,D,profile=gd_012_authored;facet=MORALITY;target_sum=18;scored_pattern=5-5-4-4,gd_012_authored_answer_recipe_v1
GD-012,ipip-neo-120-v1,A204,single_choice,,D,profile=gd_012_authored;facet=MORALITY;target_sum=18;scored_pattern=5-5-4-4,gd_012_authored_answer_recipe_v1
GD-012,ipip-neo-120-v1,A301,single_choice,,N,profile=gd_012_authored;facet=ALTRUISM;target_sum=10;scored_pattern=3-3-2-2,gd_012_authored_answer_recipe_v1
GD-012,ipip-neo-120-v1,A302,single_choice,,N,profile=gd_012_authored;facet=ALTRUISM;target_sum=10;scored_pattern=3-3-2-2,gd_012_authored_answer_recipe_v1
GD-012,ipip-neo-120-v1,A303,single_choice,,A,profile=gd_012_authored;facet=ALTRUISM;target_sum=10;scored_pattern=3-3-2-2,gd_012_authored_answer_recipe_v1
GD-012,ipip-neo-120-v1,A304,single_choice,,A,profile=gd_012_authored;facet=ALTRUISM;target_sum=10;scored_pattern=3-3-2-2,gd_012_authored_answer_recipe_v1
GD-012,ipip-neo-120-v1,A401,single_choice,,N,profile=gd_012_authored;facet=COOPERATION;target_sum=12;scored_pattern=3-3-3-3,gd_012_authored_answer_recipe_v1
GD-012,ipip-neo-120-v1,A402,single_choice,,N,profile=gd_012_authored;facet=COOPERATION;target_sum=12;scored_pattern=3-3-3-3,gd_012_authored_answer_recipe_v1
GD-012,ipip-neo-120-v1,A403,single_choice,,N,profile=gd_012_authored;facet=COOPERATION;target_sum=12;scored_pattern=3-3-3-3,gd_012_authored_answer_recipe_v1
GD-012,ipip-neo-120-v1,A404,single_choice,,N,profile=gd_012_authored;facet=COOPERATION;target_sum=12;scored_pattern=3-3-3-3,gd_012_authored_answer_recipe_v1
GD-012,ipip-neo-120-v1,A501,single_choice,,D,profile=gd_012_authored;facet=MODESTY;target_sum=14;scored_pattern=4-4-3-3,gd_012_authored_answer_recipe_v1
GD-012,ipip-neo-120-v1,A502,single_choice,,D,profile=gd_012_authored;facet=MODESTY;target_sum=14;scored_pattern=4-4-3-3,gd_012_authored_answer_recipe_v1
GD-012,ipip-neo-120-v1,A503,single_choice,,N,profile=gd_012_authored;facet=MODESTY;target_sum=14;scored_pattern=4-4-3-3,gd_012_authored_answer_recipe_v1
GD-012,ipip-neo-120-v1,A504,single_choice,,N,profile=gd_012_authored;facet=MODESTY;target_sum=14;scored_pattern=4-4-3-3,gd_012_authored_answer_recipe_v1
GD-012,ipip-neo-120-v1,A601,single_choice,,N,profile=gd_012_authored;facet=SYMPATHY;target_sum=10;scored_pattern=3-3-2-2,gd_012_authored_answer_recipe_v1
GD-012,ipip-neo-120-v1,A602,single_choice,,N,profile=gd_012_authored;facet=SYMPATHY;target_sum=10;scored_pattern=3-3-2-2,gd_012_authored_answer_recipe_v1
GD-012,ipip-neo-120-v1,A603,single_choice,,A,profile=gd_012_authored;facet=SYMPATHY;target_sum=10;scored_pattern=3-3-2-2,gd_012_authored_answer_recipe_v1
GD-012,ipip-neo-120-v1,A604,single_choice,,A,profile=gd_012_authored;facet=SYMPATHY;target_sum=10;scored_pattern=3-3-2-2,gd_012_authored_answer_recipe_v1
GD-012,ipip-neo-120-v1,C101,single_choice,,SA,profile=gd_012_authored;facet=SELF_EFFICACY;target_sum=17;scored_pattern=5-4-4-4,gd_012_authored_answer_recipe_v1
GD-012,ipip-neo-120-v1,C102,single_choice,,A,profile=gd_012_authored;facet=SELF_EFFICACY;target_sum=17;scored_pattern=5-4-4-4,gd_012_authored_answer_recipe_v1
GD-012,ipip-neo-120-v1,C103,single_choice,,A,profile=gd_012_authored;facet=SELF_EFFICACY;target_sum=17;scored_pattern=5-4-4-4,gd_012_authored_answer_recipe_v1
GD-012,ipip-neo-120-v1,C104,single_choice,,A,profile=gd_012_authored;facet=SELF_EFFICACY;target_sum=17;scored_pattern=5-4-4-4,gd_012_authored_answer_recipe_v1
GD-012,ipip-neo-120-v1,C201,single_choice,,SA,profile=gd_012_authored;facet=ORDERLINESS;target_sum=17;scored_pattern=5-4-4-4,gd_012_authored_answer_recipe_v1
GD-012,ipip-neo-120-v1,C202,single_choice,,D,profile=gd_012_authored;facet=ORDERLINESS;target_sum=17;scored_pattern=5-4-4-4,gd_012_authored_answer_recipe_v1
GD-012,ipip-neo-120-v1,C203,single_choice,,D,profile=gd_012_authored;facet=ORDERLINESS;target_sum=17;scored_pattern=5-4-4-4,gd_012_authored_answer_recipe_v1
GD-012,ipip-neo-120-v1,C204,single_choice,,D,profile=gd_012_authored;facet=ORDERLINESS;target_sum=17;scored_pattern=5-4-4-4,gd_012_authored_answer_recipe_v1
GD-012,ipip-neo-120-v1,C301,single_choice,,SA,profile=gd_012_authored;facet=DUTIFULNESS;target_sum=18;scored_pattern=5-5-4-4,gd_012_authored_answer_recipe_v1
GD-012,ipip-neo-120-v1,C302,single_choice,,SA,profile=gd_012_authored;facet=DUTIFULNESS;target_sum=18;scored_pattern=5-5-4-4,gd_012_authored_answer_recipe_v1
GD-012,ipip-neo-120-v1,C303,single_choice,,D,profile=gd_012_authored;facet=DUTIFULNESS;target_sum=18;scored_pattern=5-5-4-4,gd_012_authored_answer_recipe_v1
GD-012,ipip-neo-120-v1,C304,single_choice,,D,profile=gd_012_authored;facet=DUTIFULNESS;target_sum=18;scored_pattern=5-5-4-4,gd_012_authored_answer_recipe_v1
GD-012,ipip-neo-120-v1,C401,single_choice,,A,profile=gd_012_authored;facet=ACHIEVEMENT_STRIVING;target_sum=15;scored_pattern=4-4-4-3,gd_012_authored_answer_recipe_v1
GD-012,ipip-neo-120-v1,C402,single_choice,,A,profile=gd_012_authored;facet=ACHIEVEMENT_STRIVING;target_sum=15;scored_pattern=4-4-4-3,gd_012_authored_answer_recipe_v1
GD-012,ipip-neo-120-v1,C403,single_choice,,D,profile=gd_012_authored;facet=ACHIEVEMENT_STRIVING;target_sum=15;scored_pattern=4-4-4-3,gd_012_authored_answer_recipe_v1
GD-012,ipip-neo-120-v1,C404,single_choice,,N,profile=gd_012_authored;facet=ACHIEVEMENT_STRIVING;target_sum=15;scored_pattern=4-4-4-3,gd_012_authored_answer_recipe_v1
GD-012,ipip-neo-120-v1,C501,single_choice,,SA,profile=gd_012_authored;facet=SELF_DISCIPLINE;target_sum=17;scored_pattern=5-4-4-4,gd_012_authored_answer_recipe_v1
GD-012,ipip-neo-120-v1,C502,single_choice,,A,profile=gd_012_authored;facet=SELF_DISCIPLINE;target_sum=17;scored_pattern=5-4-4-4,gd_012_authored_answer_recipe_v1
GD-012,ipip-neo-120-v1,C503,single_choice,,D,profile=gd_012_authored;facet=SELF_DISCIPLINE;target_sum=17;scored_pattern=5-4-4-4,gd_012_authored_answer_recipe_v1
GD-012,ipip-neo-120-v1,C504,single_choice,,D,profile=gd_012_authored;facet=SELF_DISCIPLINE;target_sum=17;scored_pattern=5-4-4-4,gd_012_authored_answer_recipe_v1
GD-012,ipip-neo-120-v1,C601,single_choice,,SD,profile=gd_012_authored;facet=CAUTIOUSNESS;target_sum=19;scored_pattern=5-5-5-4,gd_012_authored_answer_recipe_v1
GD-012,ipip-neo-120-v1,C602,single_choice,,SD,profile=gd_012_authored;facet=CAUTIOUSNESS;target_sum=19;scored_pattern=5-5-5-4,gd_012_authored_answer_recipe_v1
GD-012,ipip-neo-120-v1,C603,single_choice,,SD,profile=gd_012_authored;facet=CAUTIOUSNESS;target_sum=19;scored_pattern=5-5-5-4,gd_012_authored_answer_recipe_v1
GD-012,ipip-neo-120-v1,C604,single_choice,,D,profile=gd_012_authored;facet=CAUTIOUSNESS;target_sum=19;scored_pattern=5-5-5-4,gd_012_authored_answer_recipe_v1
GD-012,safran_v1,VW01,single_choice,,VW01_opt_3,profile=gd_012_authored;subtest=VW;correct_count=6,gd_012_authored_answer_recipe_v1
GD-012,safran_v1,VW02,single_choice,,VW02_opt_4,profile=gd_012_authored;subtest=VW;correct_count=6,gd_012_authored_answer_recipe_v1
GD-012,safran_v1,VW03,single_choice,,VW03_opt_4,profile=gd_012_authored;subtest=VW;correct_count=6,gd_012_authored_answer_recipe_v1
GD-012,safran_v1,VW04,single_choice,,VW04_opt_3,profile=gd_012_authored;subtest=VW;correct_count=6,gd_012_authored_answer_recipe_v1
GD-012,safran_v1,VW05,single_choice,,VW05_opt_2,profile=gd_012_authored;subtest=VW;correct_count=6,gd_012_authored_answer_recipe_v1
GD-012,safran_v1,VW06,single_choice,,VW06_opt_4,profile=gd_012_authored;subtest=VW;correct_count=6,gd_012_authored_answer_recipe_v1
GD-012,safran_v1,VW07,single_choice,,VW07_opt_2,profile=gd_012_authored;subtest=VW;correct_count=6,gd_012_authored_answer_recipe_v1
GD-012,safran_v1,VW08,single_choice,,VW08_opt_1,profile=gd_012_authored;subtest=VW;correct_count=6,gd_012_authored_answer_recipe_v1
GD-012,safran_v1,VW09,single_choice,,VW09_opt_1,profile=gd_012_authored;subtest=VW;correct_count=6,gd_012_authored_answer_recipe_v1
GD-012,safran_v1,VA01,single_choice,,VA01_opt_3,profile=gd_012_authored;subtest=VA;correct_count=6,gd_012_authored_answer_recipe_v1
GD-012,safran_v1,VA02,single_choice,,VA02_opt_5,profile=gd_012_authored;subtest=VA;correct_count=6,gd_012_authored_answer_recipe_v1
GD-012,safran_v1,VA03,single_choice,,VA03_opt_3,profile=gd_012_authored;subtest=VA;correct_count=6,gd_012_authored_answer_recipe_v1
GD-012,safran_v1,VA04,single_choice,,VA04_opt_2,profile=gd_012_authored;subtest=VA;correct_count=6,gd_012_authored_answer_recipe_v1
GD-012,safran_v1,VA05,single_choice,,VA05_opt_1,profile=gd_012_authored;subtest=VA;correct_count=6,gd_012_authored_answer_recipe_v1
GD-012,safran_v1,VA06,single_choice,,VA06_opt_4,profile=gd_012_authored;subtest=VA;correct_count=6,gd_012_authored_answer_recipe_v1
GD-012,safran_v1,VA07,single_choice,,VA07_opt_1,profile=gd_012_authored;subtest=VA;correct_count=6,gd_012_authored_answer_recipe_v1
GD-012,safran_v1,VA08,single_choice,,VA08_opt_1,profile=gd_012_authored;subtest=VA;correct_count=6,gd_012_authored_answer_recipe_v1
GD-012,safran_v1,VA09,single_choice,,VA09_opt_1,profile=gd_012_authored;subtest=VA;correct_count=6,gd_012_authored_answer_recipe_v1
GD-012,safran_v1,FA01,single_choice,,FA01_opt_correct,profile=gd_012_authored;subtest=FA;correct_count=6,gd_012_authored_answer_recipe_v1
GD-012,safran_v1,FA02,single_choice,,FA02_opt_correct,profile=gd_012_authored;subtest=FA;correct_count=6,gd_012_authored_answer_recipe_v1
GD-012,safran_v1,FA03,single_choice,,FA03_opt_correct,profile=gd_012_authored;subtest=FA;correct_count=6,gd_012_authored_answer_recipe_v1
GD-012,safran_v1,FA04,single_choice,,FA04_opt_correct,profile=gd_012_authored;subtest=FA;correct_count=6,gd_012_authored_answer_recipe_v1
GD-012,safran_v1,FA05,single_choice,,FA05_opt_correct,profile=gd_012_authored;subtest=FA;correct_count=6,gd_012_authored_answer_recipe_v1
GD-012,safran_v1,FA06,single_choice,,FA06_opt_correct,profile=gd_012_authored;subtest=FA;correct_count=6,gd_012_authored_answer_recipe_v1
GD-012,safran_v1,FA07,single_choice,,FA07_opt_dis1,profile=gd_012_authored;subtest=FA;correct_count=6,gd_012_authored_answer_recipe_v1
GD-012,safran_v1,FA08,single_choice,,FA08_opt_dis1,profile=gd_012_authored;subtest=FA;correct_count=6,gd_012_authored_answer_recipe_v1
GD-012,safran_v1,FA09,single_choice,,FA09_opt_dis1,profile=gd_012_authored;subtest=FA;correct_count=6,gd_012_authored_answer_recipe_v1
GD-012,safran_v1,FM01,single_choice,,FM01_opt_correct,profile=gd_012_authored;subtest=FM;correct_count=5,gd_012_authored_answer_recipe_v1
GD-012,safran_v1,FM02,single_choice,,FM02_opt_correct,profile=gd_012_authored;subtest=FM;correct_count=5,gd_012_authored_answer_recipe_v1
GD-012,safran_v1,FM03,single_choice,,FM03_opt_correct,profile=gd_012_authored;subtest=FM;correct_count=5,gd_012_authored_answer_recipe_v1
GD-012,safran_v1,FM04,single_choice,,FM04_opt_correct,profile=gd_012_authored;subtest=FM;correct_count=5,gd_012_authored_answer_recipe_v1
GD-012,safran_v1,FM05,single_choice,,FM05_opt_correct,profile=gd_012_authored;subtest=FM;correct_count=5,gd_012_authored_answer_recipe_v1
GD-012,safran_v1,FM06,single_choice,,FM06_opt_dis1,profile=gd_012_authored;subtest=FM;correct_count=5,gd_012_authored_answer_recipe_v1
GD-012,safran_v1,FM07,single_choice,,FM07_opt_dis1,profile=gd_012_authored;subtest=FM;correct_count=5,gd_012_authored_answer_recipe_v1
GD-012,safran_v1,FM08,single_choice,,FM08_opt_dis1,profile=gd_012_authored;subtest=FM;correct_count=5,gd_012_authored_answer_recipe_v1
GD-012,safran_v1,FM09,single_choice,,FM09_opt_dis1,profile=gd_012_authored;subtest=FM;correct_count=5,gd_012_authored_answer_recipe_v1
GD-012,safran_v1,NZ01_01,text,22,,profile=gd_012_authored;subtest=NZ;correct_count=8,gd_012_authored_answer_recipe_v1
GD-012,safran_v1,NZ02_01,text,4.5,,profile=gd_012_authored;subtest=NZ;correct_count=8,gd_012_authored_answer_recipe_v1
GD-012,safran_v1,NZ03_01,text,12.5,,profile=gd_012_authored;subtest=NZ;correct_count=8,gd_012_authored_answer_recipe_v1
GD-012,safran_v1,NZ04_01,text,17,,profile=gd_012_authored;subtest=NZ;correct_count=8,gd_012_authored_answer_recipe_v1
GD-012,safran_v1,NZ05_01,text,25,,profile=gd_012_authored;subtest=NZ;correct_count=8,gd_012_authored_answer_recipe_v1
GD-012,safran_v1,NZ06_01,text,9,,profile=gd_012_authored;subtest=NZ;correct_count=8,gd_012_authored_answer_recipe_v1
GD-012,safran_v1,NZ07_01,text,42,,profile=gd_012_authored;subtest=NZ;correct_count=8,gd_012_authored_answer_recipe_v1
GD-012,safran_v1,NZ08_01,text,8.5,,profile=gd_012_authored;subtest=NZ;correct_count=8,gd_012_authored_answer_recipe_v1
GD-012,safran_v1,NZ09_01,text,113,,profile=gd_012_authored;subtest=NZ;correct_count=8,gd_012_authored_answer_recipe_v1
GD-012,mwms_v1,MWMS_01,single_choice,,MWMS_LIKERT_1,profile=gd_012_authored;dimension=amotivation;values=1-1-1,gd_012_authored_answer_recipe_v1
GD-012,mwms_v1,MWMS_02,single_choice,,MWMS_LIKERT_1,profile=gd_012_authored;dimension=amotivation;values=1-1-1,gd_012_authored_answer_recipe_v1
GD-012,mwms_v1,MWMS_03,single_choice,,MWMS_LIKERT_1,profile=gd_012_authored;dimension=amotivation;values=1-1-1,gd_012_authored_answer_recipe_v1
GD-012,mwms_v1,MWMS_04,single_choice,,MWMS_LIKERT_2,profile=gd_012_authored;dimension=external_social;values=2-2-3,gd_012_authored_answer_recipe_v1
GD-012,mwms_v1,MWMS_05,single_choice,,MWMS_LIKERT_2,profile=gd_012_authored;dimension=external_social;values=2-2-3,gd_012_authored_answer_recipe_v1
GD-012,mwms_v1,MWMS_06,single_choice,,MWMS_LIKERT_3,profile=gd_012_authored;dimension=external_social;values=2-2-3,gd_012_authored_answer_recipe_v1
GD-012,mwms_v1,MWMS_07,single_choice,,MWMS_LIKERT_4,profile=gd_012_authored;dimension=external_material;values=4-5-4,gd_012_authored_answer_recipe_v1
GD-012,mwms_v1,MWMS_08,single_choice,,MWMS_LIKERT_5,profile=gd_012_authored;dimension=external_material;values=4-5-4,gd_012_authored_answer_recipe_v1
GD-012,mwms_v1,MWMS_09,single_choice,,MWMS_LIKERT_4,profile=gd_012_authored;dimension=external_material;values=4-5-4,gd_012_authored_answer_recipe_v1
GD-012,mwms_v1,MWMS_10,single_choice,,MWMS_LIKERT_3,profile=gd_012_authored;dimension=introjected;values=3-4-4-3,gd_012_authored_answer_recipe_v1
GD-012,mwms_v1,MWMS_11,single_choice,,MWMS_LIKERT_4,profile=gd_012_authored;dimension=introjected;values=3-4-4-3,gd_012_authored_answer_recipe_v1
GD-012,mwms_v1,MWMS_12,single_choice,,MWMS_LIKERT_4,profile=gd_012_authored;dimension=introjected;values=3-4-4-3,gd_012_authored_answer_recipe_v1
GD-012,mwms_v1,MWMS_13,single_choice,,MWMS_LIKERT_3,profile=gd_012_authored;dimension=introjected;values=3-4-4-3,gd_012_authored_answer_recipe_v1
GD-012,mwms_v1,MWMS_14,single_choice,,MWMS_LIKERT_6,profile=gd_012_authored;dimension=identified;values=6-6-7,gd_012_authored_answer_recipe_v1
GD-012,mwms_v1,MWMS_15,single_choice,,MWMS_LIKERT_6,profile=gd_012_authored;dimension=identified;values=6-6-7,gd_012_authored_answer_recipe_v1
GD-012,mwms_v1,MWMS_16,single_choice,,MWMS_LIKERT_7,profile=gd_012_authored;dimension=identified;values=6-6-7,gd_012_authored_answer_recipe_v1
GD-012,mwms_v1,MWMS_17,single_choice,,MWMS_LIKERT_5,profile=gd_012_authored;dimension=intrinsic;values=5-6-5,gd_012_authored_answer_recipe_v1
GD-012,mwms_v1,MWMS_18,single_choice,,MWMS_LIKERT_6,profile=gd_012_authored;dimension=intrinsic;values=5-6-5,gd_012_authored_answer_recipe_v1
GD-012,mwms_v1,MWMS_19,single_choice,,MWMS_LIKERT_5,profile=gd_012_authored;dimension=intrinsic;values=5-6-5,gd_012_authored_answer_recipe_v1
GD-013,ipip-neo-120-v1,N101,single_choice,,N,profile=gd_013_authored;facet=ANXIETY;target_sum=9;scored_pattern=3-2-2-2,gd_013_authored_answer_recipe_v1
GD-013,ipip-neo-120-v1,N102,single_choice,,D,profile=gd_013_authored;facet=ANXIETY;target_sum=9;scored_pattern=3-2-2-2,gd_013_authored_answer_recipe_v1
GD-013,ipip-neo-120-v1,N103,single_choice,,D,profile=gd_013_authored;facet=ANXIETY;target_sum=9;scored_pattern=3-2-2-2,gd_013_authored_answer_recipe_v1
GD-013,ipip-neo-120-v1,N104,single_choice,,D,profile=gd_013_authored;facet=ANXIETY;target_sum=9;scored_pattern=3-2-2-2,gd_013_authored_answer_recipe_v1
GD-013,ipip-neo-120-v1,N201,single_choice,,D,profile=gd_013_authored;facet=ANGER;target_sum=8;scored_pattern=2-2-2-2,gd_013_authored_answer_recipe_v1
GD-013,ipip-neo-120-v1,N202,single_choice,,D,profile=gd_013_authored;facet=ANGER;target_sum=8;scored_pattern=2-2-2-2,gd_013_authored_answer_recipe_v1
GD-013,ipip-neo-120-v1,N203,single_choice,,D,profile=gd_013_authored;facet=ANGER;target_sum=8;scored_pattern=2-2-2-2,gd_013_authored_answer_recipe_v1
GD-013,ipip-neo-120-v1,N204,single_choice,,A,profile=gd_013_authored;facet=ANGER;target_sum=8;scored_pattern=2-2-2-2,gd_013_authored_answer_recipe_v1
GD-013,ipip-neo-120-v1,N301,single_choice,,D,profile=gd_013_authored;facet=DEPRESSION;target_sum=8;scored_pattern=2-2-2-2,gd_013_authored_answer_recipe_v1
GD-013,ipip-neo-120-v1,N302,single_choice,,D,profile=gd_013_authored;facet=DEPRESSION;target_sum=8;scored_pattern=2-2-2-2,gd_013_authored_answer_recipe_v1
GD-013,ipip-neo-120-v1,N303,single_choice,,D,profile=gd_013_authored;facet=DEPRESSION;target_sum=8;scored_pattern=2-2-2-2,gd_013_authored_answer_recipe_v1
GD-013,ipip-neo-120-v1,N304,single_choice,,A,profile=gd_013_authored;facet=DEPRESSION;target_sum=8;scored_pattern=2-2-2-2,gd_013_authored_answer_recipe_v1
GD-013,ipip-neo-120-v1,N401,single_choice,,N,profile=gd_013_authored;facet=SELF_CONSCIOUSNESS;target_sum=10;scored_pattern=3-3-2-2,gd_013_authored_answer_recipe_v1
GD-013,ipip-neo-120-v1,N402,single_choice,,N,profile=gd_013_authored;facet=SELF_CONSCIOUSNESS;target_sum=10;scored_pattern=3-3-2-2,gd_013_authored_answer_recipe_v1
GD-013,ipip-neo-120-v1,N403,single_choice,,D,profile=gd_013_authored;facet=SELF_CONSCIOUSNESS;target_sum=10;scored_pattern=3-3-2-2,gd_013_authored_answer_recipe_v1
GD-013,ipip-neo-120-v1,N404,single_choice,,A,profile=gd_013_authored;facet=SELF_CONSCIOUSNESS;target_sum=10;scored_pattern=3-3-2-2,gd_013_authored_answer_recipe_v1
GD-013,ipip-neo-120-v1,N501,single_choice,,D,profile=gd_013_authored;facet=IMMODERATION;target_sum=7;scored_pattern=2-2-2-1,gd_013_authored_answer_recipe_v1
GD-013,ipip-neo-120-v1,N502,single_choice,,A,profile=gd_013_authored;facet=IMMODERATION;target_sum=7;scored_pattern=2-2-2-1,gd_013_authored_answer_recipe_v1
GD-013,ipip-neo-120-v1,N503,single_choice,,A,profile=gd_013_authored;facet=IMMODERATION;target_sum=7;scored_pattern=2-2-2-1,gd_013_authored_answer_recipe_v1
GD-013,ipip-neo-120-v1,N504,single_choice,,SA,profile=gd_013_authored;facet=IMMODERATION;target_sum=7;scored_pattern=2-2-2-1,gd_013_authored_answer_recipe_v1
GD-013,ipip-neo-120-v1,N601,single_choice,,N,profile=gd_013_authored;facet=VULNERABILITY;target_sum=10;scored_pattern=3-3-2-2,gd_013_authored_answer_recipe_v1
GD-013,ipip-neo-120-v1,N602,single_choice,,N,profile=gd_013_authored;facet=VULNERABILITY;target_sum=10;scored_pattern=3-3-2-2,gd_013_authored_answer_recipe_v1
GD-013,ipip-neo-120-v1,N603,single_choice,,D,profile=gd_013_authored;facet=VULNERABILITY;target_sum=10;scored_pattern=3-3-2-2,gd_013_authored_answer_recipe_v1
GD-013,ipip-neo-120-v1,N604,single_choice,,A,profile=gd_013_authored;facet=VULNERABILITY;target_sum=10;scored_pattern=3-3-2-2,gd_013_authored_answer_recipe_v1
GD-013,ipip-neo-120-v1,E101,single_choice,,N,profile=gd_013_authored;facet=FRIENDLINESS;target_sum=11;scored_pattern=3-3-3-2,gd_013_authored_answer_recipe_v1
GD-013,ipip-neo-120-v1,E102,single_choice,,N,profile=gd_013_authored;facet=FRIENDLINESS;target_sum=11;scored_pattern=3-3-3-2,gd_013_authored_answer_recipe_v1
GD-013,ipip-neo-120-v1,E103,single_choice,,N,profile=gd_013_authored;facet=FRIENDLINESS;target_sum=11;scored_pattern=3-3-3-2,gd_013_authored_answer_recipe_v1
GD-013,ipip-neo-120-v1,E104,single_choice,,A,profile=gd_013_authored;facet=FRIENDLINESS;target_sum=11;scored_pattern=3-3-3-2,gd_013_authored_answer_recipe_v1
GD-013,ipip-neo-120-v1,E201,single_choice,,D,profile=gd_013_authored;facet=GREGARIOUSNESS;target_sum=8;scored_pattern=2-2-2-2,gd_013_authored_answer_recipe_v1
GD-013,ipip-neo-120-v1,E202,single_choice,,D,profile=gd_013_authored;facet=GREGARIOUSNESS;target_sum=8;scored_pattern=2-2-2-2,gd_013_authored_answer_recipe_v1
GD-013,ipip-neo-120-v1,E203,single_choice,,A,profile=gd_013_authored;facet=GREGARIOUSNESS;target_sum=8;scored_pattern=2-2-2-2,gd_013_authored_answer_recipe_v1
GD-013,ipip-neo-120-v1,E204,single_choice,,A,profile=gd_013_authored;facet=GREGARIOUSNESS;target_sum=8;scored_pattern=2-2-2-2,gd_013_authored_answer_recipe_v1
GD-013,ipip-neo-120-v1,E301,single_choice,,N,profile=gd_013_authored;facet=ASSERTIVENESS;target_sum=12;scored_pattern=3-3-3-3,gd_013_authored_answer_recipe_v1
GD-013,ipip-neo-120-v1,E302,single_choice,,N,profile=gd_013_authored;facet=ASSERTIVENESS;target_sum=12;scored_pattern=3-3-3-3,gd_013_authored_answer_recipe_v1
GD-013,ipip-neo-120-v1,E303,single_choice,,N,profile=gd_013_authored;facet=ASSERTIVENESS;target_sum=12;scored_pattern=3-3-3-3,gd_013_authored_answer_recipe_v1
GD-013,ipip-neo-120-v1,E304,single_choice,,N,profile=gd_013_authored;facet=ASSERTIVENESS;target_sum=12;scored_pattern=3-3-3-3,gd_013_authored_answer_recipe_v1
GD-013,ipip-neo-120-v1,E401,single_choice,,N,profile=gd_013_authored;facet=ACTIVITY_LEVEL;target_sum=10;scored_pattern=3-3-2-2,gd_013_authored_answer_recipe_v1
GD-013,ipip-neo-120-v1,E402,single_choice,,N,profile=gd_013_authored;facet=ACTIVITY_LEVEL;target_sum=10;scored_pattern=3-3-2-2,gd_013_authored_answer_recipe_v1
GD-013,ipip-neo-120-v1,E403,single_choice,,D,profile=gd_013_authored;facet=ACTIVITY_LEVEL;target_sum=10;scored_pattern=3-3-2-2,gd_013_authored_answer_recipe_v1
GD-013,ipip-neo-120-v1,E404,single_choice,,A,profile=gd_013_authored;facet=ACTIVITY_LEVEL;target_sum=10;scored_pattern=3-3-2-2,gd_013_authored_answer_recipe_v1
GD-013,ipip-neo-120-v1,E501,single_choice,,D,profile=gd_013_authored;facet=EXCITEMENT_SEEKING;target_sum=8;scored_pattern=2-2-2-2,gd_013_authored_answer_recipe_v1
GD-013,ipip-neo-120-v1,E502,single_choice,,D,profile=gd_013_authored;facet=EXCITEMENT_SEEKING;target_sum=8;scored_pattern=2-2-2-2,gd_013_authored_answer_recipe_v1
GD-013,ipip-neo-120-v1,E503,single_choice,,D,profile=gd_013_authored;facet=EXCITEMENT_SEEKING;target_sum=8;scored_pattern=2-2-2-2,gd_013_authored_answer_recipe_v1
GD-013,ipip-neo-120-v1,E504,single_choice,,D,profile=gd_013_authored;facet=EXCITEMENT_SEEKING;target_sum=8;scored_pattern=2-2-2-2,gd_013_authored_answer_recipe_v1
GD-013,ipip-neo-120-v1,E601,single_choice,,N,profile=gd_013_authored;facet=CHEERFULNESS;target_sum=11;scored_pattern=3-3-3-2,gd_013_authored_answer_recipe_v1
GD-013,ipip-neo-120-v1,E602,single_choice,,N,profile=gd_013_authored;facet=CHEERFULNESS;target_sum=11;scored_pattern=3-3-3-2,gd_013_authored_answer_recipe_v1
GD-013,ipip-neo-120-v1,E603,single_choice,,N,profile=gd_013_authored;facet=CHEERFULNESS;target_sum=11;scored_pattern=3-3-3-2,gd_013_authored_answer_recipe_v1
GD-013,ipip-neo-120-v1,E604,single_choice,,D,profile=gd_013_authored;facet=CHEERFULNESS;target_sum=11;scored_pattern=3-3-3-2,gd_013_authored_answer_recipe_v1
GD-013,ipip-neo-120-v1,O101,single_choice,,A,profile=gd_013_authored;facet=IMAGINATION;target_sum=16;scored_pattern=4-4-4-4,gd_013_authored_answer_recipe_v1
GD-013,ipip-neo-120-v1,O102,single_choice,,A,profile=gd_013_authored;facet=IMAGINATION;target_sum=16;scored_pattern=4-4-4-4,gd_013_authored_answer_recipe_v1
GD-013,ipip-neo-120-v1,O103,single_choice,,A,profile=gd_013_authored;facet=IMAGINATION;target_sum=16;scored_pattern=4-4-4-4,gd_013_authored_answer_recipe_v1
GD-013,ipip-neo-120-v1,O104,single_choice,,A,profile=gd_013_authored;facet=IMAGINATION;target_sum=16;scored_pattern=4-4-4-4,gd_013_authored_answer_recipe_v1
GD-013,ipip-neo-120-v1,O201,single_choice,,A,profile=gd_013_authored;facet=ARTISTIC_INTERESTS;target_sum=14;scored_pattern=4-4-3-3,gd_013_authored_answer_recipe_v1
GD-013,ipip-neo-120-v1,O202,single_choice,,A,profile=gd_013_authored;facet=ARTISTIC_INTERESTS;target_sum=14;scored_pattern=4-4-3-3,gd_013_authored_answer_recipe_v1
GD-013,ipip-neo-120-v1,O203,single_choice,,N,profile=gd_013_authored;facet=ARTISTIC_INTERESTS;target_sum=14;scored_pattern=4-4-3-3,gd_013_authored_answer_recipe_v1
GD-013,ipip-neo-120-v1,O204,single_choice,,N,profile=gd_013_authored;facet=ARTISTIC_INTERESTS;target_sum=14;scored_pattern=4-4-3-3,gd_013_authored_answer_recipe_v1
GD-013,ipip-neo-120-v1,O301,single_choice,,N,profile=gd_013_authored;facet=EMOTIONALITY;target_sum=10;scored_pattern=3-3-2-2,gd_013_authored_answer_recipe_v1
GD-013,ipip-neo-120-v1,O302,single_choice,,N,profile=gd_013_authored;facet=EMOTIONALITY;target_sum=10;scored_pattern=3-3-2-2,gd_013_authored_answer_recipe_v1
GD-013,ipip-neo-120-v1,O303,single_choice,,A,profile=gd_013_authored;facet=EMOTIONALITY;target_sum=10;scored_pattern=3-3-2-2,gd_013_authored_answer_recipe_v1
GD-013,ipip-neo-120-v1,O304,single_choice,,A,profile=gd_013_authored;facet=EMOTIONALITY;target_sum=10;scored_pattern=3-3-2-2,gd_013_authored_answer_recipe_v1
GD-013,ipip-neo-120-v1,O401,single_choice,,A,profile=gd_013_authored;facet=ADVENTUROUSNESS;target_sum=13;scored_pattern=4-3-3-3,gd_013_authored_answer_recipe_v1
GD-013,ipip-neo-120-v1,O402,single_choice,,N,profile=gd_013_authored;facet=ADVENTUROUSNESS;target_sum=13;scored_pattern=4-3-3-3,gd_013_authored_answer_recipe_v1
GD-013,ipip-neo-120-v1,O403,single_choice,,N,profile=gd_013_authored;facet=ADVENTUROUSNESS;target_sum=13;scored_pattern=4-3-3-3,gd_013_authored_answer_recipe_v1
GD-013,ipip-neo-120-v1,O404,single_choice,,N,profile=gd_013_authored;facet=ADVENTUROUSNESS;target_sum=13;scored_pattern=4-3-3-3,gd_013_authored_answer_recipe_v1
GD-013,ipip-neo-120-v1,O501,single_choice,,SA,profile=gd_013_authored;facet=INTELLECT;target_sum=19;scored_pattern=5-5-5-4,gd_013_authored_answer_recipe_v1
GD-013,ipip-neo-120-v1,O502,single_choice,,SD,profile=gd_013_authored;facet=INTELLECT;target_sum=19;scored_pattern=5-5-5-4,gd_013_authored_answer_recipe_v1
GD-013,ipip-neo-120-v1,O503,single_choice,,SD,profile=gd_013_authored;facet=INTELLECT;target_sum=19;scored_pattern=5-5-5-4,gd_013_authored_answer_recipe_v1
GD-013,ipip-neo-120-v1,O504,single_choice,,D,profile=gd_013_authored;facet=INTELLECT;target_sum=19;scored_pattern=5-5-5-4,gd_013_authored_answer_recipe_v1
GD-013,ipip-neo-120-v1,O601,single_choice,,A,profile=gd_013_authored;facet=LIBERALISM;target_sum=15;scored_pattern=4-4-4-3,gd_013_authored_answer_recipe_v1
GD-013,ipip-neo-120-v1,O602,single_choice,,A,profile=gd_013_authored;facet=LIBERALISM;target_sum=15;scored_pattern=4-4-4-3,gd_013_authored_answer_recipe_v1
GD-013,ipip-neo-120-v1,O603,single_choice,,D,profile=gd_013_authored;facet=LIBERALISM;target_sum=15;scored_pattern=4-4-4-3,gd_013_authored_answer_recipe_v1
GD-013,ipip-neo-120-v1,O604,single_choice,,N,profile=gd_013_authored;facet=LIBERALISM;target_sum=15;scored_pattern=4-4-4-3,gd_013_authored_answer_recipe_v1
GD-013,ipip-neo-120-v1,A101,single_choice,,N,profile=gd_013_authored;facet=TRUST;target_sum=11;scored_pattern=3-3-3-2,gd_013_authored_answer_recipe_v1
GD-013,ipip-neo-120-v1,A102,single_choice,,N,profile=gd_013_authored;facet=TRUST;target_sum=11;scored_pattern=3-3-3-2,gd_013_authored_answer_recipe_v1
GD-013,ipip-neo-120-v1,A103,single_choice,,N,profile=gd_013_authored;facet=TRUST;target_sum=11;scored_pattern=3-3-3-2,gd_013_authored_answer_recipe_v1
GD-013,ipip-neo-120-v1,A104,single_choice,,A,profile=gd_013_authored;facet=TRUST;target_sum=11;scored_pattern=3-3-3-2,gd_013_authored_answer_recipe_v1
GD-013,ipip-neo-120-v1,A201,single_choice,,SD,profile=gd_013_authored;facet=MORALITY;target_sum=17;scored_pattern=5-4-4-4,gd_013_authored_answer_recipe_v1
GD-013,ipip-neo-120-v1,A202,single_choice,,D,profile=gd_013_authored;facet=MORALITY;target_sum=17;scored_pattern=5-4-4-4,gd_013_authored_answer_recipe_v1
GD-013,ipip-neo-120-v1,A203,single_choice,,D,profile=gd_013_authored;facet=MORALITY;target_sum=17;scored_pattern=5-4-4-4,gd_013_authored_answer_recipe_v1
GD-013,ipip-neo-120-v1,A204,single_choice,,D,profile=gd_013_authored;facet=MORALITY;target_sum=17;scored_pattern=5-4-4-4,gd_013_authored_answer_recipe_v1
GD-013,ipip-neo-120-v1,A301,single_choice,,N,profile=gd_013_authored;facet=ALTRUISM;target_sum=12;scored_pattern=3-3-3-3,gd_013_authored_answer_recipe_v1
GD-013,ipip-neo-120-v1,A302,single_choice,,N,profile=gd_013_authored;facet=ALTRUISM;target_sum=12;scored_pattern=3-3-3-3,gd_013_authored_answer_recipe_v1
GD-013,ipip-neo-120-v1,A303,single_choice,,N,profile=gd_013_authored;facet=ALTRUISM;target_sum=12;scored_pattern=3-3-3-3,gd_013_authored_answer_recipe_v1
GD-013,ipip-neo-120-v1,A304,single_choice,,N,profile=gd_013_authored;facet=ALTRUISM;target_sum=12;scored_pattern=3-3-3-3,gd_013_authored_answer_recipe_v1
GD-013,ipip-neo-120-v1,A401,single_choice,,D,profile=gd_013_authored;facet=COOPERATION;target_sum=13;scored_pattern=4-3-3-3,gd_013_authored_answer_recipe_v1
GD-013,ipip-neo-120-v1,A402,single_choice,,N,profile=gd_013_authored;facet=COOPERATION;target_sum=13;scored_pattern=4-3-3-3,gd_013_authored_answer_recipe_v1
GD-013,ipip-neo-120-v1,A403,single_choice,,N,profile=gd_013_authored;facet=COOPERATION;target_sum=13;scored_pattern=4-3-3-3,gd_013_authored_answer_recipe_v1
GD-013,ipip-neo-120-v1,A404,single_choice,,N,profile=gd_013_authored;facet=COOPERATION;target_sum=13;scored_pattern=4-3-3-3,gd_013_authored_answer_recipe_v1
GD-013,ipip-neo-120-v1,A501,single_choice,,D,profile=gd_013_authored;facet=MODESTY;target_sum=14;scored_pattern=4-4-3-3,gd_013_authored_answer_recipe_v1
GD-013,ipip-neo-120-v1,A502,single_choice,,D,profile=gd_013_authored;facet=MODESTY;target_sum=14;scored_pattern=4-4-3-3,gd_013_authored_answer_recipe_v1
GD-013,ipip-neo-120-v1,A503,single_choice,,N,profile=gd_013_authored;facet=MODESTY;target_sum=14;scored_pattern=4-4-3-3,gd_013_authored_answer_recipe_v1
GD-013,ipip-neo-120-v1,A504,single_choice,,N,profile=gd_013_authored;facet=MODESTY;target_sum=14;scored_pattern=4-4-3-3,gd_013_authored_answer_recipe_v1
GD-013,ipip-neo-120-v1,A601,single_choice,,N,profile=gd_013_authored;facet=SYMPATHY;target_sum=11;scored_pattern=3-3-3-2,gd_013_authored_answer_recipe_v1
GD-013,ipip-neo-120-v1,A602,single_choice,,N,profile=gd_013_authored;facet=SYMPATHY;target_sum=11;scored_pattern=3-3-3-2,gd_013_authored_answer_recipe_v1
GD-013,ipip-neo-120-v1,A603,single_choice,,N,profile=gd_013_authored;facet=SYMPATHY;target_sum=11;scored_pattern=3-3-3-2,gd_013_authored_answer_recipe_v1
GD-013,ipip-neo-120-v1,A604,single_choice,,A,profile=gd_013_authored;facet=SYMPATHY;target_sum=11;scored_pattern=3-3-3-2,gd_013_authored_answer_recipe_v1
GD-013,ipip-neo-120-v1,C101,single_choice,,SA,profile=gd_013_authored;facet=SELF_EFFICACY;target_sum=17;scored_pattern=5-4-4-4,gd_013_authored_answer_recipe_v1
GD-013,ipip-neo-120-v1,C102,single_choice,,A,profile=gd_013_authored;facet=SELF_EFFICACY;target_sum=17;scored_pattern=5-4-4-4,gd_013_authored_answer_recipe_v1
GD-013,ipip-neo-120-v1,C103,single_choice,,A,profile=gd_013_authored;facet=SELF_EFFICACY;target_sum=17;scored_pattern=5-4-4-4,gd_013_authored_answer_recipe_v1
GD-013,ipip-neo-120-v1,C104,single_choice,,A,profile=gd_013_authored;facet=SELF_EFFICACY;target_sum=17;scored_pattern=5-4-4-4,gd_013_authored_answer_recipe_v1
GD-013,ipip-neo-120-v1,C201,single_choice,,A,profile=gd_013_authored;facet=ORDERLINESS;target_sum=15;scored_pattern=4-4-4-3,gd_013_authored_answer_recipe_v1
GD-013,ipip-neo-120-v1,C202,single_choice,,D,profile=gd_013_authored;facet=ORDERLINESS;target_sum=15;scored_pattern=4-4-4-3,gd_013_authored_answer_recipe_v1
GD-013,ipip-neo-120-v1,C203,single_choice,,D,profile=gd_013_authored;facet=ORDERLINESS;target_sum=15;scored_pattern=4-4-4-3,gd_013_authored_answer_recipe_v1
GD-013,ipip-neo-120-v1,C204,single_choice,,N,profile=gd_013_authored;facet=ORDERLINESS;target_sum=15;scored_pattern=4-4-4-3,gd_013_authored_answer_recipe_v1
GD-013,ipip-neo-120-v1,C301,single_choice,,A,profile=gd_013_authored;facet=DUTIFULNESS;target_sum=16;scored_pattern=4-4-4-4,gd_013_authored_answer_recipe_v1
GD-013,ipip-neo-120-v1,C302,single_choice,,A,profile=gd_013_authored;facet=DUTIFULNESS;target_sum=16;scored_pattern=4-4-4-4,gd_013_authored_answer_recipe_v1
GD-013,ipip-neo-120-v1,C303,single_choice,,D,profile=gd_013_authored;facet=DUTIFULNESS;target_sum=16;scored_pattern=4-4-4-4,gd_013_authored_answer_recipe_v1
GD-013,ipip-neo-120-v1,C304,single_choice,,D,profile=gd_013_authored;facet=DUTIFULNESS;target_sum=16;scored_pattern=4-4-4-4,gd_013_authored_answer_recipe_v1
GD-013,ipip-neo-120-v1,C401,single_choice,,SA,profile=gd_013_authored;facet=ACHIEVEMENT_STRIVING;target_sum=17;scored_pattern=5-4-4-4,gd_013_authored_answer_recipe_v1
GD-013,ipip-neo-120-v1,C402,single_choice,,A,profile=gd_013_authored;facet=ACHIEVEMENT_STRIVING;target_sum=17;scored_pattern=5-4-4-4,gd_013_authored_answer_recipe_v1
GD-013,ipip-neo-120-v1,C403,single_choice,,D,profile=gd_013_authored;facet=ACHIEVEMENT_STRIVING;target_sum=17;scored_pattern=5-4-4-4,gd_013_authored_answer_recipe_v1
GD-013,ipip-neo-120-v1,C404,single_choice,,D,profile=gd_013_authored;facet=ACHIEVEMENT_STRIVING;target_sum=17;scored_pattern=5-4-4-4,gd_013_authored_answer_recipe_v1
GD-013,ipip-neo-120-v1,C501,single_choice,,A,profile=gd_013_authored;facet=SELF_DISCIPLINE;target_sum=15;scored_pattern=4-4-4-3,gd_013_authored_answer_recipe_v1
GD-013,ipip-neo-120-v1,C502,single_choice,,A,profile=gd_013_authored;facet=SELF_DISCIPLINE;target_sum=15;scored_pattern=4-4-4-3,gd_013_authored_answer_recipe_v1
GD-013,ipip-neo-120-v1,C503,single_choice,,D,profile=gd_013_authored;facet=SELF_DISCIPLINE;target_sum=15;scored_pattern=4-4-4-3,gd_013_authored_answer_recipe_v1
GD-013,ipip-neo-120-v1,C504,single_choice,,N,profile=gd_013_authored;facet=SELF_DISCIPLINE;target_sum=15;scored_pattern=4-4-4-3,gd_013_authored_answer_recipe_v1
GD-013,ipip-neo-120-v1,C601,single_choice,,D,profile=gd_013_authored;facet=CAUTIOUSNESS;target_sum=16;scored_pattern=4-4-4-4,gd_013_authored_answer_recipe_v1
GD-013,ipip-neo-120-v1,C602,single_choice,,D,profile=gd_013_authored;facet=CAUTIOUSNESS;target_sum=16;scored_pattern=4-4-4-4,gd_013_authored_answer_recipe_v1
GD-013,ipip-neo-120-v1,C603,single_choice,,D,profile=gd_013_authored;facet=CAUTIOUSNESS;target_sum=16;scored_pattern=4-4-4-4,gd_013_authored_answer_recipe_v1
GD-013,ipip-neo-120-v1,C604,single_choice,,D,profile=gd_013_authored;facet=CAUTIOUSNESS;target_sum=16;scored_pattern=4-4-4-4,gd_013_authored_answer_recipe_v1
GD-013,safran_v1,VW01,single_choice,,VW01_opt_3,profile=gd_013_authored;subtest=VW;correct_count=6,gd_013_authored_answer_recipe_v1
GD-013,safran_v1,VW02,single_choice,,VW02_opt_4,profile=gd_013_authored;subtest=VW;correct_count=6,gd_013_authored_answer_recipe_v1
GD-013,safran_v1,VW03,single_choice,,VW03_opt_4,profile=gd_013_authored;subtest=VW;correct_count=6,gd_013_authored_answer_recipe_v1
GD-013,safran_v1,VW04,single_choice,,VW04_opt_3,profile=gd_013_authored;subtest=VW;correct_count=6,gd_013_authored_answer_recipe_v1
GD-013,safran_v1,VW05,single_choice,,VW05_opt_2,profile=gd_013_authored;subtest=VW;correct_count=6,gd_013_authored_answer_recipe_v1
GD-013,safran_v1,VW06,single_choice,,VW06_opt_4,profile=gd_013_authored;subtest=VW;correct_count=6,gd_013_authored_answer_recipe_v1
GD-013,safran_v1,VW07,single_choice,,VW07_opt_2,profile=gd_013_authored;subtest=VW;correct_count=6,gd_013_authored_answer_recipe_v1
GD-013,safran_v1,VW08,single_choice,,VW08_opt_1,profile=gd_013_authored;subtest=VW;correct_count=6,gd_013_authored_answer_recipe_v1
GD-013,safran_v1,VW09,single_choice,,VW09_opt_1,profile=gd_013_authored;subtest=VW;correct_count=6,gd_013_authored_answer_recipe_v1
GD-013,safran_v1,VA01,single_choice,,VA01_opt_3,profile=gd_013_authored;subtest=VA;correct_count=7,gd_013_authored_answer_recipe_v1
GD-013,safran_v1,VA02,single_choice,,VA02_opt_5,profile=gd_013_authored;subtest=VA;correct_count=7,gd_013_authored_answer_recipe_v1
GD-013,safran_v1,VA03,single_choice,,VA03_opt_3,profile=gd_013_authored;subtest=VA;correct_count=7,gd_013_authored_answer_recipe_v1
GD-013,safran_v1,VA04,single_choice,,VA04_opt_2,profile=gd_013_authored;subtest=VA;correct_count=7,gd_013_authored_answer_recipe_v1
GD-013,safran_v1,VA05,single_choice,,VA05_opt_1,profile=gd_013_authored;subtest=VA;correct_count=7,gd_013_authored_answer_recipe_v1
GD-013,safran_v1,VA06,single_choice,,VA06_opt_4,profile=gd_013_authored;subtest=VA;correct_count=7,gd_013_authored_answer_recipe_v1
GD-013,safran_v1,VA07,single_choice,,VA07_opt_4,profile=gd_013_authored;subtest=VA;correct_count=7,gd_013_authored_answer_recipe_v1
GD-013,safran_v1,VA08,single_choice,,VA08_opt_1,profile=gd_013_authored;subtest=VA;correct_count=7,gd_013_authored_answer_recipe_v1
GD-013,safran_v1,VA09,single_choice,,VA09_opt_1,profile=gd_013_authored;subtest=VA;correct_count=7,gd_013_authored_answer_recipe_v1
GD-013,safran_v1,FA01,single_choice,,FA01_opt_correct,profile=gd_013_authored;subtest=FA;correct_count=5,gd_013_authored_answer_recipe_v1
GD-013,safran_v1,FA02,single_choice,,FA02_opt_correct,profile=gd_013_authored;subtest=FA;correct_count=5,gd_013_authored_answer_recipe_v1
GD-013,safran_v1,FA03,single_choice,,FA03_opt_correct,profile=gd_013_authored;subtest=FA;correct_count=5,gd_013_authored_answer_recipe_v1
GD-013,safran_v1,FA04,single_choice,,FA04_opt_correct,profile=gd_013_authored;subtest=FA;correct_count=5,gd_013_authored_answer_recipe_v1
GD-013,safran_v1,FA05,single_choice,,FA05_opt_correct,profile=gd_013_authored;subtest=FA;correct_count=5,gd_013_authored_answer_recipe_v1
GD-013,safran_v1,FA06,single_choice,,FA06_opt_dis1,profile=gd_013_authored;subtest=FA;correct_count=5,gd_013_authored_answer_recipe_v1
GD-013,safran_v1,FA07,single_choice,,FA07_opt_dis1,profile=gd_013_authored;subtest=FA;correct_count=5,gd_013_authored_answer_recipe_v1
GD-013,safran_v1,FA08,single_choice,,FA08_opt_dis1,profile=gd_013_authored;subtest=FA;correct_count=5,gd_013_authored_answer_recipe_v1
GD-013,safran_v1,FA09,single_choice,,FA09_opt_dis1,profile=gd_013_authored;subtest=FA;correct_count=5,gd_013_authored_answer_recipe_v1
GD-013,safran_v1,FM01,single_choice,,FM01_opt_correct,profile=gd_013_authored;subtest=FM;correct_count=4,gd_013_authored_answer_recipe_v1
GD-013,safran_v1,FM02,single_choice,,FM02_opt_correct,profile=gd_013_authored;subtest=FM;correct_count=4,gd_013_authored_answer_recipe_v1
GD-013,safran_v1,FM03,single_choice,,FM03_opt_correct,profile=gd_013_authored;subtest=FM;correct_count=4,gd_013_authored_answer_recipe_v1
GD-013,safran_v1,FM04,single_choice,,FM04_opt_correct,profile=gd_013_authored;subtest=FM;correct_count=4,gd_013_authored_answer_recipe_v1
GD-013,safran_v1,FM05,single_choice,,FM05_opt_dis1,profile=gd_013_authored;subtest=FM;correct_count=4,gd_013_authored_answer_recipe_v1
GD-013,safran_v1,FM06,single_choice,,FM06_opt_dis1,profile=gd_013_authored;subtest=FM;correct_count=4,gd_013_authored_answer_recipe_v1
GD-013,safran_v1,FM07,single_choice,,FM07_opt_dis1,profile=gd_013_authored;subtest=FM;correct_count=4,gd_013_authored_answer_recipe_v1
GD-013,safran_v1,FM08,single_choice,,FM08_opt_dis1,profile=gd_013_authored;subtest=FM;correct_count=4,gd_013_authored_answer_recipe_v1
GD-013,safran_v1,FM09,single_choice,,FM09_opt_dis1,profile=gd_013_authored;subtest=FM;correct_count=4,gd_013_authored_answer_recipe_v1
GD-013,safran_v1,NZ01_01,text,22,,profile=gd_013_authored;subtest=NZ;correct_count=8,gd_013_authored_answer_recipe_v1
GD-013,safran_v1,NZ02_01,text,4.5,,profile=gd_013_authored;subtest=NZ;correct_count=8,gd_013_authored_answer_recipe_v1
GD-013,safran_v1,NZ03_01,text,12.5,,profile=gd_013_authored;subtest=NZ;correct_count=8,gd_013_authored_answer_recipe_v1
GD-013,safran_v1,NZ04_01,text,17,,profile=gd_013_authored;subtest=NZ;correct_count=8,gd_013_authored_answer_recipe_v1
GD-013,safran_v1,NZ05_01,text,25,,profile=gd_013_authored;subtest=NZ;correct_count=8,gd_013_authored_answer_recipe_v1
GD-013,safran_v1,NZ06_01,text,9,,profile=gd_013_authored;subtest=NZ;correct_count=8,gd_013_authored_answer_recipe_v1
GD-013,safran_v1,NZ07_01,text,42,,profile=gd_013_authored;subtest=NZ;correct_count=8,gd_013_authored_answer_recipe_v1
GD-013,safran_v1,NZ08_01,text,8.5,,profile=gd_013_authored;subtest=NZ;correct_count=8,gd_013_authored_answer_recipe_v1
GD-013,safran_v1,NZ09_01,text,113,,profile=gd_013_authored;subtest=NZ;correct_count=8,gd_013_authored_answer_recipe_v1
GD-013,mwms_v1,MWMS_01,single_choice,,MWMS_LIKERT_1,profile=gd_013_authored;dimension=amotivation;values=1-1-2,gd_013_authored_answer_recipe_v1
GD-013,mwms_v1,MWMS_02,single_choice,,MWMS_LIKERT_1,profile=gd_013_authored;dimension=amotivation;values=1-1-2,gd_013_authored_answer_recipe_v1
GD-013,mwms_v1,MWMS_03,single_choice,,MWMS_LIKERT_2,profile=gd_013_authored;dimension=amotivation;values=1-1-2,gd_013_authored_answer_recipe_v1
GD-013,mwms_v1,MWMS_04,single_choice,,MWMS_LIKERT_2,profile=gd_013_authored;dimension=external_social;values=2-3-2,gd_013_authored_answer_recipe_v1
GD-013,mwms_v1,MWMS_05,single_choice,,MWMS_LIKERT_3,profile=gd_013_authored;dimension=external_social;values=2-3-2,gd_013_authored_answer_recipe_v1
GD-013,mwms_v1,MWMS_06,single_choice,,MWMS_LIKERT_2,profile=gd_013_authored;dimension=external_social;values=2-3-2,gd_013_authored_answer_recipe_v1
GD-013,mwms_v1,MWMS_07,single_choice,,MWMS_LIKERT_4,profile=gd_013_authored;dimension=external_material;values=4-4-5,gd_013_authored_answer_recipe_v1
GD-013,mwms_v1,MWMS_08,single_choice,,MWMS_LIKERT_4,profile=gd_013_authored;dimension=external_material;values=4-4-5,gd_013_authored_answer_recipe_v1
GD-013,mwms_v1,MWMS_09,single_choice,,MWMS_LIKERT_5,profile=gd_013_authored;dimension=external_material;values=4-4-5,gd_013_authored_answer_recipe_v1
GD-013,mwms_v1,MWMS_10,single_choice,,MWMS_LIKERT_4,profile=gd_013_authored;dimension=introjected;values=4-4-3-4,gd_013_authored_answer_recipe_v1
GD-013,mwms_v1,MWMS_11,single_choice,,MWMS_LIKERT_4,profile=gd_013_authored;dimension=introjected;values=4-4-3-4,gd_013_authored_answer_recipe_v1
GD-013,mwms_v1,MWMS_12,single_choice,,MWMS_LIKERT_3,profile=gd_013_authored;dimension=introjected;values=4-4-3-4,gd_013_authored_answer_recipe_v1
GD-013,mwms_v1,MWMS_13,single_choice,,MWMS_LIKERT_4,profile=gd_013_authored;dimension=introjected;values=4-4-3-4,gd_013_authored_answer_recipe_v1
GD-013,mwms_v1,MWMS_14,single_choice,,MWMS_LIKERT_6,profile=gd_013_authored;dimension=identified;values=6-6-7,gd_013_authored_answer_recipe_v1
GD-013,mwms_v1,MWMS_15,single_choice,,MWMS_LIKERT_6,profile=gd_013_authored;dimension=identified;values=6-6-7,gd_013_authored_answer_recipe_v1
GD-013,mwms_v1,MWMS_16,single_choice,,MWMS_LIKERT_7,profile=gd_013_authored;dimension=identified;values=6-6-7,gd_013_authored_answer_recipe_v1
GD-013,mwms_v1,MWMS_17,single_choice,,MWMS_LIKERT_5,profile=gd_013_authored;dimension=intrinsic;values=5-6-6,gd_013_authored_answer_recipe_v1
GD-013,mwms_v1,MWMS_18,single_choice,,MWMS_LIKERT_6,profile=gd_013_authored;dimension=intrinsic;values=5-6-6,gd_013_authored_answer_recipe_v1
GD-013,mwms_v1,MWMS_19,single_choice,,MWMS_LIKERT_6,profile=gd_013_authored;dimension=intrinsic;values=5-6-6,gd_013_authored_answer_recipe_v1
GD-014,ipip-neo-120-v1,N101,single_choice,,N,profile=gd_014_authored;facet=ANXIETY;target_sum=9;scored_pattern=3-2-2-2,gd_014_authored_answer_recipe_v1
GD-014,ipip-neo-120-v1,N102,single_choice,,D,profile=gd_014_authored;facet=ANXIETY;target_sum=9;scored_pattern=3-2-2-2,gd_014_authored_answer_recipe_v1
GD-014,ipip-neo-120-v1,N103,single_choice,,D,profile=gd_014_authored;facet=ANXIETY;target_sum=9;scored_pattern=3-2-2-2,gd_014_authored_answer_recipe_v1
GD-014,ipip-neo-120-v1,N104,single_choice,,D,profile=gd_014_authored;facet=ANXIETY;target_sum=9;scored_pattern=3-2-2-2,gd_014_authored_answer_recipe_v1
GD-014,ipip-neo-120-v1,N201,single_choice,,D,profile=gd_014_authored;facet=ANGER;target_sum=7;scored_pattern=2-2-2-1,gd_014_authored_answer_recipe_v1
GD-014,ipip-neo-120-v1,N202,single_choice,,D,profile=gd_014_authored;facet=ANGER;target_sum=7;scored_pattern=2-2-2-1,gd_014_authored_answer_recipe_v1
GD-014,ipip-neo-120-v1,N203,single_choice,,D,profile=gd_014_authored;facet=ANGER;target_sum=7;scored_pattern=2-2-2-1,gd_014_authored_answer_recipe_v1
GD-014,ipip-neo-120-v1,N204,single_choice,,SA,profile=gd_014_authored;facet=ANGER;target_sum=7;scored_pattern=2-2-2-1,gd_014_authored_answer_recipe_v1
GD-014,ipip-neo-120-v1,N301,single_choice,,D,profile=gd_014_authored;facet=DEPRESSION;target_sum=7;scored_pattern=2-2-2-1,gd_014_authored_answer_recipe_v1
GD-014,ipip-neo-120-v1,N302,single_choice,,D,profile=gd_014_authored;facet=DEPRESSION;target_sum=7;scored_pattern=2-2-2-1,gd_014_authored_answer_recipe_v1
GD-014,ipip-neo-120-v1,N303,single_choice,,D,profile=gd_014_authored;facet=DEPRESSION;target_sum=7;scored_pattern=2-2-2-1,gd_014_authored_answer_recipe_v1
GD-014,ipip-neo-120-v1,N304,single_choice,,SA,profile=gd_014_authored;facet=DEPRESSION;target_sum=7;scored_pattern=2-2-2-1,gd_014_authored_answer_recipe_v1
GD-014,ipip-neo-120-v1,N401,single_choice,,N,profile=gd_014_authored;facet=SELF_CONSCIOUSNESS;target_sum=11;scored_pattern=3-3-3-2,gd_014_authored_answer_recipe_v1
GD-014,ipip-neo-120-v1,N402,single_choice,,N,profile=gd_014_authored;facet=SELF_CONSCIOUSNESS;target_sum=11;scored_pattern=3-3-3-2,gd_014_authored_answer_recipe_v1
GD-014,ipip-neo-120-v1,N403,single_choice,,N,profile=gd_014_authored;facet=SELF_CONSCIOUSNESS;target_sum=11;scored_pattern=3-3-3-2,gd_014_authored_answer_recipe_v1
GD-014,ipip-neo-120-v1,N404,single_choice,,A,profile=gd_014_authored;facet=SELF_CONSCIOUSNESS;target_sum=11;scored_pattern=3-3-3-2,gd_014_authored_answer_recipe_v1
GD-014,ipip-neo-120-v1,N501,single_choice,,D,profile=gd_014_authored;facet=IMMODERATION;target_sum=6;scored_pattern=2-2-1-1,gd_014_authored_answer_recipe_v1
GD-014,ipip-neo-120-v1,N502,single_choice,,A,profile=gd_014_authored;facet=IMMODERATION;target_sum=6;scored_pattern=2-2-1-1,gd_014_authored_answer_recipe_v1
GD-014,ipip-neo-120-v1,N503,single_choice,,SA,profile=gd_014_authored;facet=IMMODERATION;target_sum=6;scored_pattern=2-2-1-1,gd_014_authored_answer_recipe_v1
GD-014,ipip-neo-120-v1,N504,single_choice,,SA,profile=gd_014_authored;facet=IMMODERATION;target_sum=6;scored_pattern=2-2-1-1,gd_014_authored_answer_recipe_v1
GD-014,ipip-neo-120-v1,N601,single_choice,,N,profile=gd_014_authored;facet=VULNERABILITY;target_sum=9;scored_pattern=3-2-2-2,gd_014_authored_answer_recipe_v1
GD-014,ipip-neo-120-v1,N602,single_choice,,D,profile=gd_014_authored;facet=VULNERABILITY;target_sum=9;scored_pattern=3-2-2-2,gd_014_authored_answer_recipe_v1
GD-014,ipip-neo-120-v1,N603,single_choice,,D,profile=gd_014_authored;facet=VULNERABILITY;target_sum=9;scored_pattern=3-2-2-2,gd_014_authored_answer_recipe_v1
GD-014,ipip-neo-120-v1,N604,single_choice,,A,profile=gd_014_authored;facet=VULNERABILITY;target_sum=9;scored_pattern=3-2-2-2,gd_014_authored_answer_recipe_v1
GD-014,ipip-neo-120-v1,E101,single_choice,,N,profile=gd_014_authored;facet=FRIENDLINESS;target_sum=12;scored_pattern=3-3-3-3,gd_014_authored_answer_recipe_v1
GD-014,ipip-neo-120-v1,E102,single_choice,,N,profile=gd_014_authored;facet=FRIENDLINESS;target_sum=12;scored_pattern=3-3-3-3,gd_014_authored_answer_recipe_v1
GD-014,ipip-neo-120-v1,E103,single_choice,,N,profile=gd_014_authored;facet=FRIENDLINESS;target_sum=12;scored_pattern=3-3-3-3,gd_014_authored_answer_recipe_v1
GD-014,ipip-neo-120-v1,E104,single_choice,,N,profile=gd_014_authored;facet=FRIENDLINESS;target_sum=12;scored_pattern=3-3-3-3,gd_014_authored_answer_recipe_v1
GD-014,ipip-neo-120-v1,E201,single_choice,,N,profile=gd_014_authored;facet=GREGARIOUSNESS;target_sum=9;scored_pattern=3-2-2-2,gd_014_authored_answer_recipe_v1
GD-014,ipip-neo-120-v1,E202,single_choice,,D,profile=gd_014_authored;facet=GREGARIOUSNESS;target_sum=9;scored_pattern=3-2-2-2,gd_014_authored_answer_recipe_v1
GD-014,ipip-neo-120-v1,E203,single_choice,,A,profile=gd_014_authored;facet=GREGARIOUSNESS;target_sum=9;scored_pattern=3-2-2-2,gd_014_authored_answer_recipe_v1
GD-014,ipip-neo-120-v1,E204,single_choice,,A,profile=gd_014_authored;facet=GREGARIOUSNESS;target_sum=9;scored_pattern=3-2-2-2,gd_014_authored_answer_recipe_v1
GD-014,ipip-neo-120-v1,E301,single_choice,,N,profile=gd_014_authored;facet=ASSERTIVENESS;target_sum=11;scored_pattern=3-3-3-2,gd_014_authored_answer_recipe_v1
GD-014,ipip-neo-120-v1,E302,single_choice,,N,profile=gd_014_authored;facet=ASSERTIVENESS;target_sum=11;scored_pattern=3-3-3-2,gd_014_authored_answer_recipe_v1
GD-014,ipip-neo-120-v1,E303,single_choice,,N,profile=gd_014_authored;facet=ASSERTIVENESS;target_sum=11;scored_pattern=3-3-3-2,gd_014_authored_answer_recipe_v1
GD-014,ipip-neo-120-v1,E304,single_choice,,A,profile=gd_014_authored;facet=ASSERTIVENESS;target_sum=11;scored_pattern=3-3-3-2,gd_014_authored_answer_recipe_v1
GD-014,ipip-neo-120-v1,E401,single_choice,,N,profile=gd_014_authored;facet=ACTIVITY_LEVEL;target_sum=11;scored_pattern=3-3-3-2,gd_014_authored_answer_recipe_v1
GD-014,ipip-neo-120-v1,E402,single_choice,,N,profile=gd_014_authored;facet=ACTIVITY_LEVEL;target_sum=11;scored_pattern=3-3-3-2,gd_014_authored_answer_recipe_v1
GD-014,ipip-neo-120-v1,E403,single_choice,,N,profile=gd_014_authored;facet=ACTIVITY_LEVEL;target_sum=11;scored_pattern=3-3-3-2,gd_014_authored_answer_recipe_v1
GD-014,ipip-neo-120-v1,E404,single_choice,,A,profile=gd_014_authored;facet=ACTIVITY_LEVEL;target_sum=11;scored_pattern=3-3-3-2,gd_014_authored_answer_recipe_v1
GD-014,ipip-neo-120-v1,E501,single_choice,,D,profile=gd_014_authored;facet=EXCITEMENT_SEEKING;target_sum=7;scored_pattern=2-2-2-1,gd_014_authored_answer_recipe_v1
GD-014,ipip-neo-120-v1,E502,single_choice,,D,profile=gd_014_authored;facet=EXCITEMENT_SEEKING;target_sum=7;scored_pattern=2-2-2-1,gd_014_authored_answer_recipe_v1
GD-014,ipip-neo-120-v1,E503,single_choice,,D,profile=gd_014_authored;facet=EXCITEMENT_SEEKING;target_sum=7;scored_pattern=2-2-2-1,gd_014_authored_answer_recipe_v1
GD-014,ipip-neo-120-v1,E504,single_choice,,SD,profile=gd_014_authored;facet=EXCITEMENT_SEEKING;target_sum=7;scored_pattern=2-2-2-1,gd_014_authored_answer_recipe_v1
GD-014,ipip-neo-120-v1,E601,single_choice,,N,profile=gd_014_authored;facet=CHEERFULNESS;target_sum=11;scored_pattern=3-3-3-2,gd_014_authored_answer_recipe_v1
GD-014,ipip-neo-120-v1,E602,single_choice,,N,profile=gd_014_authored;facet=CHEERFULNESS;target_sum=11;scored_pattern=3-3-3-2,gd_014_authored_answer_recipe_v1
GD-014,ipip-neo-120-v1,E603,single_choice,,N,profile=gd_014_authored;facet=CHEERFULNESS;target_sum=11;scored_pattern=3-3-3-2,gd_014_authored_answer_recipe_v1
GD-014,ipip-neo-120-v1,E604,single_choice,,D,profile=gd_014_authored;facet=CHEERFULNESS;target_sum=11;scored_pattern=3-3-3-2,gd_014_authored_answer_recipe_v1
GD-014,ipip-neo-120-v1,O101,single_choice,,N,profile=gd_014_authored;facet=IMAGINATION;target_sum=12;scored_pattern=3-3-3-3,gd_014_authored_answer_recipe_v1
GD-014,ipip-neo-120-v1,O102,single_choice,,N,profile=gd_014_authored;facet=IMAGINATION;target_sum=12;scored_pattern=3-3-3-3,gd_014_authored_answer_recipe_v1
GD-014,ipip-neo-120-v1,O103,single_choice,,N,profile=gd_014_authored;facet=IMAGINATION;target_sum=12;scored_pattern=3-3-3-3,gd_014_authored_answer_recipe_v1
GD-014,ipip-neo-120-v1,O104,single_choice,,N,profile=gd_014_authored;facet=IMAGINATION;target_sum=12;scored_pattern=3-3-3-3,gd_014_authored_answer_recipe_v1
GD-014,ipip-neo-120-v1,O201,single_choice,,N,profile=gd_014_authored;facet=ARTISTIC_INTERESTS;target_sum=10;scored_pattern=3-3-2-2,gd_014_authored_answer_recipe_v1
GD-014,ipip-neo-120-v1,O202,single_choice,,N,profile=gd_014_authored;facet=ARTISTIC_INTERESTS;target_sum=10;scored_pattern=3-3-2-2,gd_014_authored_answer_recipe_v1
GD-014,ipip-neo-120-v1,O203,single_choice,,A,profile=gd_014_authored;facet=ARTISTIC_INTERESTS;target_sum=10;scored_pattern=3-3-2-2,gd_014_authored_answer_recipe_v1
GD-014,ipip-neo-120-v1,O204,single_choice,,A,profile=gd_014_authored;facet=ARTISTIC_INTERESTS;target_sum=10;scored_pattern=3-3-2-2,gd_014_authored_answer_recipe_v1
GD-014,ipip-neo-120-v1,O301,single_choice,,N,profile=gd_014_authored;facet=EMOTIONALITY;target_sum=10;scored_pattern=3-3-2-2,gd_014_authored_answer_recipe_v1
GD-014,ipip-neo-120-v1,O302,single_choice,,N,profile=gd_014_authored;facet=EMOTIONALITY;target_sum=10;scored_pattern=3-3-2-2,gd_014_authored_answer_recipe_v1
GD-014,ipip-neo-120-v1,O303,single_choice,,A,profile=gd_014_authored;facet=EMOTIONALITY;target_sum=10;scored_pattern=3-3-2-2,gd_014_authored_answer_recipe_v1
GD-014,ipip-neo-120-v1,O304,single_choice,,A,profile=gd_014_authored;facet=EMOTIONALITY;target_sum=10;scored_pattern=3-3-2-2,gd_014_authored_answer_recipe_v1
GD-014,ipip-neo-120-v1,O401,single_choice,,N,profile=gd_014_authored;facet=ADVENTUROUSNESS;target_sum=10;scored_pattern=3-3-2-2,gd_014_authored_answer_recipe_v1
GD-014,ipip-neo-120-v1,O402,single_choice,,N,profile=gd_014_authored;facet=ADVENTUROUSNESS;target_sum=10;scored_pattern=3-3-2-2,gd_014_authored_answer_recipe_v1
GD-014,ipip-neo-120-v1,O403,single_choice,,A,profile=gd_014_authored;facet=ADVENTUROUSNESS;target_sum=10;scored_pattern=3-3-2-2,gd_014_authored_answer_recipe_v1
GD-014,ipip-neo-120-v1,O404,single_choice,,A,profile=gd_014_authored;facet=ADVENTUROUSNESS;target_sum=10;scored_pattern=3-3-2-2,gd_014_authored_answer_recipe_v1
GD-014,ipip-neo-120-v1,O501,single_choice,,SA,profile=gd_014_authored;facet=INTELLECT;target_sum=17;scored_pattern=5-4-4-4,gd_014_authored_answer_recipe_v1
GD-014,ipip-neo-120-v1,O502,single_choice,,D,profile=gd_014_authored;facet=INTELLECT;target_sum=17;scored_pattern=5-4-4-4,gd_014_authored_answer_recipe_v1
GD-014,ipip-neo-120-v1,O503,single_choice,,D,profile=gd_014_authored;facet=INTELLECT;target_sum=17;scored_pattern=5-4-4-4,gd_014_authored_answer_recipe_v1
GD-014,ipip-neo-120-v1,O504,single_choice,,D,profile=gd_014_authored;facet=INTELLECT;target_sum=17;scored_pattern=5-4-4-4,gd_014_authored_answer_recipe_v1
GD-014,ipip-neo-120-v1,O601,single_choice,,N,profile=gd_014_authored;facet=LIBERALISM;target_sum=11;scored_pattern=3-3-3-2,gd_014_authored_answer_recipe_v1
GD-014,ipip-neo-120-v1,O602,single_choice,,N,profile=gd_014_authored;facet=LIBERALISM;target_sum=11;scored_pattern=3-3-3-2,gd_014_authored_answer_recipe_v1
GD-014,ipip-neo-120-v1,O603,single_choice,,N,profile=gd_014_authored;facet=LIBERALISM;target_sum=11;scored_pattern=3-3-3-2,gd_014_authored_answer_recipe_v1
GD-014,ipip-neo-120-v1,O604,single_choice,,A,profile=gd_014_authored;facet=LIBERALISM;target_sum=11;scored_pattern=3-3-3-2,gd_014_authored_answer_recipe_v1
GD-014,ipip-neo-120-v1,A101,single_choice,,N,profile=gd_014_authored;facet=TRUST;target_sum=11;scored_pattern=3-3-3-2,gd_014_authored_answer_recipe_v1
GD-014,ipip-neo-120-v1,A102,single_choice,,N,profile=gd_014_authored;facet=TRUST;target_sum=11;scored_pattern=3-3-3-2,gd_014_authored_answer_recipe_v1
GD-014,ipip-neo-120-v1,A103,single_choice,,N,profile=gd_014_authored;facet=TRUST;target_sum=11;scored_pattern=3-3-3-2,gd_014_authored_answer_recipe_v1
GD-014,ipip-neo-120-v1,A104,single_choice,,A,profile=gd_014_authored;facet=TRUST;target_sum=11;scored_pattern=3-3-3-2,gd_014_authored_answer_recipe_v1
GD-014,ipip-neo-120-v1,A201,single_choice,,SD,profile=gd_014_authored;facet=MORALITY;target_sum=17;scored_pattern=5-4-4-4,gd_014_authored_answer_recipe_v1
GD-014,ipip-neo-120-v1,A202,single_choice,,D,profile=gd_014_authored;facet=MORALITY;target_sum=17;scored_pattern=5-4-4-4,gd_014_authored_answer_recipe_v1
GD-014,ipip-neo-120-v1,A203,single_choice,,D,profile=gd_014_authored;facet=MORALITY;target_sum=17;scored_pattern=5-4-4-4,gd_014_authored_answer_recipe_v1
GD-014,ipip-neo-120-v1,A204,single_choice,,D,profile=gd_014_authored;facet=MORALITY;target_sum=17;scored_pattern=5-4-4-4,gd_014_authored_answer_recipe_v1
GD-014,ipip-neo-120-v1,A301,single_choice,,N,profile=gd_014_authored;facet=ALTRUISM;target_sum=12;scored_pattern=3-3-3-3,gd_014_authored_answer_recipe_v1
GD-014,ipip-neo-120-v1,A302,single_choice,,N,profile=gd_014_authored;facet=ALTRUISM;target_sum=12;scored_pattern=3-3-3-3,gd_014_authored_answer_recipe_v1
GD-014,ipip-neo-120-v1,A303,single_choice,,N,profile=gd_014_authored;facet=ALTRUISM;target_sum=12;scored_pattern=3-3-3-3,gd_014_authored_answer_recipe_v1
GD-014,ipip-neo-120-v1,A304,single_choice,,N,profile=gd_014_authored;facet=ALTRUISM;target_sum=12;scored_pattern=3-3-3-3,gd_014_authored_answer_recipe_v1
GD-014,ipip-neo-120-v1,A401,single_choice,,D,profile=gd_014_authored;facet=COOPERATION;target_sum=14;scored_pattern=4-4-3-3,gd_014_authored_answer_recipe_v1
GD-014,ipip-neo-120-v1,A402,single_choice,,D,profile=gd_014_authored;facet=COOPERATION;target_sum=14;scored_pattern=4-4-3-3,gd_014_authored_answer_recipe_v1
GD-014,ipip-neo-120-v1,A403,single_choice,,N,profile=gd_014_authored;facet=COOPERATION;target_sum=14;scored_pattern=4-4-3-3,gd_014_authored_answer_recipe_v1
GD-014,ipip-neo-120-v1,A404,single_choice,,N,profile=gd_014_authored;facet=COOPERATION;target_sum=14;scored_pattern=4-4-3-3,gd_014_authored_answer_recipe_v1
GD-014,ipip-neo-120-v1,A501,single_choice,,D,profile=gd_014_authored;facet=MODESTY;target_sum=13;scored_pattern=4-3-3-3,gd_014_authored_answer_recipe_v1
GD-014,ipip-neo-120-v1,A502,single_choice,,N,profile=gd_014_authored;facet=MODESTY;target_sum=13;scored_pattern=4-3-3-3,gd_014_authored_answer_recipe_v1
GD-014,ipip-neo-120-v1,A503,single_choice,,N,profile=gd_014_authored;facet=MODESTY;target_sum=13;scored_pattern=4-3-3-3,gd_014_authored_answer_recipe_v1
GD-014,ipip-neo-120-v1,A504,single_choice,,N,profile=gd_014_authored;facet=MODESTY;target_sum=13;scored_pattern=4-3-3-3,gd_014_authored_answer_recipe_v1
GD-014,ipip-neo-120-v1,A601,single_choice,,N,profile=gd_014_authored;facet=SYMPATHY;target_sum=12;scored_pattern=3-3-3-3,gd_014_authored_answer_recipe_v1
GD-014,ipip-neo-120-v1,A602,single_choice,,N,profile=gd_014_authored;facet=SYMPATHY;target_sum=12;scored_pattern=3-3-3-3,gd_014_authored_answer_recipe_v1
GD-014,ipip-neo-120-v1,A603,single_choice,,N,profile=gd_014_authored;facet=SYMPATHY;target_sum=12;scored_pattern=3-3-3-3,gd_014_authored_answer_recipe_v1
GD-014,ipip-neo-120-v1,A604,single_choice,,N,profile=gd_014_authored;facet=SYMPATHY;target_sum=12;scored_pattern=3-3-3-3,gd_014_authored_answer_recipe_v1
GD-014,ipip-neo-120-v1,C101,single_choice,,A,profile=gd_014_authored;facet=SELF_EFFICACY;target_sum=16;scored_pattern=4-4-4-4,gd_014_authored_answer_recipe_v1
GD-014,ipip-neo-120-v1,C102,single_choice,,A,profile=gd_014_authored;facet=SELF_EFFICACY;target_sum=16;scored_pattern=4-4-4-4,gd_014_authored_answer_recipe_v1
GD-014,ipip-neo-120-v1,C103,single_choice,,A,profile=gd_014_authored;facet=SELF_EFFICACY;target_sum=16;scored_pattern=4-4-4-4,gd_014_authored_answer_recipe_v1
GD-014,ipip-neo-120-v1,C104,single_choice,,A,profile=gd_014_authored;facet=SELF_EFFICACY;target_sum=16;scored_pattern=4-4-4-4,gd_014_authored_answer_recipe_v1
GD-014,ipip-neo-120-v1,C201,single_choice,,SA,profile=gd_014_authored;facet=ORDERLINESS;target_sum=19;scored_pattern=5-5-5-4,gd_014_authored_answer_recipe_v1
GD-014,ipip-neo-120-v1,C202,single_choice,,SD,profile=gd_014_authored;facet=ORDERLINESS;target_sum=19;scored_pattern=5-5-5-4,gd_014_authored_answer_recipe_v1
GD-014,ipip-neo-120-v1,C203,single_choice,,SD,profile=gd_014_authored;facet=ORDERLINESS;target_sum=19;scored_pattern=5-5-5-4,gd_014_authored_answer_recipe_v1
GD-014,ipip-neo-120-v1,C204,single_choice,,D,profile=gd_014_authored;facet=ORDERLINESS;target_sum=19;scored_pattern=5-5-5-4,gd_014_authored_answer_recipe_v1
GD-014,ipip-neo-120-v1,C301,single_choice,,SA,profile=gd_014_authored;facet=DUTIFULNESS;target_sum=18;scored_pattern=5-5-4-4,gd_014_authored_answer_recipe_v1
GD-014,ipip-neo-120-v1,C302,single_choice,,SA,profile=gd_014_authored;facet=DUTIFULNESS;target_sum=18;scored_pattern=5-5-4-4,gd_014_authored_answer_recipe_v1
GD-014,ipip-neo-120-v1,C303,single_choice,,D,profile=gd_014_authored;facet=DUTIFULNESS;target_sum=18;scored_pattern=5-5-4-4,gd_014_authored_answer_recipe_v1
GD-014,ipip-neo-120-v1,C304,single_choice,,D,profile=gd_014_authored;facet=DUTIFULNESS;target_sum=18;scored_pattern=5-5-4-4,gd_014_authored_answer_recipe_v1
GD-014,ipip-neo-120-v1,C401,single_choice,,A,profile=gd_014_authored;facet=ACHIEVEMENT_STRIVING;target_sum=15;scored_pattern=4-4-4-3,gd_014_authored_answer_recipe_v1
GD-014,ipip-neo-120-v1,C402,single_choice,,A,profile=gd_014_authored;facet=ACHIEVEMENT_STRIVING;target_sum=15;scored_pattern=4-4-4-3,gd_014_authored_answer_recipe_v1
GD-014,ipip-neo-120-v1,C403,single_choice,,D,profile=gd_014_authored;facet=ACHIEVEMENT_STRIVING;target_sum=15;scored_pattern=4-4-4-3,gd_014_authored_answer_recipe_v1
GD-014,ipip-neo-120-v1,C404,single_choice,,N,profile=gd_014_authored;facet=ACHIEVEMENT_STRIVING;target_sum=15;scored_pattern=4-4-4-3,gd_014_authored_answer_recipe_v1
GD-014,ipip-neo-120-v1,C501,single_choice,,SA,profile=gd_014_authored;facet=SELF_DISCIPLINE;target_sum=19;scored_pattern=5-5-5-4,gd_014_authored_answer_recipe_v1
GD-014,ipip-neo-120-v1,C502,single_choice,,SA,profile=gd_014_authored;facet=SELF_DISCIPLINE;target_sum=19;scored_pattern=5-5-5-4,gd_014_authored_answer_recipe_v1
GD-014,ipip-neo-120-v1,C503,single_choice,,SD,profile=gd_014_authored;facet=SELF_DISCIPLINE;target_sum=19;scored_pattern=5-5-5-4,gd_014_authored_answer_recipe_v1
GD-014,ipip-neo-120-v1,C504,single_choice,,D,profile=gd_014_authored;facet=SELF_DISCIPLINE;target_sum=19;scored_pattern=5-5-5-4,gd_014_authored_answer_recipe_v1
GD-014,ipip-neo-120-v1,C601,single_choice,,SD,profile=gd_014_authored;facet=CAUTIOUSNESS;target_sum=19;scored_pattern=5-5-5-4,gd_014_authored_answer_recipe_v1
GD-014,ipip-neo-120-v1,C602,single_choice,,SD,profile=gd_014_authored;facet=CAUTIOUSNESS;target_sum=19;scored_pattern=5-5-5-4,gd_014_authored_answer_recipe_v1
GD-014,ipip-neo-120-v1,C603,single_choice,,SD,profile=gd_014_authored;facet=CAUTIOUSNESS;target_sum=19;scored_pattern=5-5-5-4,gd_014_authored_answer_recipe_v1
GD-014,ipip-neo-120-v1,C604,single_choice,,D,profile=gd_014_authored;facet=CAUTIOUSNESS;target_sum=19;scored_pattern=5-5-5-4,gd_014_authored_answer_recipe_v1
GD-014,safran_v1,VW01,single_choice,,VW01_opt_3,profile=gd_014_authored;subtest=VW;correct_count=6,gd_014_authored_answer_recipe_v1
GD-014,safran_v1,VW02,single_choice,,VW02_opt_4,profile=gd_014_authored;subtest=VW;correct_count=6,gd_014_authored_answer_recipe_v1
GD-014,safran_v1,VW03,single_choice,,VW03_opt_4,profile=gd_014_authored;subtest=VW;correct_count=6,gd_014_authored_answer_recipe_v1
GD-014,safran_v1,VW04,single_choice,,VW04_opt_3,profile=gd_014_authored;subtest=VW;correct_count=6,gd_014_authored_answer_recipe_v1
GD-014,safran_v1,VW05,single_choice,,VW05_opt_2,profile=gd_014_authored;subtest=VW;correct_count=6,gd_014_authored_answer_recipe_v1
GD-014,safran_v1,VW06,single_choice,,VW06_opt_4,profile=gd_014_authored;subtest=VW;correct_count=6,gd_014_authored_answer_recipe_v1
GD-014,safran_v1,VW07,single_choice,,VW07_opt_2,profile=gd_014_authored;subtest=VW;correct_count=6,gd_014_authored_answer_recipe_v1
GD-014,safran_v1,VW08,single_choice,,VW08_opt_1,profile=gd_014_authored;subtest=VW;correct_count=6,gd_014_authored_answer_recipe_v1
GD-014,safran_v1,VW09,single_choice,,VW09_opt_1,profile=gd_014_authored;subtest=VW;correct_count=6,gd_014_authored_answer_recipe_v1
GD-014,safran_v1,VA01,single_choice,,VA01_opt_3,profile=gd_014_authored;subtest=VA;correct_count=6,gd_014_authored_answer_recipe_v1
GD-014,safran_v1,VA02,single_choice,,VA02_opt_5,profile=gd_014_authored;subtest=VA;correct_count=6,gd_014_authored_answer_recipe_v1
GD-014,safran_v1,VA03,single_choice,,VA03_opt_3,profile=gd_014_authored;subtest=VA;correct_count=6,gd_014_authored_answer_recipe_v1
GD-014,safran_v1,VA04,single_choice,,VA04_opt_2,profile=gd_014_authored;subtest=VA;correct_count=6,gd_014_authored_answer_recipe_v1
GD-014,safran_v1,VA05,single_choice,,VA05_opt_1,profile=gd_014_authored;subtest=VA;correct_count=6,gd_014_authored_answer_recipe_v1
GD-014,safran_v1,VA06,single_choice,,VA06_opt_4,profile=gd_014_authored;subtest=VA;correct_count=6,gd_014_authored_answer_recipe_v1
GD-014,safran_v1,VA07,single_choice,,VA07_opt_1,profile=gd_014_authored;subtest=VA;correct_count=6,gd_014_authored_answer_recipe_v1
GD-014,safran_v1,VA08,single_choice,,VA08_opt_1,profile=gd_014_authored;subtest=VA;correct_count=6,gd_014_authored_answer_recipe_v1
GD-014,safran_v1,VA09,single_choice,,VA09_opt_1,profile=gd_014_authored;subtest=VA;correct_count=6,gd_014_authored_answer_recipe_v1
GD-014,safran_v1,FA01,single_choice,,FA01_opt_correct,profile=gd_014_authored;subtest=FA;correct_count=5,gd_014_authored_answer_recipe_v1
GD-014,safran_v1,FA02,single_choice,,FA02_opt_correct,profile=gd_014_authored;subtest=FA;correct_count=5,gd_014_authored_answer_recipe_v1
GD-014,safran_v1,FA03,single_choice,,FA03_opt_correct,profile=gd_014_authored;subtest=FA;correct_count=5,gd_014_authored_answer_recipe_v1
GD-014,safran_v1,FA04,single_choice,,FA04_opt_correct,profile=gd_014_authored;subtest=FA;correct_count=5,gd_014_authored_answer_recipe_v1
GD-014,safran_v1,FA05,single_choice,,FA05_opt_correct,profile=gd_014_authored;subtest=FA;correct_count=5,gd_014_authored_answer_recipe_v1
GD-014,safran_v1,FA06,single_choice,,FA06_opt_dis1,profile=gd_014_authored;subtest=FA;correct_count=5,gd_014_authored_answer_recipe_v1
GD-014,safran_v1,FA07,single_choice,,FA07_opt_dis1,profile=gd_014_authored;subtest=FA;correct_count=5,gd_014_authored_answer_recipe_v1
GD-014,safran_v1,FA08,single_choice,,FA08_opt_dis1,profile=gd_014_authored;subtest=FA;correct_count=5,gd_014_authored_answer_recipe_v1
GD-014,safran_v1,FA09,single_choice,,FA09_opt_dis1,profile=gd_014_authored;subtest=FA;correct_count=5,gd_014_authored_answer_recipe_v1
GD-014,safran_v1,FM01,single_choice,,FM01_opt_correct,profile=gd_014_authored;subtest=FM;correct_count=5,gd_014_authored_answer_recipe_v1
GD-014,safran_v1,FM02,single_choice,,FM02_opt_correct,profile=gd_014_authored;subtest=FM;correct_count=5,gd_014_authored_answer_recipe_v1
GD-014,safran_v1,FM03,single_choice,,FM03_opt_correct,profile=gd_014_authored;subtest=FM;correct_count=5,gd_014_authored_answer_recipe_v1
GD-014,safran_v1,FM04,single_choice,,FM04_opt_correct,profile=gd_014_authored;subtest=FM;correct_count=5,gd_014_authored_answer_recipe_v1
GD-014,safran_v1,FM05,single_choice,,FM05_opt_correct,profile=gd_014_authored;subtest=FM;correct_count=5,gd_014_authored_answer_recipe_v1
GD-014,safran_v1,FM06,single_choice,,FM06_opt_dis1,profile=gd_014_authored;subtest=FM;correct_count=5,gd_014_authored_answer_recipe_v1
GD-014,safran_v1,FM07,single_choice,,FM07_opt_dis1,profile=gd_014_authored;subtest=FM;correct_count=5,gd_014_authored_answer_recipe_v1
GD-014,safran_v1,FM08,single_choice,,FM08_opt_dis1,profile=gd_014_authored;subtest=FM;correct_count=5,gd_014_authored_answer_recipe_v1
GD-014,safran_v1,FM09,single_choice,,FM09_opt_dis1,profile=gd_014_authored;subtest=FM;correct_count=5,gd_014_authored_answer_recipe_v1
GD-014,safran_v1,NZ01_01,text,22,,profile=gd_014_authored;subtest=NZ;correct_count=8,gd_014_authored_answer_recipe_v1
GD-014,safran_v1,NZ02_01,text,4.5,,profile=gd_014_authored;subtest=NZ;correct_count=8,gd_014_authored_answer_recipe_v1
GD-014,safran_v1,NZ03_01,text,12.5,,profile=gd_014_authored;subtest=NZ;correct_count=8,gd_014_authored_answer_recipe_v1
GD-014,safran_v1,NZ04_01,text,17,,profile=gd_014_authored;subtest=NZ;correct_count=8,gd_014_authored_answer_recipe_v1
GD-014,safran_v1,NZ05_01,text,25,,profile=gd_014_authored;subtest=NZ;correct_count=8,gd_014_authored_answer_recipe_v1
GD-014,safran_v1,NZ06_01,text,9,,profile=gd_014_authored;subtest=NZ;correct_count=8,gd_014_authored_answer_recipe_v1
GD-014,safran_v1,NZ07_01,text,42,,profile=gd_014_authored;subtest=NZ;correct_count=8,gd_014_authored_answer_recipe_v1
GD-014,safran_v1,NZ08_01,text,8.5,,profile=gd_014_authored;subtest=NZ;correct_count=8,gd_014_authored_answer_recipe_v1
GD-014,safran_v1,NZ09_01,text,113,,profile=gd_014_authored;subtest=NZ;correct_count=8,gd_014_authored_answer_recipe_v1
GD-014,mwms_v1,MWMS_01,single_choice,,MWMS_LIKERT_1,profile=gd_014_authored;dimension=amotivation;values=1-2-1,gd_014_authored_answer_recipe_v1
GD-014,mwms_v1,MWMS_02,single_choice,,MWMS_LIKERT_2,profile=gd_014_authored;dimension=amotivation;values=1-2-1,gd_014_authored_answer_recipe_v1
GD-014,mwms_v1,MWMS_03,single_choice,,MWMS_LIKERT_1,profile=gd_014_authored;dimension=amotivation;values=1-2-1,gd_014_authored_answer_recipe_v1
GD-014,mwms_v1,MWMS_04,single_choice,,MWMS_LIKERT_2,profile=gd_014_authored;dimension=external_social;values=2-2-3,gd_014_authored_answer_recipe_v1
GD-014,mwms_v1,MWMS_05,single_choice,,MWMS_LIKERT_2,profile=gd_014_authored;dimension=external_social;values=2-2-3,gd_014_authored_answer_recipe_v1
GD-014,mwms_v1,MWMS_06,single_choice,,MWMS_LIKERT_3,profile=gd_014_authored;dimension=external_social;values=2-2-3,gd_014_authored_answer_recipe_v1
GD-014,mwms_v1,MWMS_07,single_choice,,MWMS_LIKERT_4,profile=gd_014_authored;dimension=external_material;values=4-5-4,gd_014_authored_answer_recipe_v1
GD-014,mwms_v1,MWMS_08,single_choice,,MWMS_LIKERT_5,profile=gd_014_authored;dimension=external_material;values=4-5-4,gd_014_authored_answer_recipe_v1
GD-014,mwms_v1,MWMS_09,single_choice,,MWMS_LIKERT_4,profile=gd_014_authored;dimension=external_material;values=4-5-4,gd_014_authored_answer_recipe_v1
GD-014,mwms_v1,MWMS_10,single_choice,,MWMS_LIKERT_4,profile=gd_014_authored;dimension=introjected;values=4-4-4-3,gd_014_authored_answer_recipe_v1
GD-014,mwms_v1,MWMS_11,single_choice,,MWMS_LIKERT_4,profile=gd_014_authored;dimension=introjected;values=4-4-4-3,gd_014_authored_answer_recipe_v1
GD-014,mwms_v1,MWMS_12,single_choice,,MWMS_LIKERT_4,profile=gd_014_authored;dimension=introjected;values=4-4-4-3,gd_014_authored_answer_recipe_v1
GD-014,mwms_v1,MWMS_13,single_choice,,MWMS_LIKERT_3,profile=gd_014_authored;dimension=introjected;values=4-4-4-3,gd_014_authored_answer_recipe_v1
GD-014,mwms_v1,MWMS_14,single_choice,,MWMS_LIKERT_6,profile=gd_014_authored;dimension=identified;values=6-7-6,gd_014_authored_answer_recipe_v1
GD-014,mwms_v1,MWMS_15,single_choice,,MWMS_LIKERT_7,profile=gd_014_authored;dimension=identified;values=6-7-6,gd_014_authored_answer_recipe_v1
GD-014,mwms_v1,MWMS_16,single_choice,,MWMS_LIKERT_6,profile=gd_014_authored;dimension=identified;values=6-7-6,gd_014_authored_answer_recipe_v1
GD-014,mwms_v1,MWMS_17,single_choice,,MWMS_LIKERT_5,profile=gd_014_authored;dimension=intrinsic;values=5-6-6,gd_014_authored_answer_recipe_v1
GD-014,mwms_v1,MWMS_18,single_choice,,MWMS_LIKERT_6,profile=gd_014_authored;dimension=intrinsic;values=5-6-6,gd_014_authored_answer_recipe_v1
GD-014,mwms_v1,MWMS_19,single_choice,,MWMS_LIKERT_6,profile=gd_014_authored;dimension=intrinsic;values=5-6-6,gd_014_authored_answer_recipe_v1
GD-015,ipip-neo-120-v1,N101,single_choice,,N,profile=gd_015_authored;facet=ANXIETY;target_sum=11;scored_pattern=3-3-3-2,gd_015_authored_answer_recipe_v1
GD-015,ipip-neo-120-v1,N102,single_choice,,N,profile=gd_015_authored;facet=ANXIETY;target_sum=11;scored_pattern=3-3-3-2,gd_015_authored_answer_recipe_v1
GD-015,ipip-neo-120-v1,N103,single_choice,,N,profile=gd_015_authored;facet=ANXIETY;target_sum=11;scored_pattern=3-3-3-2,gd_015_authored_answer_recipe_v1
GD-015,ipip-neo-120-v1,N104,single_choice,,D,profile=gd_015_authored;facet=ANXIETY;target_sum=11;scored_pattern=3-3-3-2,gd_015_authored_answer_recipe_v1
GD-015,ipip-neo-120-v1,N201,single_choice,,N,profile=gd_015_authored;facet=ANGER;target_sum=9;scored_pattern=3-2-2-2,gd_015_authored_answer_recipe_v1
GD-015,ipip-neo-120-v1,N202,single_choice,,D,profile=gd_015_authored;facet=ANGER;target_sum=9;scored_pattern=3-2-2-2,gd_015_authored_answer_recipe_v1
GD-015,ipip-neo-120-v1,N203,single_choice,,D,profile=gd_015_authored;facet=ANGER;target_sum=9;scored_pattern=3-2-2-2,gd_015_authored_answer_recipe_v1
GD-015,ipip-neo-120-v1,N204,single_choice,,A,profile=gd_015_authored;facet=ANGER;target_sum=9;scored_pattern=3-2-2-2,gd_015_authored_answer_recipe_v1
GD-015,ipip-neo-120-v1,N301,single_choice,,N,profile=gd_015_authored;facet=DEPRESSION;target_sum=9;scored_pattern=3-2-2-2,gd_015_authored_answer_recipe_v1
GD-015,ipip-neo-120-v1,N302,single_choice,,D,profile=gd_015_authored;facet=DEPRESSION;target_sum=9;scored_pattern=3-2-2-2,gd_015_authored_answer_recipe_v1
GD-015,ipip-neo-120-v1,N303,single_choice,,D,profile=gd_015_authored;facet=DEPRESSION;target_sum=9;scored_pattern=3-2-2-2,gd_015_authored_answer_recipe_v1
GD-015,ipip-neo-120-v1,N304,single_choice,,A,profile=gd_015_authored;facet=DEPRESSION;target_sum=9;scored_pattern=3-2-2-2,gd_015_authored_answer_recipe_v1
GD-015,ipip-neo-120-v1,N401,single_choice,,A,profile=gd_015_authored;facet=SELF_CONSCIOUSNESS;target_sum=13;scored_pattern=4-3-3-3,gd_015_authored_answer_recipe_v1
GD-015,ipip-neo-120-v1,N402,single_choice,,N,profile=gd_015_authored;facet=SELF_CONSCIOUSNESS;target_sum=13;scored_pattern=4-3-3-3,gd_015_authored_answer_recipe_v1
GD-015,ipip-neo-120-v1,N403,single_choice,,N,profile=gd_015_authored;facet=SELF_CONSCIOUSNESS;target_sum=13;scored_pattern=4-3-3-3,gd_015_authored_answer_recipe_v1
GD-015,ipip-neo-120-v1,N404,single_choice,,N,profile=gd_015_authored;facet=SELF_CONSCIOUSNESS;target_sum=13;scored_pattern=4-3-3-3,gd_015_authored_answer_recipe_v1
GD-015,ipip-neo-120-v1,N501,single_choice,,N,profile=gd_015_authored;facet=IMMODERATION;target_sum=10;scored_pattern=3-3-2-2,gd_015_authored_answer_recipe_v1
GD-015,ipip-neo-120-v1,N502,single_choice,,N,profile=gd_015_authored;facet=IMMODERATION;target_sum=10;scored_pattern=3-3-2-2,gd_015_authored_answer_recipe_v1
GD-015,ipip-neo-120-v1,N503,single_choice,,A,profile=gd_015_authored;facet=IMMODERATION;target_sum=10;scored_pattern=3-3-2-2,gd_015_authored_answer_recipe_v1
GD-015,ipip-neo-120-v1,N504,single_choice,,A,profile=gd_015_authored;facet=IMMODERATION;target_sum=10;scored_pattern=3-3-2-2,gd_015_authored_answer_recipe_v1
GD-015,ipip-neo-120-v1,N601,single_choice,,N,profile=gd_015_authored;facet=VULNERABILITY;target_sum=12;scored_pattern=3-3-3-3,gd_015_authored_answer_recipe_v1
GD-015,ipip-neo-120-v1,N602,single_choice,,N,profile=gd_015_authored;facet=VULNERABILITY;target_sum=12;scored_pattern=3-3-3-3,gd_015_authored_answer_recipe_v1
GD-015,ipip-neo-120-v1,N603,single_choice,,N,profile=gd_015_authored;facet=VULNERABILITY;target_sum=12;scored_pattern=3-3-3-3,gd_015_authored_answer_recipe_v1
GD-015,ipip-neo-120-v1,N604,single_choice,,N,profile=gd_015_authored;facet=VULNERABILITY;target_sum=12;scored_pattern=3-3-3-3,gd_015_authored_answer_recipe_v1
GD-015,ipip-neo-120-v1,E101,single_choice,,SA,profile=gd_015_authored;facet=FRIENDLINESS;target_sum=18;scored_pattern=5-5-4-4,gd_015_authored_answer_recipe_v1
GD-015,ipip-neo-120-v1,E102,single_choice,,SA,profile=gd_015_authored;facet=FRIENDLINESS;target_sum=18;scored_pattern=5-5-4-4,gd_015_authored_answer_recipe_v1
GD-015,ipip-neo-120-v1,E103,single_choice,,D,profile=gd_015_authored;facet=FRIENDLINESS;target_sum=18;scored_pattern=5-5-4-4,gd_015_authored_answer_recipe_v1
GD-015,ipip-neo-120-v1,E104,single_choice,,D,profile=gd_015_authored;facet=FRIENDLINESS;target_sum=18;scored_pattern=5-5-4-4,gd_015_authored_answer_recipe_v1
GD-015,ipip-neo-120-v1,E201,single_choice,,A,profile=gd_015_authored;facet=GREGARIOUSNESS;target_sum=14;scored_pattern=4-4-3-3,gd_015_authored_answer_recipe_v1
GD-015,ipip-neo-120-v1,E202,single_choice,,A,profile=gd_015_authored;facet=GREGARIOUSNESS;target_sum=14;scored_pattern=4-4-3-3,gd_015_authored_answer_recipe_v1
GD-015,ipip-neo-120-v1,E203,single_choice,,N,profile=gd_015_authored;facet=GREGARIOUSNESS;target_sum=14;scored_pattern=4-4-3-3,gd_015_authored_answer_recipe_v1
GD-015,ipip-neo-120-v1,E204,single_choice,,N,profile=gd_015_authored;facet=GREGARIOUSNESS;target_sum=14;scored_pattern=4-4-3-3,gd_015_authored_answer_recipe_v1
GD-015,ipip-neo-120-v1,E301,single_choice,,N,profile=gd_015_authored;facet=ASSERTIVENESS;target_sum=12;scored_pattern=3-3-3-3,gd_015_authored_answer_recipe_v1
GD-015,ipip-neo-120-v1,E302,single_choice,,N,profile=gd_015_authored;facet=ASSERTIVENESS;target_sum=12;scored_pattern=3-3-3-3,gd_015_authored_answer_recipe_v1
GD-015,ipip-neo-120-v1,E303,single_choice,,N,profile=gd_015_authored;facet=ASSERTIVENESS;target_sum=12;scored_pattern=3-3-3-3,gd_015_authored_answer_recipe_v1
GD-015,ipip-neo-120-v1,E304,single_choice,,N,profile=gd_015_authored;facet=ASSERTIVENESS;target_sum=12;scored_pattern=3-3-3-3,gd_015_authored_answer_recipe_v1
GD-015,ipip-neo-120-v1,E401,single_choice,,A,profile=gd_015_authored;facet=ACTIVITY_LEVEL;target_sum=13;scored_pattern=4-3-3-3,gd_015_authored_answer_recipe_v1
GD-015,ipip-neo-120-v1,E402,single_choice,,N,profile=gd_015_authored;facet=ACTIVITY_LEVEL;target_sum=13;scored_pattern=4-3-3-3,gd_015_authored_answer_recipe_v1
GD-015,ipip-neo-120-v1,E403,single_choice,,N,profile=gd_015_authored;facet=ACTIVITY_LEVEL;target_sum=13;scored_pattern=4-3-3-3,gd_015_authored_answer_recipe_v1
GD-015,ipip-neo-120-v1,E404,single_choice,,N,profile=gd_015_authored;facet=ACTIVITY_LEVEL;target_sum=13;scored_pattern=4-3-3-3,gd_015_authored_answer_recipe_v1
GD-015,ipip-neo-120-v1,E501,single_choice,,N,profile=gd_015_authored;facet=EXCITEMENT_SEEKING;target_sum=9;scored_pattern=3-2-2-2,gd_015_authored_answer_recipe_v1
GD-015,ipip-neo-120-v1,E502,single_choice,,D,profile=gd_015_authored;facet=EXCITEMENT_SEEKING;target_sum=9;scored_pattern=3-2-2-2,gd_015_authored_answer_recipe_v1
GD-015,ipip-neo-120-v1,E503,single_choice,,D,profile=gd_015_authored;facet=EXCITEMENT_SEEKING;target_sum=9;scored_pattern=3-2-2-2,gd_015_authored_answer_recipe_v1
GD-015,ipip-neo-120-v1,E504,single_choice,,D,profile=gd_015_authored;facet=EXCITEMENT_SEEKING;target_sum=9;scored_pattern=3-2-2-2,gd_015_authored_answer_recipe_v1
GD-015,ipip-neo-120-v1,E601,single_choice,,SA,profile=gd_015_authored;facet=CHEERFULNESS;target_sum=17;scored_pattern=5-4-4-4,gd_015_authored_answer_recipe_v1
GD-015,ipip-neo-120-v1,E602,single_choice,,A,profile=gd_015_authored;facet=CHEERFULNESS;target_sum=17;scored_pattern=5-4-4-4,gd_015_authored_answer_recipe_v1
GD-015,ipip-neo-120-v1,E603,single_choice,,A,profile=gd_015_authored;facet=CHEERFULNESS;target_sum=17;scored_pattern=5-4-4-4,gd_015_authored_answer_recipe_v1
GD-015,ipip-neo-120-v1,E604,single_choice,,A,profile=gd_015_authored;facet=CHEERFULNESS;target_sum=17;scored_pattern=5-4-4-4,gd_015_authored_answer_recipe_v1
GD-015,ipip-neo-120-v1,O101,single_choice,,A,profile=gd_015_authored;facet=IMAGINATION;target_sum=13;scored_pattern=4-3-3-3,gd_015_authored_answer_recipe_v1
GD-015,ipip-neo-120-v1,O102,single_choice,,N,profile=gd_015_authored;facet=IMAGINATION;target_sum=13;scored_pattern=4-3-3-3,gd_015_authored_answer_recipe_v1
GD-015,ipip-neo-120-v1,O103,single_choice,,N,profile=gd_015_authored;facet=IMAGINATION;target_sum=13;scored_pattern=4-3-3-3,gd_015_authored_answer_recipe_v1
GD-015,ipip-neo-120-v1,O104,single_choice,,N,profile=gd_015_authored;facet=IMAGINATION;target_sum=13;scored_pattern=4-3-3-3,gd_015_authored_answer_recipe_v1
GD-015,ipip-neo-120-v1,O201,single_choice,,N,profile=gd_015_authored;facet=ARTISTIC_INTERESTS;target_sum=12;scored_pattern=3-3-3-3,gd_015_authored_answer_recipe_v1
GD-015,ipip-neo-120-v1,O202,single_choice,,N,profile=gd_015_authored;facet=ARTISTIC_INTERESTS;target_sum=12;scored_pattern=3-3-3-3,gd_015_authored_answer_recipe_v1
GD-015,ipip-neo-120-v1,O203,single_choice,,N,profile=gd_015_authored;facet=ARTISTIC_INTERESTS;target_sum=12;scored_pattern=3-3-3-3,gd_015_authored_answer_recipe_v1
GD-015,ipip-neo-120-v1,O204,single_choice,,N,profile=gd_015_authored;facet=ARTISTIC_INTERESTS;target_sum=12;scored_pattern=3-3-3-3,gd_015_authored_answer_recipe_v1
GD-015,ipip-neo-120-v1,O301,single_choice,,A,profile=gd_015_authored;facet=EMOTIONALITY;target_sum=16;scored_pattern=4-4-4-4,gd_015_authored_answer_recipe_v1
GD-015,ipip-neo-120-v1,O302,single_choice,,A,profile=gd_015_authored;facet=EMOTIONALITY;target_sum=16;scored_pattern=4-4-4-4,gd_015_authored_answer_recipe_v1
GD-015,ipip-neo-120-v1,O303,single_choice,,D,profile=gd_015_authored;facet=EMOTIONALITY;target_sum=16;scored_pattern=4-4-4-4,gd_015_authored_answer_recipe_v1
GD-015,ipip-neo-120-v1,O304,single_choice,,D,profile=gd_015_authored;facet=EMOTIONALITY;target_sum=16;scored_pattern=4-4-4-4,gd_015_authored_answer_recipe_v1
GD-015,ipip-neo-120-v1,O401,single_choice,,N,profile=gd_015_authored;facet=ADVENTUROUSNESS;target_sum=12;scored_pattern=3-3-3-3,gd_015_authored_answer_recipe_v1
GD-015,ipip-neo-120-v1,O402,single_choice,,N,profile=gd_015_authored;facet=ADVENTUROUSNESS;target_sum=12;scored_pattern=3-3-3-3,gd_015_authored_answer_recipe_v1
GD-015,ipip-neo-120-v1,O403,single_choice,,N,profile=gd_015_authored;facet=ADVENTUROUSNESS;target_sum=12;scored_pattern=3-3-3-3,gd_015_authored_answer_recipe_v1
GD-015,ipip-neo-120-v1,O404,single_choice,,N,profile=gd_015_authored;facet=ADVENTUROUSNESS;target_sum=12;scored_pattern=3-3-3-3,gd_015_authored_answer_recipe_v1
GD-015,ipip-neo-120-v1,O501,single_choice,,A,profile=gd_015_authored;facet=INTELLECT;target_sum=13;scored_pattern=4-3-3-3,gd_015_authored_answer_recipe_v1
GD-015,ipip-neo-120-v1,O502,single_choice,,N,profile=gd_015_authored;facet=INTELLECT;target_sum=13;scored_pattern=4-3-3-3,gd_015_authored_answer_recipe_v1
GD-015,ipip-neo-120-v1,O503,single_choice,,N,profile=gd_015_authored;facet=INTELLECT;target_sum=13;scored_pattern=4-3-3-3,gd_015_authored_answer_recipe_v1
GD-015,ipip-neo-120-v1,O504,single_choice,,N,profile=gd_015_authored;facet=INTELLECT;target_sum=13;scored_pattern=4-3-3-3,gd_015_authored_answer_recipe_v1
GD-015,ipip-neo-120-v1,O601,single_choice,,N,profile=gd_015_authored;facet=LIBERALISM;target_sum=12;scored_pattern=3-3-3-3,gd_015_authored_answer_recipe_v1
GD-015,ipip-neo-120-v1,O602,single_choice,,N,profile=gd_015_authored;facet=LIBERALISM;target_sum=12;scored_pattern=3-3-3-3,gd_015_authored_answer_recipe_v1
GD-015,ipip-neo-120-v1,O603,single_choice,,N,profile=gd_015_authored;facet=LIBERALISM;target_sum=12;scored_pattern=3-3-3-3,gd_015_authored_answer_recipe_v1
GD-015,ipip-neo-120-v1,O604,single_choice,,N,profile=gd_015_authored;facet=LIBERALISM;target_sum=12;scored_pattern=3-3-3-3,gd_015_authored_answer_recipe_v1
GD-015,ipip-neo-120-v1,A101,single_choice,,A,profile=gd_015_authored;facet=TRUST;target_sum=14;scored_pattern=4-4-3-3,gd_015_authored_answer_recipe_v1
GD-015,ipip-neo-120-v1,A102,single_choice,,A,profile=gd_015_authored;facet=TRUST;target_sum=14;scored_pattern=4-4-3-3,gd_015_authored_answer_recipe_v1
GD-015,ipip-neo-120-v1,A103,single_choice,,N,profile=gd_015_authored;facet=TRUST;target_sum=14;scored_pattern=4-4-3-3,gd_015_authored_answer_recipe_v1
GD-015,ipip-neo-120-v1,A104,single_choice,,N,profile=gd_015_authored;facet=TRUST;target_sum=14;scored_pattern=4-4-3-3,gd_015_authored_answer_recipe_v1
GD-015,ipip-neo-120-v1,A201,single_choice,,D,profile=gd_015_authored;facet=MORALITY;target_sum=16;scored_pattern=4-4-4-4,gd_015_authored_answer_recipe_v1
GD-015,ipip-neo-120-v1,A202,single_choice,,D,profile=gd_015_authored;facet=MORALITY;target_sum=16;scored_pattern=4-4-4-4,gd_015_authored_answer_recipe_v1
GD-015,ipip-neo-120-v1,A203,single_choice,,D,profile=gd_015_authored;facet=MORALITY;target_sum=16;scored_pattern=4-4-4-4,gd_015_authored_answer_recipe_v1
GD-015,ipip-neo-120-v1,A204,single_choice,,D,profile=gd_015_authored;facet=MORALITY;target_sum=16;scored_pattern=4-4-4-4,gd_015_authored_answer_recipe_v1
GD-015,ipip-neo-120-v1,A301,single_choice,,SA,profile=gd_015_authored;facet=ALTRUISM;target_sum=18;scored_pattern=5-5-4-4,gd_015_authored_answer_recipe_v1
GD-015,ipip-neo-120-v1,A302,single_choice,,SA,profile=gd_015_authored;facet=ALTRUISM;target_sum=18;scored_pattern=5-5-4-4,gd_015_authored_answer_recipe_v1
GD-015,ipip-neo-120-v1,A303,single_choice,,D,profile=gd_015_authored;facet=ALTRUISM;target_sum=18;scored_pattern=5-5-4-4,gd_015_authored_answer_recipe_v1
GD-015,ipip-neo-120-v1,A304,single_choice,,D,profile=gd_015_authored;facet=ALTRUISM;target_sum=18;scored_pattern=5-5-4-4,gd_015_authored_answer_recipe_v1
GD-015,ipip-neo-120-v1,A401,single_choice,,SD,profile=gd_015_authored;facet=COOPERATION;target_sum=18;scored_pattern=5-5-4-4,gd_015_authored_answer_recipe_v1
GD-015,ipip-neo-120-v1,A402,single_choice,,SD,profile=gd_015_authored;facet=COOPERATION;target_sum=18;scored_pattern=5-5-4-4,gd_015_authored_answer_recipe_v1
GD-015,ipip-neo-120-v1,A403,single_choice,,D,profile=gd_015_authored;facet=COOPERATION;target_sum=18;scored_pattern=5-5-4-4,gd_015_authored_answer_recipe_v1
GD-015,ipip-neo-120-v1,A404,single_choice,,D,profile=gd_015_authored;facet=COOPERATION;target_sum=18;scored_pattern=5-5-4-4,gd_015_authored_answer_recipe_v1
GD-015,ipip-neo-120-v1,A501,single_choice,,N,profile=gd_015_authored;facet=MODESTY;target_sum=12;scored_pattern=3-3-3-3,gd_015_authored_answer_recipe_v1
GD-015,ipip-neo-120-v1,A502,single_choice,,N,profile=gd_015_authored;facet=MODESTY;target_sum=12;scored_pattern=3-3-3-3,gd_015_authored_answer_recipe_v1
GD-015,ipip-neo-120-v1,A503,single_choice,,N,profile=gd_015_authored;facet=MODESTY;target_sum=12;scored_pattern=3-3-3-3,gd_015_authored_answer_recipe_v1
GD-015,ipip-neo-120-v1,A504,single_choice,,N,profile=gd_015_authored;facet=MODESTY;target_sum=12;scored_pattern=3-3-3-3,gd_015_authored_answer_recipe_v1
GD-015,ipip-neo-120-v1,A601,single_choice,,SA,profile=gd_015_authored;facet=SYMPATHY;target_sum=18;scored_pattern=5-5-4-4,gd_015_authored_answer_recipe_v1
GD-015,ipip-neo-120-v1,A602,single_choice,,SA,profile=gd_015_authored;facet=SYMPATHY;target_sum=18;scored_pattern=5-5-4-4,gd_015_authored_answer_recipe_v1
GD-015,ipip-neo-120-v1,A603,single_choice,,D,profile=gd_015_authored;facet=SYMPATHY;target_sum=18;scored_pattern=5-5-4-4,gd_015_authored_answer_recipe_v1
GD-015,ipip-neo-120-v1,A604,single_choice,,D,profile=gd_015_authored;facet=SYMPATHY;target_sum=18;scored_pattern=5-5-4-4,gd_015_authored_answer_recipe_v1
GD-015,ipip-neo-120-v1,C101,single_choice,,A,profile=gd_015_authored;facet=SELF_EFFICACY;target_sum=14;scored_pattern=4-4-3-3,gd_015_authored_answer_recipe_v1
GD-015,ipip-neo-120-v1,C102,single_choice,,A,profile=gd_015_authored;facet=SELF_EFFICACY;target_sum=14;scored_pattern=4-4-3-3,gd_015_authored_answer_recipe_v1
GD-015,ipip-neo-120-v1,C103,single_choice,,N,profile=gd_015_authored;facet=SELF_EFFICACY;target_sum=14;scored_pattern=4-4-3-3,gd_015_authored_answer_recipe_v1
GD-015,ipip-neo-120-v1,C104,single_choice,,N,profile=gd_015_authored;facet=SELF_EFFICACY;target_sum=14;scored_pattern=4-4-3-3,gd_015_authored_answer_recipe_v1
GD-015,ipip-neo-120-v1,C201,single_choice,,A,profile=gd_015_authored;facet=ORDERLINESS;target_sum=14;scored_pattern=4-4-3-3,gd_015_authored_answer_recipe_v1
GD-015,ipip-neo-120-v1,C202,single_choice,,D,profile=gd_015_authored;facet=ORDERLINESS;target_sum=14;scored_pattern=4-4-3-3,gd_015_authored_answer_recipe_v1
GD-015,ipip-neo-120-v1,C203,single_choice,,N,profile=gd_015_authored;facet=ORDERLINESS;target_sum=14;scored_pattern=4-4-3-3,gd_015_authored_answer_recipe_v1
GD-015,ipip-neo-120-v1,C204,single_choice,,N,profile=gd_015_authored;facet=ORDERLINESS;target_sum=14;scored_pattern=4-4-3-3,gd_015_authored_answer_recipe_v1
GD-015,ipip-neo-120-v1,C301,single_choice,,A,profile=gd_015_authored;facet=DUTIFULNESS;target_sum=15;scored_pattern=4-4-4-3,gd_015_authored_answer_recipe_v1
GD-015,ipip-neo-120-v1,C302,single_choice,,A,profile=gd_015_authored;facet=DUTIFULNESS;target_sum=15;scored_pattern=4-4-4-3,gd_015_authored_answer_recipe_v1
GD-015,ipip-neo-120-v1,C303,single_choice,,D,profile=gd_015_authored;facet=DUTIFULNESS;target_sum=15;scored_pattern=4-4-4-3,gd_015_authored_answer_recipe_v1
GD-015,ipip-neo-120-v1,C304,single_choice,,N,profile=gd_015_authored;facet=DUTIFULNESS;target_sum=15;scored_pattern=4-4-4-3,gd_015_authored_answer_recipe_v1
GD-015,ipip-neo-120-v1,C401,single_choice,,A,profile=gd_015_authored;facet=ACHIEVEMENT_STRIVING;target_sum=13;scored_pattern=4-3-3-3,gd_015_authored_answer_recipe_v1
GD-015,ipip-neo-120-v1,C402,single_choice,,N,profile=gd_015_authored;facet=ACHIEVEMENT_STRIVING;target_sum=13;scored_pattern=4-3-3-3,gd_015_authored_answer_recipe_v1
GD-015,ipip-neo-120-v1,C403,single_choice,,N,profile=gd_015_authored;facet=ACHIEVEMENT_STRIVING;target_sum=13;scored_pattern=4-3-3-3,gd_015_authored_answer_recipe_v1
GD-015,ipip-neo-120-v1,C404,single_choice,,N,profile=gd_015_authored;facet=ACHIEVEMENT_STRIVING;target_sum=13;scored_pattern=4-3-3-3,gd_015_authored_answer_recipe_v1
GD-015,ipip-neo-120-v1,C501,single_choice,,A,profile=gd_015_authored;facet=SELF_DISCIPLINE;target_sum=14;scored_pattern=4-4-3-3,gd_015_authored_answer_recipe_v1
GD-015,ipip-neo-120-v1,C502,single_choice,,A,profile=gd_015_authored;facet=SELF_DISCIPLINE;target_sum=14;scored_pattern=4-4-3-3,gd_015_authored_answer_recipe_v1
GD-015,ipip-neo-120-v1,C503,single_choice,,N,profile=gd_015_authored;facet=SELF_DISCIPLINE;target_sum=14;scored_pattern=4-4-3-3,gd_015_authored_answer_recipe_v1
GD-015,ipip-neo-120-v1,C504,single_choice,,N,profile=gd_015_authored;facet=SELF_DISCIPLINE;target_sum=14;scored_pattern=4-4-3-3,gd_015_authored_answer_recipe_v1
GD-015,ipip-neo-120-v1,C601,single_choice,,N,profile=gd_015_authored;facet=CAUTIOUSNESS;target_sum=11;scored_pattern=3-3-3-2,gd_015_authored_answer_recipe_v1
GD-015,ipip-neo-120-v1,C602,single_choice,,N,profile=gd_015_authored;facet=CAUTIOUSNESS;target_sum=11;scored_pattern=3-3-3-2,gd_015_authored_answer_recipe_v1
GD-015,ipip-neo-120-v1,C603,single_choice,,N,profile=gd_015_authored;facet=CAUTIOUSNESS;target_sum=11;scored_pattern=3-3-3-2,gd_015_authored_answer_recipe_v1
GD-015,ipip-neo-120-v1,C604,single_choice,,A,profile=gd_015_authored;facet=CAUTIOUSNESS;target_sum=11;scored_pattern=3-3-3-2,gd_015_authored_answer_recipe_v1
GD-015,safran_v1,VW01,single_choice,,VW01_opt_3,profile=gd_015_authored;subtest=VW;correct_count=8,gd_015_authored_answer_recipe_v1
GD-015,safran_v1,VW02,single_choice,,VW02_opt_4,profile=gd_015_authored;subtest=VW;correct_count=8,gd_015_authored_answer_recipe_v1
GD-015,safran_v1,VW03,single_choice,,VW03_opt_4,profile=gd_015_authored;subtest=VW;correct_count=8,gd_015_authored_answer_recipe_v1
GD-015,safran_v1,VW04,single_choice,,VW04_opt_3,profile=gd_015_authored;subtest=VW;correct_count=8,gd_015_authored_answer_recipe_v1
GD-015,safran_v1,VW05,single_choice,,VW05_opt_2,profile=gd_015_authored;subtest=VW;correct_count=8,gd_015_authored_answer_recipe_v1
GD-015,safran_v1,VW06,single_choice,,VW06_opt_4,profile=gd_015_authored;subtest=VW;correct_count=8,gd_015_authored_answer_recipe_v1
GD-015,safran_v1,VW07,single_choice,,VW07_opt_1,profile=gd_015_authored;subtest=VW;correct_count=8,gd_015_authored_answer_recipe_v1
GD-015,safran_v1,VW08,single_choice,,VW08_opt_2,profile=gd_015_authored;subtest=VW;correct_count=8,gd_015_authored_answer_recipe_v1
GD-015,safran_v1,VW09,single_choice,,VW09_opt_1,profile=gd_015_authored;subtest=VW;correct_count=8,gd_015_authored_answer_recipe_v1
GD-015,safran_v1,VA01,single_choice,,VA01_opt_3,profile=gd_015_authored;subtest=VA;correct_count=7,gd_015_authored_answer_recipe_v1
GD-015,safran_v1,VA02,single_choice,,VA02_opt_5,profile=gd_015_authored;subtest=VA;correct_count=7,gd_015_authored_answer_recipe_v1
GD-015,safran_v1,VA03,single_choice,,VA03_opt_3,profile=gd_015_authored;subtest=VA;correct_count=7,gd_015_authored_answer_recipe_v1
GD-015,safran_v1,VA04,single_choice,,VA04_opt_2,profile=gd_015_authored;subtest=VA;correct_count=7,gd_015_authored_answer_recipe_v1
GD-015,safran_v1,VA05,single_choice,,VA05_opt_1,profile=gd_015_authored;subtest=VA;correct_count=7,gd_015_authored_answer_recipe_v1
GD-015,safran_v1,VA06,single_choice,,VA06_opt_4,profile=gd_015_authored;subtest=VA;correct_count=7,gd_015_authored_answer_recipe_v1
GD-015,safran_v1,VA07,single_choice,,VA07_opt_4,profile=gd_015_authored;subtest=VA;correct_count=7,gd_015_authored_answer_recipe_v1
GD-015,safran_v1,VA08,single_choice,,VA08_opt_1,profile=gd_015_authored;subtest=VA;correct_count=7,gd_015_authored_answer_recipe_v1
GD-015,safran_v1,VA09,single_choice,,VA09_opt_1,profile=gd_015_authored;subtest=VA;correct_count=7,gd_015_authored_answer_recipe_v1
GD-015,safran_v1,FA01,single_choice,,FA01_opt_correct,profile=gd_015_authored;subtest=FA;correct_count=5,gd_015_authored_answer_recipe_v1
GD-015,safran_v1,FA02,single_choice,,FA02_opt_correct,profile=gd_015_authored;subtest=FA;correct_count=5,gd_015_authored_answer_recipe_v1
GD-015,safran_v1,FA03,single_choice,,FA03_opt_correct,profile=gd_015_authored;subtest=FA;correct_count=5,gd_015_authored_answer_recipe_v1
GD-015,safran_v1,FA04,single_choice,,FA04_opt_correct,profile=gd_015_authored;subtest=FA;correct_count=5,gd_015_authored_answer_recipe_v1
GD-015,safran_v1,FA05,single_choice,,FA05_opt_correct,profile=gd_015_authored;subtest=FA;correct_count=5,gd_015_authored_answer_recipe_v1
GD-015,safran_v1,FA06,single_choice,,FA06_opt_dis1,profile=gd_015_authored;subtest=FA;correct_count=5,gd_015_authored_answer_recipe_v1
GD-015,safran_v1,FA07,single_choice,,FA07_opt_dis1,profile=gd_015_authored;subtest=FA;correct_count=5,gd_015_authored_answer_recipe_v1
GD-015,safran_v1,FA08,single_choice,,FA08_opt_dis1,profile=gd_015_authored;subtest=FA;correct_count=5,gd_015_authored_answer_recipe_v1
GD-015,safran_v1,FA09,single_choice,,FA09_opt_dis1,profile=gd_015_authored;subtest=FA;correct_count=5,gd_015_authored_answer_recipe_v1
GD-015,safran_v1,FM01,single_choice,,FM01_opt_correct,profile=gd_015_authored;subtest=FM;correct_count=4,gd_015_authored_answer_recipe_v1
GD-015,safran_v1,FM02,single_choice,,FM02_opt_correct,profile=gd_015_authored;subtest=FM;correct_count=4,gd_015_authored_answer_recipe_v1
GD-015,safran_v1,FM03,single_choice,,FM03_opt_correct,profile=gd_015_authored;subtest=FM;correct_count=4,gd_015_authored_answer_recipe_v1
GD-015,safran_v1,FM04,single_choice,,FM04_opt_correct,profile=gd_015_authored;subtest=FM;correct_count=4,gd_015_authored_answer_recipe_v1
GD-015,safran_v1,FM05,single_choice,,FM05_opt_dis1,profile=gd_015_authored;subtest=FM;correct_count=4,gd_015_authored_answer_recipe_v1
GD-015,safran_v1,FM06,single_choice,,FM06_opt_dis1,profile=gd_015_authored;subtest=FM;correct_count=4,gd_015_authored_answer_recipe_v1
GD-015,safran_v1,FM07,single_choice,,FM07_opt_dis1,profile=gd_015_authored;subtest=FM;correct_count=4,gd_015_authored_answer_recipe_v1
GD-015,safran_v1,FM08,single_choice,,FM08_opt_dis1,profile=gd_015_authored;subtest=FM;correct_count=4,gd_015_authored_answer_recipe_v1
GD-015,safran_v1,FM09,single_choice,,FM09_opt_dis1,profile=gd_015_authored;subtest=FM;correct_count=4,gd_015_authored_answer_recipe_v1
GD-015,safran_v1,NZ01_01,text,22,,profile=gd_015_authored;subtest=NZ;correct_count=6,gd_015_authored_answer_recipe_v1
GD-015,safran_v1,NZ02_01,text,4.5,,profile=gd_015_authored;subtest=NZ;correct_count=6,gd_015_authored_answer_recipe_v1
GD-015,safran_v1,NZ03_01,text,12.5,,profile=gd_015_authored;subtest=NZ;correct_count=6,gd_015_authored_answer_recipe_v1
GD-015,safran_v1,NZ04_01,text,17,,profile=gd_015_authored;subtest=NZ;correct_count=6,gd_015_authored_answer_recipe_v1
GD-015,safran_v1,NZ05_01,text,25,,profile=gd_015_authored;subtest=NZ;correct_count=6,gd_015_authored_answer_recipe_v1
GD-015,safran_v1,NZ06_01,text,9,,profile=gd_015_authored;subtest=NZ;correct_count=6,gd_015_authored_answer_recipe_v1
GD-015,safran_v1,NZ07_01,text,43,,profile=gd_015_authored;subtest=NZ;correct_count=6,gd_015_authored_answer_recipe_v1
GD-015,safran_v1,NZ08_01,text,9.5,,profile=gd_015_authored;subtest=NZ;correct_count=6,gd_015_authored_answer_recipe_v1
GD-015,safran_v1,NZ09_01,text,113,,profile=gd_015_authored;subtest=NZ;correct_count=6,gd_015_authored_answer_recipe_v1
GD-015,mwms_v1,MWMS_01,single_choice,,MWMS_LIKERT_1,profile=gd_015_authored;dimension=amotivation;values=1-2-1,gd_015_authored_answer_recipe_v1
GD-015,mwms_v1,MWMS_02,single_choice,,MWMS_LIKERT_2,profile=gd_015_authored;dimension=amotivation;values=1-2-1,gd_015_authored_answer_recipe_v1
GD-015,mwms_v1,MWMS_03,single_choice,,MWMS_LIKERT_1,profile=gd_015_authored;dimension=amotivation;values=1-2-1,gd_015_authored_answer_recipe_v1
GD-015,mwms_v1,MWMS_04,single_choice,,MWMS_LIKERT_3,profile=gd_015_authored;dimension=external_social;values=3-3-2,gd_015_authored_answer_recipe_v1
GD-015,mwms_v1,MWMS_05,single_choice,,MWMS_LIKERT_3,profile=gd_015_authored;dimension=external_social;values=3-3-2,gd_015_authored_answer_recipe_v1
GD-015,mwms_v1,MWMS_06,single_choice,,MWMS_LIKERT_2,profile=gd_015_authored;dimension=external_social;values=3-3-2,gd_015_authored_answer_recipe_v1
GD-015,mwms_v1,MWMS_07,single_choice,,MWMS_LIKERT_4,profile=gd_015_authored;dimension=external_material;values=4-4-5,gd_015_authored_answer_recipe_v1
GD-015,mwms_v1,MWMS_08,single_choice,,MWMS_LIKERT_4,profile=gd_015_authored;dimension=external_material;values=4-4-5,gd_015_authored_answer_recipe_v1
GD-015,mwms_v1,MWMS_09,single_choice,,MWMS_LIKERT_5,profile=gd_015_authored;dimension=external_material;values=4-4-5,gd_015_authored_answer_recipe_v1
GD-015,mwms_v1,MWMS_10,single_choice,,MWMS_LIKERT_5,profile=gd_015_authored;dimension=introjected;values=5-4-4-5,gd_015_authored_answer_recipe_v1
GD-015,mwms_v1,MWMS_11,single_choice,,MWMS_LIKERT_4,profile=gd_015_authored;dimension=introjected;values=5-4-4-5,gd_015_authored_answer_recipe_v1
GD-015,mwms_v1,MWMS_12,single_choice,,MWMS_LIKERT_4,profile=gd_015_authored;dimension=introjected;values=5-4-4-5,gd_015_authored_answer_recipe_v1
GD-015,mwms_v1,MWMS_13,single_choice,,MWMS_LIKERT_5,profile=gd_015_authored;dimension=introjected;values=5-4-4-5,gd_015_authored_answer_recipe_v1
GD-015,mwms_v1,MWMS_14,single_choice,,MWMS_LIKERT_6,profile=gd_015_authored;dimension=identified;values=6-7-6,gd_015_authored_answer_recipe_v1
GD-015,mwms_v1,MWMS_15,single_choice,,MWMS_LIKERT_7,profile=gd_015_authored;dimension=identified;values=6-7-6,gd_015_authored_answer_recipe_v1
GD-015,mwms_v1,MWMS_16,single_choice,,MWMS_LIKERT_6,profile=gd_015_authored;dimension=identified;values=6-7-6,gd_015_authored_answer_recipe_v1
GD-015,mwms_v1,MWMS_17,single_choice,,MWMS_LIKERT_6,profile=gd_015_authored;dimension=intrinsic;values=6-6-7,gd_015_authored_answer_recipe_v1
GD-015,mwms_v1,MWMS_18,single_choice,,MWMS_LIKERT_6,profile=gd_015_authored;dimension=intrinsic;values=6-6-7,gd_015_authored_answer_recipe_v1
GD-015,mwms_v1,MWMS_19,single_choice,,MWMS_LIKERT_7,profile=gd_015_authored;dimension=intrinsic;values=6-6-7,gd_015_authored_answer_recipe_v1
GD-016,ipip-neo-120-v1,N101,single_choice,,N,profile=gd_016_authored;facet=ANXIETY;target_sum=9;scored_pattern=3-2-2-2,gd_016_authored_answer_recipe_v1
GD-016,ipip-neo-120-v1,N102,single_choice,,D,profile=gd_016_authored;facet=ANXIETY;target_sum=9;scored_pattern=3-2-2-2,gd_016_authored_answer_recipe_v1
GD-016,ipip-neo-120-v1,N103,single_choice,,D,profile=gd_016_authored;facet=ANXIETY;target_sum=9;scored_pattern=3-2-2-2,gd_016_authored_answer_recipe_v1
GD-016,ipip-neo-120-v1,N104,single_choice,,D,profile=gd_016_authored;facet=ANXIETY;target_sum=9;scored_pattern=3-2-2-2,gd_016_authored_answer_recipe_v1
GD-016,ipip-neo-120-v1,N201,single_choice,,D,profile=gd_016_authored;facet=ANGER;target_sum=8;scored_pattern=2-2-2-2,gd_016_authored_answer_recipe_v1
GD-016,ipip-neo-120-v1,N202,single_choice,,D,profile=gd_016_authored;facet=ANGER;target_sum=8;scored_pattern=2-2-2-2,gd_016_authored_answer_recipe_v1
GD-016,ipip-neo-120-v1,N203,single_choice,,D,profile=gd_016_authored;facet=ANGER;target_sum=8;scored_pattern=2-2-2-2,gd_016_authored_answer_recipe_v1
GD-016,ipip-neo-120-v1,N204,single_choice,,A,profile=gd_016_authored;facet=ANGER;target_sum=8;scored_pattern=2-2-2-2,gd_016_authored_answer_recipe_v1
GD-016,ipip-neo-120-v1,N301,single_choice,,D,profile=gd_016_authored;facet=DEPRESSION;target_sum=7;scored_pattern=2-2-2-1,gd_016_authored_answer_recipe_v1
GD-016,ipip-neo-120-v1,N302,single_choice,,D,profile=gd_016_authored;facet=DEPRESSION;target_sum=7;scored_pattern=2-2-2-1,gd_016_authored_answer_recipe_v1
GD-016,ipip-neo-120-v1,N303,single_choice,,D,profile=gd_016_authored;facet=DEPRESSION;target_sum=7;scored_pattern=2-2-2-1,gd_016_authored_answer_recipe_v1
GD-016,ipip-neo-120-v1,N304,single_choice,,SA,profile=gd_016_authored;facet=DEPRESSION;target_sum=7;scored_pattern=2-2-2-1,gd_016_authored_answer_recipe_v1
GD-016,ipip-neo-120-v1,N401,single_choice,,N,profile=gd_016_authored;facet=SELF_CONSCIOUSNESS;target_sum=11;scored_pattern=3-3-3-2,gd_016_authored_answer_recipe_v1
GD-016,ipip-neo-120-v1,N402,single_choice,,N,profile=gd_016_authored;facet=SELF_CONSCIOUSNESS;target_sum=11;scored_pattern=3-3-3-2,gd_016_authored_answer_recipe_v1
GD-016,ipip-neo-120-v1,N403,single_choice,,N,profile=gd_016_authored;facet=SELF_CONSCIOUSNESS;target_sum=11;scored_pattern=3-3-3-2,gd_016_authored_answer_recipe_v1
GD-016,ipip-neo-120-v1,N404,single_choice,,A,profile=gd_016_authored;facet=SELF_CONSCIOUSNESS;target_sum=11;scored_pattern=3-3-3-2,gd_016_authored_answer_recipe_v1
GD-016,ipip-neo-120-v1,N501,single_choice,,D,profile=gd_016_authored;facet=IMMODERATION;target_sum=7;scored_pattern=2-2-2-1,gd_016_authored_answer_recipe_v1
GD-016,ipip-neo-120-v1,N502,single_choice,,A,profile=gd_016_authored;facet=IMMODERATION;target_sum=7;scored_pattern=2-2-2-1,gd_016_authored_answer_recipe_v1
GD-016,ipip-neo-120-v1,N503,single_choice,,A,profile=gd_016_authored;facet=IMMODERATION;target_sum=7;scored_pattern=2-2-2-1,gd_016_authored_answer_recipe_v1
GD-016,ipip-neo-120-v1,N504,single_choice,,SA,profile=gd_016_authored;facet=IMMODERATION;target_sum=7;scored_pattern=2-2-2-1,gd_016_authored_answer_recipe_v1
GD-016,ipip-neo-120-v1,N601,single_choice,,N,profile=gd_016_authored;facet=VULNERABILITY;target_sum=10;scored_pattern=3-3-2-2,gd_016_authored_answer_recipe_v1
GD-016,ipip-neo-120-v1,N602,single_choice,,N,profile=gd_016_authored;facet=VULNERABILITY;target_sum=10;scored_pattern=3-3-2-2,gd_016_authored_answer_recipe_v1
GD-016,ipip-neo-120-v1,N603,single_choice,,D,profile=gd_016_authored;facet=VULNERABILITY;target_sum=10;scored_pattern=3-3-2-2,gd_016_authored_answer_recipe_v1
GD-016,ipip-neo-120-v1,N604,single_choice,,A,profile=gd_016_authored;facet=VULNERABILITY;target_sum=10;scored_pattern=3-3-2-2,gd_016_authored_answer_recipe_v1
GD-016,ipip-neo-120-v1,E101,single_choice,,A,profile=gd_016_authored;facet=FRIENDLINESS;target_sum=13;scored_pattern=4-3-3-3,gd_016_authored_answer_recipe_v1
GD-016,ipip-neo-120-v1,E102,single_choice,,N,profile=gd_016_authored;facet=FRIENDLINESS;target_sum=13;scored_pattern=4-3-3-3,gd_016_authored_answer_recipe_v1
GD-016,ipip-neo-120-v1,E103,single_choice,,N,profile=gd_016_authored;facet=FRIENDLINESS;target_sum=13;scored_pattern=4-3-3-3,gd_016_authored_answer_recipe_v1
GD-016,ipip-neo-120-v1,E104,single_choice,,N,profile=gd_016_authored;facet=FRIENDLINESS;target_sum=13;scored_pattern=4-3-3-3,gd_016_authored_answer_recipe_v1
GD-016,ipip-neo-120-v1,E201,single_choice,,N,profile=gd_016_authored;facet=GREGARIOUSNESS;target_sum=10;scored_pattern=3-3-2-2,gd_016_authored_answer_recipe_v1
GD-016,ipip-neo-120-v1,E202,single_choice,,N,profile=gd_016_authored;facet=GREGARIOUSNESS;target_sum=10;scored_pattern=3-3-2-2,gd_016_authored_answer_recipe_v1
GD-016,ipip-neo-120-v1,E203,single_choice,,A,profile=gd_016_authored;facet=GREGARIOUSNESS;target_sum=10;scored_pattern=3-3-2-2,gd_016_authored_answer_recipe_v1
GD-016,ipip-neo-120-v1,E204,single_choice,,A,profile=gd_016_authored;facet=GREGARIOUSNESS;target_sum=10;scored_pattern=3-3-2-2,gd_016_authored_answer_recipe_v1
GD-016,ipip-neo-120-v1,E301,single_choice,,SA,profile=gd_016_authored;facet=ASSERTIVENESS;target_sum=17;scored_pattern=5-4-4-4,gd_016_authored_answer_recipe_v1
GD-016,ipip-neo-120-v1,E302,single_choice,,A,profile=gd_016_authored;facet=ASSERTIVENESS;target_sum=17;scored_pattern=5-4-4-4,gd_016_authored_answer_recipe_v1
GD-016,ipip-neo-120-v1,E303,single_choice,,A,profile=gd_016_authored;facet=ASSERTIVENESS;target_sum=17;scored_pattern=5-4-4-4,gd_016_authored_answer_recipe_v1
GD-016,ipip-neo-120-v1,E304,single_choice,,D,profile=gd_016_authored;facet=ASSERTIVENESS;target_sum=17;scored_pattern=5-4-4-4,gd_016_authored_answer_recipe_v1
GD-016,ipip-neo-120-v1,E401,single_choice,,A,profile=gd_016_authored;facet=ACTIVITY_LEVEL;target_sum=14;scored_pattern=4-4-3-3,gd_016_authored_answer_recipe_v1
GD-016,ipip-neo-120-v1,E402,single_choice,,A,profile=gd_016_authored;facet=ACTIVITY_LEVEL;target_sum=14;scored_pattern=4-4-3-3,gd_016_authored_answer_recipe_v1
GD-016,ipip-neo-120-v1,E403,single_choice,,N,profile=gd_016_authored;facet=ACTIVITY_LEVEL;target_sum=14;scored_pattern=4-4-3-3,gd_016_authored_answer_recipe_v1
GD-016,ipip-neo-120-v1,E404,single_choice,,N,profile=gd_016_authored;facet=ACTIVITY_LEVEL;target_sum=14;scored_pattern=4-4-3-3,gd_016_authored_answer_recipe_v1
GD-016,ipip-neo-120-v1,E501,single_choice,,N,profile=gd_016_authored;facet=EXCITEMENT_SEEKING;target_sum=11;scored_pattern=3-3-3-2,gd_016_authored_answer_recipe_v1
GD-016,ipip-neo-120-v1,E502,single_choice,,N,profile=gd_016_authored;facet=EXCITEMENT_SEEKING;target_sum=11;scored_pattern=3-3-3-2,gd_016_authored_answer_recipe_v1
GD-016,ipip-neo-120-v1,E503,single_choice,,N,profile=gd_016_authored;facet=EXCITEMENT_SEEKING;target_sum=11;scored_pattern=3-3-3-2,gd_016_authored_answer_recipe_v1
GD-016,ipip-neo-120-v1,E504,single_choice,,D,profile=gd_016_authored;facet=EXCITEMENT_SEEKING;target_sum=11;scored_pattern=3-3-3-2,gd_016_authored_answer_recipe_v1
GD-016,ipip-neo-120-v1,E601,single_choice,,A,profile=gd_016_authored;facet=CHEERFULNESS;target_sum=13;scored_pattern=4-3-3-3,gd_016_authored_answer_recipe_v1
GD-016,ipip-neo-120-v1,E602,single_choice,,N,profile=gd_016_authored;facet=CHEERFULNESS;target_sum=13;scored_pattern=4-3-3-3,gd_016_authored_answer_recipe_v1
GD-016,ipip-neo-120-v1,E603,single_choice,,N,profile=gd_016_authored;facet=CHEERFULNESS;target_sum=13;scored_pattern=4-3-3-3,gd_016_authored_answer_recipe_v1
GD-016,ipip-neo-120-v1,E604,single_choice,,N,profile=gd_016_authored;facet=CHEERFULNESS;target_sum=13;scored_pattern=4-3-3-3,gd_016_authored_answer_recipe_v1
GD-016,ipip-neo-120-v1,O101,single_choice,,N,profile=gd_016_authored;facet=IMAGINATION;target_sum=11;scored_pattern=3-3-3-2,gd_016_authored_answer_recipe_v1
GD-016,ipip-neo-120-v1,O102,single_choice,,N,profile=gd_016_authored;facet=IMAGINATION;target_sum=11;scored_pattern=3-3-3-2,gd_016_authored_answer_recipe_v1
GD-016,ipip-neo-120-v1,O103,single_choice,,N,profile=gd_016_authored;facet=IMAGINATION;target_sum=11;scored_pattern=3-3-3-2,gd_016_authored_answer_recipe_v1
GD-016,ipip-neo-120-v1,O104,single_choice,,D,profile=gd_016_authored;facet=IMAGINATION;target_sum=11;scored_pattern=3-3-3-2,gd_016_authored_answer_recipe_v1
GD-016,ipip-neo-120-v1,O201,single_choice,,N,profile=gd_016_authored;facet=ARTISTIC_INTERESTS;target_sum=9;scored_pattern=3-2-2-2,gd_016_authored_answer_recipe_v1
GD-016,ipip-neo-120-v1,O202,single_choice,,D,profile=gd_016_authored;facet=ARTISTIC_INTERESTS;target_sum=9;scored_pattern=3-2-2-2,gd_016_authored_answer_recipe_v1
GD-016,ipip-neo-120-v1,O203,single_choice,,A,profile=gd_016_authored;facet=ARTISTIC_INTERESTS;target_sum=9;scored_pattern=3-2-2-2,gd_016_authored_answer_recipe_v1
GD-016,ipip-neo-120-v1,O204,single_choice,,A,profile=gd_016_authored;facet=ARTISTIC_INTERESTS;target_sum=9;scored_pattern=3-2-2-2,gd_016_authored_answer_recipe_v1
GD-016,ipip-neo-120-v1,O301,single_choice,,N,profile=gd_016_authored;facet=EMOTIONALITY;target_sum=10;scored_pattern=3-3-2-2,gd_016_authored_answer_recipe_v1
GD-016,ipip-neo-120-v1,O302,single_choice,,N,profile=gd_016_authored;facet=EMOTIONALITY;target_sum=10;scored_pattern=3-3-2-2,gd_016_authored_answer_recipe_v1
GD-016,ipip-neo-120-v1,O303,single_choice,,A,profile=gd_016_authored;facet=EMOTIONALITY;target_sum=10;scored_pattern=3-3-2-2,gd_016_authored_answer_recipe_v1
GD-016,ipip-neo-120-v1,O304,single_choice,,A,profile=gd_016_authored;facet=EMOTIONALITY;target_sum=10;scored_pattern=3-3-2-2,gd_016_authored_answer_recipe_v1
GD-016,ipip-neo-120-v1,O401,single_choice,,N,profile=gd_016_authored;facet=ADVENTUROUSNESS;target_sum=10;scored_pattern=3-3-2-2,gd_016_authored_answer_recipe_v1
GD-016,ipip-neo-120-v1,O402,single_choice,,N,profile=gd_016_authored;facet=ADVENTUROUSNESS;target_sum=10;scored_pattern=3-3-2-2,gd_016_authored_answer_recipe_v1
GD-016,ipip-neo-120-v1,O403,single_choice,,A,profile=gd_016_authored;facet=ADVENTUROUSNESS;target_sum=10;scored_pattern=3-3-2-2,gd_016_authored_answer_recipe_v1
GD-016,ipip-neo-120-v1,O404,single_choice,,A,profile=gd_016_authored;facet=ADVENTUROUSNESS;target_sum=10;scored_pattern=3-3-2-2,gd_016_authored_answer_recipe_v1
GD-016,ipip-neo-120-v1,O501,single_choice,,A,profile=gd_016_authored;facet=INTELLECT;target_sum=14;scored_pattern=4-4-3-3,gd_016_authored_answer_recipe_v1
GD-016,ipip-neo-120-v1,O502,single_choice,,D,profile=gd_016_authored;facet=INTELLECT;target_sum=14;scored_pattern=4-4-3-3,gd_016_authored_answer_recipe_v1
GD-016,ipip-neo-120-v1,O503,single_choice,,N,profile=gd_016_authored;facet=INTELLECT;target_sum=14;scored_pattern=4-4-3-3,gd_016_authored_answer_recipe_v1
GD-016,ipip-neo-120-v1,O504,single_choice,,N,profile=gd_016_authored;facet=INTELLECT;target_sum=14;scored_pattern=4-4-3-3,gd_016_authored_answer_recipe_v1
GD-016,ipip-neo-120-v1,O601,single_choice,,N,profile=gd_016_authored;facet=LIBERALISM;target_sum=10;scored_pattern=3-3-2-2,gd_016_authored_answer_recipe_v1
GD-016,ipip-neo-120-v1,O602,single_choice,,N,profile=gd_016_authored;facet=LIBERALISM;target_sum=10;scored_pattern=3-3-2-2,gd_016_authored_answer_recipe_v1
GD-016,ipip-neo-120-v1,O603,single_choice,,A,profile=gd_016_authored;facet=LIBERALISM;target_sum=10;scored_pattern=3-3-2-2,gd_016_authored_answer_recipe_v1
GD-016,ipip-neo-120-v1,O604,single_choice,,A,profile=gd_016_authored;facet=LIBERALISM;target_sum=10;scored_pattern=3-3-2-2,gd_016_authored_answer_recipe_v1
GD-016,ipip-neo-120-v1,A101,single_choice,,N,profile=gd_016_authored;facet=TRUST;target_sum=10;scored_pattern=3-3-2-2,gd_016_authored_answer_recipe_v1
GD-016,ipip-neo-120-v1,A102,single_choice,,N,profile=gd_016_authored;facet=TRUST;target_sum=10;scored_pattern=3-3-2-2,gd_016_authored_answer_recipe_v1
GD-016,ipip-neo-120-v1,A103,single_choice,,D,profile=gd_016_authored;facet=TRUST;target_sum=10;scored_pattern=3-3-2-2,gd_016_authored_answer_recipe_v1
GD-016,ipip-neo-120-v1,A104,single_choice,,A,profile=gd_016_authored;facet=TRUST;target_sum=10;scored_pattern=3-3-2-2,gd_016_authored_answer_recipe_v1
GD-016,ipip-neo-120-v1,A201,single_choice,,SD,profile=gd_016_authored;facet=MORALITY;target_sum=17;scored_pattern=5-4-4-4,gd_016_authored_answer_recipe_v1
GD-016,ipip-neo-120-v1,A202,single_choice,,D,profile=gd_016_authored;facet=MORALITY;target_sum=17;scored_pattern=5-4-4-4,gd_016_authored_answer_recipe_v1
GD-016,ipip-neo-120-v1,A203,single_choice,,D,profile=gd_016_authored;facet=MORALITY;target_sum=17;scored_pattern=5-4-4-4,gd_016_authored_answer_recipe_v1
GD-016,ipip-neo-120-v1,A204,single_choice,,D,profile=gd_016_authored;facet=MORALITY;target_sum=17;scored_pattern=5-4-4-4,gd_016_authored_answer_recipe_v1
GD-016,ipip-neo-120-v1,A301,single_choice,,N,profile=gd_016_authored;facet=ALTRUISM;target_sum=12;scored_pattern=3-3-3-3,gd_016_authored_answer_recipe_v1
GD-016,ipip-neo-120-v1,A302,single_choice,,N,profile=gd_016_authored;facet=ALTRUISM;target_sum=12;scored_pattern=3-3-3-3,gd_016_authored_answer_recipe_v1
GD-016,ipip-neo-120-v1,A303,single_choice,,N,profile=gd_016_authored;facet=ALTRUISM;target_sum=12;scored_pattern=3-3-3-3,gd_016_authored_answer_recipe_v1
GD-016,ipip-neo-120-v1,A304,single_choice,,N,profile=gd_016_authored;facet=ALTRUISM;target_sum=12;scored_pattern=3-3-3-3,gd_016_authored_answer_recipe_v1
GD-016,ipip-neo-120-v1,A401,single_choice,,D,profile=gd_016_authored;facet=COOPERATION;target_sum=13;scored_pattern=4-3-3-3,gd_016_authored_answer_recipe_v1
GD-016,ipip-neo-120-v1,A402,single_choice,,N,profile=gd_016_authored;facet=COOPERATION;target_sum=13;scored_pattern=4-3-3-3,gd_016_authored_answer_recipe_v1
GD-016,ipip-neo-120-v1,A403,single_choice,,N,profile=gd_016_authored;facet=COOPERATION;target_sum=13;scored_pattern=4-3-3-3,gd_016_authored_answer_recipe_v1
GD-016,ipip-neo-120-v1,A404,single_choice,,N,profile=gd_016_authored;facet=COOPERATION;target_sum=13;scored_pattern=4-3-3-3,gd_016_authored_answer_recipe_v1
GD-016,ipip-neo-120-v1,A501,single_choice,,N,profile=gd_016_authored;facet=MODESTY;target_sum=10;scored_pattern=3-3-2-2,gd_016_authored_answer_recipe_v1
GD-016,ipip-neo-120-v1,A502,single_choice,,N,profile=gd_016_authored;facet=MODESTY;target_sum=10;scored_pattern=3-3-2-2,gd_016_authored_answer_recipe_v1
GD-016,ipip-neo-120-v1,A503,single_choice,,A,profile=gd_016_authored;facet=MODESTY;target_sum=10;scored_pattern=3-3-2-2,gd_016_authored_answer_recipe_v1
GD-016,ipip-neo-120-v1,A504,single_choice,,A,profile=gd_016_authored;facet=MODESTY;target_sum=10;scored_pattern=3-3-2-2,gd_016_authored_answer_recipe_v1
GD-016,ipip-neo-120-v1,A601,single_choice,,N,profile=gd_016_authored;facet=SYMPATHY;target_sum=12;scored_pattern=3-3-3-3,gd_016_authored_answer_recipe_v1
GD-016,ipip-neo-120-v1,A602,single_choice,,N,profile=gd_016_authored;facet=SYMPATHY;target_sum=12;scored_pattern=3-3-3-3,gd_016_authored_answer_recipe_v1
GD-016,ipip-neo-120-v1,A603,single_choice,,N,profile=gd_016_authored;facet=SYMPATHY;target_sum=12;scored_pattern=3-3-3-3,gd_016_authored_answer_recipe_v1
GD-016,ipip-neo-120-v1,A604,single_choice,,N,profile=gd_016_authored;facet=SYMPATHY;target_sum=12;scored_pattern=3-3-3-3,gd_016_authored_answer_recipe_v1
GD-016,ipip-neo-120-v1,C101,single_choice,,SA,profile=gd_016_authored;facet=SELF_EFFICACY;target_sum=17;scored_pattern=5-4-4-4,gd_016_authored_answer_recipe_v1
GD-016,ipip-neo-120-v1,C102,single_choice,,A,profile=gd_016_authored;facet=SELF_EFFICACY;target_sum=17;scored_pattern=5-4-4-4,gd_016_authored_answer_recipe_v1
GD-016,ipip-neo-120-v1,C103,single_choice,,A,profile=gd_016_authored;facet=SELF_EFFICACY;target_sum=17;scored_pattern=5-4-4-4,gd_016_authored_answer_recipe_v1
GD-016,ipip-neo-120-v1,C104,single_choice,,A,profile=gd_016_authored;facet=SELF_EFFICACY;target_sum=17;scored_pattern=5-4-4-4,gd_016_authored_answer_recipe_v1
GD-016,ipip-neo-120-v1,C201,single_choice,,A,profile=gd_016_authored;facet=ORDERLINESS;target_sum=16;scored_pattern=4-4-4-4,gd_016_authored_answer_recipe_v1
GD-016,ipip-neo-120-v1,C202,single_choice,,D,profile=gd_016_authored;facet=ORDERLINESS;target_sum=16;scored_pattern=4-4-4-4,gd_016_authored_answer_recipe_v1
GD-016,ipip-neo-120-v1,C203,single_choice,,D,profile=gd_016_authored;facet=ORDERLINESS;target_sum=16;scored_pattern=4-4-4-4,gd_016_authored_answer_recipe_v1
GD-016,ipip-neo-120-v1,C204,single_choice,,D,profile=gd_016_authored;facet=ORDERLINESS;target_sum=16;scored_pattern=4-4-4-4,gd_016_authored_answer_recipe_v1
GD-016,ipip-neo-120-v1,C301,single_choice,,SA,profile=gd_016_authored;facet=DUTIFULNESS;target_sum=18;scored_pattern=5-5-4-4,gd_016_authored_answer_recipe_v1
GD-016,ipip-neo-120-v1,C302,single_choice,,SA,profile=gd_016_authored;facet=DUTIFULNESS;target_sum=18;scored_pattern=5-5-4-4,gd_016_authored_answer_recipe_v1
GD-016,ipip-neo-120-v1,C303,single_choice,,D,profile=gd_016_authored;facet=DUTIFULNESS;target_sum=18;scored_pattern=5-5-4-4,gd_016_authored_answer_recipe_v1
GD-016,ipip-neo-120-v1,C304,single_choice,,D,profile=gd_016_authored;facet=DUTIFULNESS;target_sum=18;scored_pattern=5-5-4-4,gd_016_authored_answer_recipe_v1
GD-016,ipip-neo-120-v1,C401,single_choice,,SA,profile=gd_016_authored;facet=ACHIEVEMENT_STRIVING;target_sum=18;scored_pattern=5-5-4-4,gd_016_authored_answer_recipe_v1
GD-016,ipip-neo-120-v1,C402,single_choice,,SA,profile=gd_016_authored;facet=ACHIEVEMENT_STRIVING;target_sum=18;scored_pattern=5-5-4-4,gd_016_authored_answer_recipe_v1
GD-016,ipip-neo-120-v1,C403,single_choice,,D,profile=gd_016_authored;facet=ACHIEVEMENT_STRIVING;target_sum=18;scored_pattern=5-5-4-4,gd_016_authored_answer_recipe_v1
GD-016,ipip-neo-120-v1,C404,single_choice,,D,profile=gd_016_authored;facet=ACHIEVEMENT_STRIVING;target_sum=18;scored_pattern=5-5-4-4,gd_016_authored_answer_recipe_v1
GD-016,ipip-neo-120-v1,C501,single_choice,,SA,profile=gd_016_authored;facet=SELF_DISCIPLINE;target_sum=18;scored_pattern=5-5-4-4,gd_016_authored_answer_recipe_v1
GD-016,ipip-neo-120-v1,C502,single_choice,,SA,profile=gd_016_authored;facet=SELF_DISCIPLINE;target_sum=18;scored_pattern=5-5-4-4,gd_016_authored_answer_recipe_v1
GD-016,ipip-neo-120-v1,C503,single_choice,,D,profile=gd_016_authored;facet=SELF_DISCIPLINE;target_sum=18;scored_pattern=5-5-4-4,gd_016_authored_answer_recipe_v1
GD-016,ipip-neo-120-v1,C504,single_choice,,D,profile=gd_016_authored;facet=SELF_DISCIPLINE;target_sum=18;scored_pattern=5-5-4-4,gd_016_authored_answer_recipe_v1
GD-016,ipip-neo-120-v1,C601,single_choice,,D,profile=gd_016_authored;facet=CAUTIOUSNESS;target_sum=15;scored_pattern=4-4-4-3,gd_016_authored_answer_recipe_v1
GD-016,ipip-neo-120-v1,C602,single_choice,,D,profile=gd_016_authored;facet=CAUTIOUSNESS;target_sum=15;scored_pattern=4-4-4-3,gd_016_authored_answer_recipe_v1
GD-016,ipip-neo-120-v1,C603,single_choice,,D,profile=gd_016_authored;facet=CAUTIOUSNESS;target_sum=15;scored_pattern=4-4-4-3,gd_016_authored_answer_recipe_v1
GD-016,ipip-neo-120-v1,C604,single_choice,,N,profile=gd_016_authored;facet=CAUTIOUSNESS;target_sum=15;scored_pattern=4-4-4-3,gd_016_authored_answer_recipe_v1
GD-016,safran_v1,VW01,single_choice,,VW01_opt_3,profile=gd_016_authored;subtest=VW;correct_count=6,gd_016_authored_answer_recipe_v1
GD-016,safran_v1,VW02,single_choice,,VW02_opt_4,profile=gd_016_authored;subtest=VW;correct_count=6,gd_016_authored_answer_recipe_v1
GD-016,safran_v1,VW03,single_choice,,VW03_opt_4,profile=gd_016_authored;subtest=VW;correct_count=6,gd_016_authored_answer_recipe_v1
GD-016,safran_v1,VW04,single_choice,,VW04_opt_3,profile=gd_016_authored;subtest=VW;correct_count=6,gd_016_authored_answer_recipe_v1
GD-016,safran_v1,VW05,single_choice,,VW05_opt_2,profile=gd_016_authored;subtest=VW;correct_count=6,gd_016_authored_answer_recipe_v1
GD-016,safran_v1,VW06,single_choice,,VW06_opt_4,profile=gd_016_authored;subtest=VW;correct_count=6,gd_016_authored_answer_recipe_v1
GD-016,safran_v1,VW07,single_choice,,VW07_opt_2,profile=gd_016_authored;subtest=VW;correct_count=6,gd_016_authored_answer_recipe_v1
GD-016,safran_v1,VW08,single_choice,,VW08_opt_1,profile=gd_016_authored;subtest=VW;correct_count=6,gd_016_authored_answer_recipe_v1
GD-016,safran_v1,VW09,single_choice,,VW09_opt_1,profile=gd_016_authored;subtest=VW;correct_count=6,gd_016_authored_answer_recipe_v1
GD-016,safran_v1,VA01,single_choice,,VA01_opt_3,profile=gd_016_authored;subtest=VA;correct_count=6,gd_016_authored_answer_recipe_v1
GD-016,safran_v1,VA02,single_choice,,VA02_opt_5,profile=gd_016_authored;subtest=VA;correct_count=6,gd_016_authored_answer_recipe_v1
GD-016,safran_v1,VA03,single_choice,,VA03_opt_3,profile=gd_016_authored;subtest=VA;correct_count=6,gd_016_authored_answer_recipe_v1
GD-016,safran_v1,VA04,single_choice,,VA04_opt_2,profile=gd_016_authored;subtest=VA;correct_count=6,gd_016_authored_answer_recipe_v1
GD-016,safran_v1,VA05,single_choice,,VA05_opt_1,profile=gd_016_authored;subtest=VA;correct_count=6,gd_016_authored_answer_recipe_v1
GD-016,safran_v1,VA06,single_choice,,VA06_opt_4,profile=gd_016_authored;subtest=VA;correct_count=6,gd_016_authored_answer_recipe_v1
GD-016,safran_v1,VA07,single_choice,,VA07_opt_1,profile=gd_016_authored;subtest=VA;correct_count=6,gd_016_authored_answer_recipe_v1
GD-016,safran_v1,VA08,single_choice,,VA08_opt_1,profile=gd_016_authored;subtest=VA;correct_count=6,gd_016_authored_answer_recipe_v1
GD-016,safran_v1,VA09,single_choice,,VA09_opt_1,profile=gd_016_authored;subtest=VA;correct_count=6,gd_016_authored_answer_recipe_v1
GD-016,safran_v1,FA01,single_choice,,FA01_opt_correct,profile=gd_016_authored;subtest=FA;correct_count=4,gd_016_authored_answer_recipe_v1
GD-016,safran_v1,FA02,single_choice,,FA02_opt_correct,profile=gd_016_authored;subtest=FA;correct_count=4,gd_016_authored_answer_recipe_v1
GD-016,safran_v1,FA03,single_choice,,FA03_opt_correct,profile=gd_016_authored;subtest=FA;correct_count=4,gd_016_authored_answer_recipe_v1
GD-016,safran_v1,FA04,single_choice,,FA04_opt_correct,profile=gd_016_authored;subtest=FA;correct_count=4,gd_016_authored_answer_recipe_v1
GD-016,safran_v1,FA05,single_choice,,FA05_opt_dis1,profile=gd_016_authored;subtest=FA;correct_count=4,gd_016_authored_answer_recipe_v1
GD-016,safran_v1,FA06,single_choice,,FA06_opt_dis1,profile=gd_016_authored;subtest=FA;correct_count=4,gd_016_authored_answer_recipe_v1
GD-016,safran_v1,FA07,single_choice,,FA07_opt_dis1,profile=gd_016_authored;subtest=FA;correct_count=4,gd_016_authored_answer_recipe_v1
GD-016,safran_v1,FA08,single_choice,,FA08_opt_dis1,profile=gd_016_authored;subtest=FA;correct_count=4,gd_016_authored_answer_recipe_v1
GD-016,safran_v1,FA09,single_choice,,FA09_opt_dis1,profile=gd_016_authored;subtest=FA;correct_count=4,gd_016_authored_answer_recipe_v1
GD-016,safran_v1,FM01,single_choice,,FM01_opt_correct,profile=gd_016_authored;subtest=FM;correct_count=4,gd_016_authored_answer_recipe_v1
GD-016,safran_v1,FM02,single_choice,,FM02_opt_correct,profile=gd_016_authored;subtest=FM;correct_count=4,gd_016_authored_answer_recipe_v1
GD-016,safran_v1,FM03,single_choice,,FM03_opt_correct,profile=gd_016_authored;subtest=FM;correct_count=4,gd_016_authored_answer_recipe_v1
GD-016,safran_v1,FM04,single_choice,,FM04_opt_correct,profile=gd_016_authored;subtest=FM;correct_count=4,gd_016_authored_answer_recipe_v1
GD-016,safran_v1,FM05,single_choice,,FM05_opt_dis1,profile=gd_016_authored;subtest=FM;correct_count=4,gd_016_authored_answer_recipe_v1
GD-016,safran_v1,FM06,single_choice,,FM06_opt_dis1,profile=gd_016_authored;subtest=FM;correct_count=4,gd_016_authored_answer_recipe_v1
GD-016,safran_v1,FM07,single_choice,,FM07_opt_dis1,profile=gd_016_authored;subtest=FM;correct_count=4,gd_016_authored_answer_recipe_v1
GD-016,safran_v1,FM08,single_choice,,FM08_opt_dis1,profile=gd_016_authored;subtest=FM;correct_count=4,gd_016_authored_answer_recipe_v1
GD-016,safran_v1,FM09,single_choice,,FM09_opt_dis1,profile=gd_016_authored;subtest=FM;correct_count=4,gd_016_authored_answer_recipe_v1
GD-016,safran_v1,NZ01_01,text,22,,profile=gd_016_authored;subtest=NZ;correct_count=7,gd_016_authored_answer_recipe_v1
GD-016,safran_v1,NZ02_01,text,4.5,,profile=gd_016_authored;subtest=NZ;correct_count=7,gd_016_authored_answer_recipe_v1
GD-016,safran_v1,NZ03_01,text,12.5,,profile=gd_016_authored;subtest=NZ;correct_count=7,gd_016_authored_answer_recipe_v1
GD-016,safran_v1,NZ04_01,text,17,,profile=gd_016_authored;subtest=NZ;correct_count=7,gd_016_authored_answer_recipe_v1
GD-016,safran_v1,NZ05_01,text,25,,profile=gd_016_authored;subtest=NZ;correct_count=7,gd_016_authored_answer_recipe_v1
GD-016,safran_v1,NZ06_01,text,9,,profile=gd_016_authored;subtest=NZ;correct_count=7,gd_016_authored_answer_recipe_v1
GD-016,safran_v1,NZ07_01,text,42,,profile=gd_016_authored;subtest=NZ;correct_count=7,gd_016_authored_answer_recipe_v1
GD-016,safran_v1,NZ08_01,text,9.5,,profile=gd_016_authored;subtest=NZ;correct_count=7,gd_016_authored_answer_recipe_v1
GD-016,safran_v1,NZ09_01,text,113,,profile=gd_016_authored;subtest=NZ;correct_count=7,gd_016_authored_answer_recipe_v1
GD-016,mwms_v1,MWMS_01,single_choice,,MWMS_LIKERT_1,profile=gd_016_authored;dimension=amotivation;values=1-1-2,gd_016_authored_answer_recipe_v1
GD-016,mwms_v1,MWMS_02,single_choice,,MWMS_LIKERT_1,profile=gd_016_authored;dimension=amotivation;values=1-1-2,gd_016_authored_answer_recipe_v1
GD-016,mwms_v1,MWMS_03,single_choice,,MWMS_LIKERT_2,profile=gd_016_authored;dimension=amotivation;values=1-1-2,gd_016_authored_answer_recipe_v1
GD-016,mwms_v1,MWMS_04,single_choice,,MWMS_LIKERT_2,profile=gd_016_authored;dimension=external_social;values=2-3-2,gd_016_authored_answer_recipe_v1
GD-016,mwms_v1,MWMS_05,single_choice,,MWMS_LIKERT_3,profile=gd_016_authored;dimension=external_social;values=2-3-2,gd_016_authored_answer_recipe_v1
GD-016,mwms_v1,MWMS_06,single_choice,,MWMS_LIKERT_2,profile=gd_016_authored;dimension=external_social;values=2-3-2,gd_016_authored_answer_recipe_v1
GD-016,mwms_v1,MWMS_07,single_choice,,MWMS_LIKERT_4,profile=gd_016_authored;dimension=external_material;values=4-5-4,gd_016_authored_answer_recipe_v1
GD-016,mwms_v1,MWMS_08,single_choice,,MWMS_LIKERT_5,profile=gd_016_authored;dimension=external_material;values=4-5-4,gd_016_authored_answer_recipe_v1
GD-016,mwms_v1,MWMS_09,single_choice,,MWMS_LIKERT_4,profile=gd_016_authored;dimension=external_material;values=4-5-4,gd_016_authored_answer_recipe_v1
GD-016,mwms_v1,MWMS_10,single_choice,,MWMS_LIKERT_5,profile=gd_016_authored;dimension=introjected;values=5-4-4-5,gd_016_authored_answer_recipe_v1
GD-016,mwms_v1,MWMS_11,single_choice,,MWMS_LIKERT_4,profile=gd_016_authored;dimension=introjected;values=5-4-4-5,gd_016_authored_answer_recipe_v1
GD-016,mwms_v1,MWMS_12,single_choice,,MWMS_LIKERT_4,profile=gd_016_authored;dimension=introjected;values=5-4-4-5,gd_016_authored_answer_recipe_v1
GD-016,mwms_v1,MWMS_13,single_choice,,MWMS_LIKERT_5,profile=gd_016_authored;dimension=introjected;values=5-4-4-5,gd_016_authored_answer_recipe_v1
GD-016,mwms_v1,MWMS_14,single_choice,,MWMS_LIKERT_6,profile=gd_016_authored;dimension=identified;values=6-6-7,gd_016_authored_answer_recipe_v1
GD-016,mwms_v1,MWMS_15,single_choice,,MWMS_LIKERT_6,profile=gd_016_authored;dimension=identified;values=6-6-7,gd_016_authored_answer_recipe_v1
GD-016,mwms_v1,MWMS_16,single_choice,,MWMS_LIKERT_7,profile=gd_016_authored;dimension=identified;values=6-6-7,gd_016_authored_answer_recipe_v1
GD-016,mwms_v1,MWMS_17,single_choice,,MWMS_LIKERT_5,profile=gd_016_authored;dimension=intrinsic;values=5-6-6,gd_016_authored_answer_recipe_v1
GD-016,mwms_v1,MWMS_18,single_choice,,MWMS_LIKERT_6,profile=gd_016_authored;dimension=intrinsic;values=5-6-6,gd_016_authored_answer_recipe_v1
GD-016,mwms_v1,MWMS_19,single_choice,,MWMS_LIKERT_6,profile=gd_016_authored;dimension=intrinsic;values=5-6-6,gd_016_authored_answer_recipe_v1
GD-017,ipip-neo-120-v1,N101,single_choice,,N,profile=gd_017_authored;facet=ANXIETY;target_sum=10;scored_pattern=3-3-2-2,gd_017_authored_answer_recipe_v1
GD-017,ipip-neo-120-v1,N102,single_choice,,N,profile=gd_017_authored;facet=ANXIETY;target_sum=10;scored_pattern=3-3-2-2,gd_017_authored_answer_recipe_v1
GD-017,ipip-neo-120-v1,N103,single_choice,,D,profile=gd_017_authored;facet=ANXIETY;target_sum=10;scored_pattern=3-3-2-2,gd_017_authored_answer_recipe_v1
GD-017,ipip-neo-120-v1,N104,single_choice,,D,profile=gd_017_authored;facet=ANXIETY;target_sum=10;scored_pattern=3-3-2-2,gd_017_authored_answer_recipe_v1
GD-017,ipip-neo-120-v1,N201,single_choice,,N,profile=gd_017_authored;facet=ANGER;target_sum=9;scored_pattern=3-2-2-2,gd_017_authored_answer_recipe_v1
GD-017,ipip-neo-120-v1,N202,single_choice,,D,profile=gd_017_authored;facet=ANGER;target_sum=9;scored_pattern=3-2-2-2,gd_017_authored_answer_recipe_v1
GD-017,ipip-neo-120-v1,N203,single_choice,,D,profile=gd_017_authored;facet=ANGER;target_sum=9;scored_pattern=3-2-2-2,gd_017_authored_answer_recipe_v1
GD-017,ipip-neo-120-v1,N204,single_choice,,A,profile=gd_017_authored;facet=ANGER;target_sum=9;scored_pattern=3-2-2-2,gd_017_authored_answer_recipe_v1
GD-017,ipip-neo-120-v1,N301,single_choice,,D,profile=gd_017_authored;facet=DEPRESSION;target_sum=8;scored_pattern=2-2-2-2,gd_017_authored_answer_recipe_v1
GD-017,ipip-neo-120-v1,N302,single_choice,,D,profile=gd_017_authored;facet=DEPRESSION;target_sum=8;scored_pattern=2-2-2-2,gd_017_authored_answer_recipe_v1
GD-017,ipip-neo-120-v1,N303,single_choice,,D,profile=gd_017_authored;facet=DEPRESSION;target_sum=8;scored_pattern=2-2-2-2,gd_017_authored_answer_recipe_v1
GD-017,ipip-neo-120-v1,N304,single_choice,,A,profile=gd_017_authored;facet=DEPRESSION;target_sum=8;scored_pattern=2-2-2-2,gd_017_authored_answer_recipe_v1
GD-017,ipip-neo-120-v1,N401,single_choice,,N,profile=gd_017_authored;facet=SELF_CONSCIOUSNESS;target_sum=12;scored_pattern=3-3-3-3,gd_017_authored_answer_recipe_v1
GD-017,ipip-neo-120-v1,N402,single_choice,,N,profile=gd_017_authored;facet=SELF_CONSCIOUSNESS;target_sum=12;scored_pattern=3-3-3-3,gd_017_authored_answer_recipe_v1
GD-017,ipip-neo-120-v1,N403,single_choice,,N,profile=gd_017_authored;facet=SELF_CONSCIOUSNESS;target_sum=12;scored_pattern=3-3-3-3,gd_017_authored_answer_recipe_v1
GD-017,ipip-neo-120-v1,N404,single_choice,,N,profile=gd_017_authored;facet=SELF_CONSCIOUSNESS;target_sum=12;scored_pattern=3-3-3-3,gd_017_authored_answer_recipe_v1
GD-017,ipip-neo-120-v1,N501,single_choice,,N,profile=gd_017_authored;facet=IMMODERATION;target_sum=9;scored_pattern=3-2-2-2,gd_017_authored_answer_recipe_v1
GD-017,ipip-neo-120-v1,N502,single_choice,,A,profile=gd_017_authored;facet=IMMODERATION;target_sum=9;scored_pattern=3-2-2-2,gd_017_authored_answer_recipe_v1
GD-017,ipip-neo-120-v1,N503,single_choice,,A,profile=gd_017_authored;facet=IMMODERATION;target_sum=9;scored_pattern=3-2-2-2,gd_017_authored_answer_recipe_v1
GD-017,ipip-neo-120-v1,N504,single_choice,,A,profile=gd_017_authored;facet=IMMODERATION;target_sum=9;scored_pattern=3-2-2-2,gd_017_authored_answer_recipe_v1
GD-017,ipip-neo-120-v1,N601,single_choice,,N,profile=gd_017_authored;facet=VULNERABILITY;target_sum=11;scored_pattern=3-3-3-2,gd_017_authored_answer_recipe_v1
GD-017,ipip-neo-120-v1,N602,single_choice,,N,profile=gd_017_authored;facet=VULNERABILITY;target_sum=11;scored_pattern=3-3-3-2,gd_017_authored_answer_recipe_v1
GD-017,ipip-neo-120-v1,N603,single_choice,,N,profile=gd_017_authored;facet=VULNERABILITY;target_sum=11;scored_pattern=3-3-3-2,gd_017_authored_answer_recipe_v1
GD-017,ipip-neo-120-v1,N604,single_choice,,A,profile=gd_017_authored;facet=VULNERABILITY;target_sum=11;scored_pattern=3-3-3-2,gd_017_authored_answer_recipe_v1
GD-017,ipip-neo-120-v1,E101,single_choice,,A,profile=gd_017_authored;facet=FRIENDLINESS;target_sum=15;scored_pattern=4-4-4-3,gd_017_authored_answer_recipe_v1
GD-017,ipip-neo-120-v1,E102,single_choice,,A,profile=gd_017_authored;facet=FRIENDLINESS;target_sum=15;scored_pattern=4-4-4-3,gd_017_authored_answer_recipe_v1
GD-017,ipip-neo-120-v1,E103,single_choice,,D,profile=gd_017_authored;facet=FRIENDLINESS;target_sum=15;scored_pattern=4-4-4-3,gd_017_authored_answer_recipe_v1
GD-017,ipip-neo-120-v1,E104,single_choice,,N,profile=gd_017_authored;facet=FRIENDLINESS;target_sum=15;scored_pattern=4-4-4-3,gd_017_authored_answer_recipe_v1
GD-017,ipip-neo-120-v1,E201,single_choice,,N,profile=gd_017_authored;facet=GREGARIOUSNESS;target_sum=12;scored_pattern=3-3-3-3,gd_017_authored_answer_recipe_v1
GD-017,ipip-neo-120-v1,E202,single_choice,,N,profile=gd_017_authored;facet=GREGARIOUSNESS;target_sum=12;scored_pattern=3-3-3-3,gd_017_authored_answer_recipe_v1
GD-017,ipip-neo-120-v1,E203,single_choice,,N,profile=gd_017_authored;facet=GREGARIOUSNESS;target_sum=12;scored_pattern=3-3-3-3,gd_017_authored_answer_recipe_v1
GD-017,ipip-neo-120-v1,E204,single_choice,,N,profile=gd_017_authored;facet=GREGARIOUSNESS;target_sum=12;scored_pattern=3-3-3-3,gd_017_authored_answer_recipe_v1
GD-017,ipip-neo-120-v1,E301,single_choice,,A,profile=gd_017_authored;facet=ASSERTIVENESS;target_sum=13;scored_pattern=4-3-3-3,gd_017_authored_answer_recipe_v1
GD-017,ipip-neo-120-v1,E302,single_choice,,N,profile=gd_017_authored;facet=ASSERTIVENESS;target_sum=13;scored_pattern=4-3-3-3,gd_017_authored_answer_recipe_v1
GD-017,ipip-neo-120-v1,E303,single_choice,,N,profile=gd_017_authored;facet=ASSERTIVENESS;target_sum=13;scored_pattern=4-3-3-3,gd_017_authored_answer_recipe_v1
GD-017,ipip-neo-120-v1,E304,single_choice,,N,profile=gd_017_authored;facet=ASSERTIVENESS;target_sum=13;scored_pattern=4-3-3-3,gd_017_authored_answer_recipe_v1
GD-017,ipip-neo-120-v1,E401,single_choice,,A,profile=gd_017_authored;facet=ACTIVITY_LEVEL;target_sum=16;scored_pattern=4-4-4-4,gd_017_authored_answer_recipe_v1
GD-017,ipip-neo-120-v1,E402,single_choice,,A,profile=gd_017_authored;facet=ACTIVITY_LEVEL;target_sum=16;scored_pattern=4-4-4-4,gd_017_authored_answer_recipe_v1
GD-017,ipip-neo-120-v1,E403,single_choice,,A,profile=gd_017_authored;facet=ACTIVITY_LEVEL;target_sum=16;scored_pattern=4-4-4-4,gd_017_authored_answer_recipe_v1
GD-017,ipip-neo-120-v1,E404,single_choice,,D,profile=gd_017_authored;facet=ACTIVITY_LEVEL;target_sum=16;scored_pattern=4-4-4-4,gd_017_authored_answer_recipe_v1
GD-017,ipip-neo-120-v1,E501,single_choice,,N,profile=gd_017_authored;facet=EXCITEMENT_SEEKING;target_sum=11;scored_pattern=3-3-3-2,gd_017_authored_answer_recipe_v1
GD-017,ipip-neo-120-v1,E502,single_choice,,N,profile=gd_017_authored;facet=EXCITEMENT_SEEKING;target_sum=11;scored_pattern=3-3-3-2,gd_017_authored_answer_recipe_v1
GD-017,ipip-neo-120-v1,E503,single_choice,,N,profile=gd_017_authored;facet=EXCITEMENT_SEEKING;target_sum=11;scored_pattern=3-3-3-2,gd_017_authored_answer_recipe_v1
GD-017,ipip-neo-120-v1,E504,single_choice,,D,profile=gd_017_authored;facet=EXCITEMENT_SEEKING;target_sum=11;scored_pattern=3-3-3-2,gd_017_authored_answer_recipe_v1
GD-017,ipip-neo-120-v1,E601,single_choice,,A,profile=gd_017_authored;facet=CHEERFULNESS;target_sum=15;scored_pattern=4-4-4-3,gd_017_authored_answer_recipe_v1
GD-017,ipip-neo-120-v1,E602,single_choice,,A,profile=gd_017_authored;facet=CHEERFULNESS;target_sum=15;scored_pattern=4-4-4-3,gd_017_authored_answer_recipe_v1
GD-017,ipip-neo-120-v1,E603,single_choice,,A,profile=gd_017_authored;facet=CHEERFULNESS;target_sum=15;scored_pattern=4-4-4-3,gd_017_authored_answer_recipe_v1
GD-017,ipip-neo-120-v1,E604,single_choice,,N,profile=gd_017_authored;facet=CHEERFULNESS;target_sum=15;scored_pattern=4-4-4-3,gd_017_authored_answer_recipe_v1
GD-017,ipip-neo-120-v1,O101,single_choice,,A,profile=gd_017_authored;facet=IMAGINATION;target_sum=14;scored_pattern=4-4-3-3,gd_017_authored_answer_recipe_v1
GD-017,ipip-neo-120-v1,O102,single_choice,,A,profile=gd_017_authored;facet=IMAGINATION;target_sum=14;scored_pattern=4-4-3-3,gd_017_authored_answer_recipe_v1
GD-017,ipip-neo-120-v1,O103,single_choice,,N,profile=gd_017_authored;facet=IMAGINATION;target_sum=14;scored_pattern=4-4-3-3,gd_017_authored_answer_recipe_v1
GD-017,ipip-neo-120-v1,O104,single_choice,,N,profile=gd_017_authored;facet=IMAGINATION;target_sum=14;scored_pattern=4-4-3-3,gd_017_authored_answer_recipe_v1
GD-017,ipip-neo-120-v1,O201,single_choice,,N,profile=gd_017_authored;facet=ARTISTIC_INTERESTS;target_sum=11;scored_pattern=3-3-3-2,gd_017_authored_answer_recipe_v1
GD-017,ipip-neo-120-v1,O202,single_choice,,N,profile=gd_017_authored;facet=ARTISTIC_INTERESTS;target_sum=11;scored_pattern=3-3-3-2,gd_017_authored_answer_recipe_v1
GD-017,ipip-neo-120-v1,O203,single_choice,,N,profile=gd_017_authored;facet=ARTISTIC_INTERESTS;target_sum=11;scored_pattern=3-3-3-2,gd_017_authored_answer_recipe_v1
GD-017,ipip-neo-120-v1,O204,single_choice,,A,profile=gd_017_authored;facet=ARTISTIC_INTERESTS;target_sum=11;scored_pattern=3-3-3-2,gd_017_authored_answer_recipe_v1
GD-017,ipip-neo-120-v1,O301,single_choice,,A,profile=gd_017_authored;facet=EMOTIONALITY;target_sum=13;scored_pattern=4-3-3-3,gd_017_authored_answer_recipe_v1
GD-017,ipip-neo-120-v1,O302,single_choice,,N,profile=gd_017_authored;facet=EMOTIONALITY;target_sum=13;scored_pattern=4-3-3-3,gd_017_authored_answer_recipe_v1
GD-017,ipip-neo-120-v1,O303,single_choice,,N,profile=gd_017_authored;facet=EMOTIONALITY;target_sum=13;scored_pattern=4-3-3-3,gd_017_authored_answer_recipe_v1
GD-017,ipip-neo-120-v1,O304,single_choice,,N,profile=gd_017_authored;facet=EMOTIONALITY;target_sum=13;scored_pattern=4-3-3-3,gd_017_authored_answer_recipe_v1
GD-017,ipip-neo-120-v1,O401,single_choice,,A,profile=gd_017_authored;facet=ADVENTUROUSNESS;target_sum=15;scored_pattern=4-4-4-3,gd_017_authored_answer_recipe_v1
GD-017,ipip-neo-120-v1,O402,single_choice,,D,profile=gd_017_authored;facet=ADVENTUROUSNESS;target_sum=15;scored_pattern=4-4-4-3,gd_017_authored_answer_recipe_v1
GD-017,ipip-neo-120-v1,O403,single_choice,,D,profile=gd_017_authored;facet=ADVENTUROUSNESS;target_sum=15;scored_pattern=4-4-4-3,gd_017_authored_answer_recipe_v1
GD-017,ipip-neo-120-v1,O404,single_choice,,N,profile=gd_017_authored;facet=ADVENTUROUSNESS;target_sum=15;scored_pattern=4-4-4-3,gd_017_authored_answer_recipe_v1
GD-017,ipip-neo-120-v1,O501,single_choice,,A,profile=gd_017_authored;facet=INTELLECT;target_sum=14;scored_pattern=4-4-3-3,gd_017_authored_answer_recipe_v1
GD-017,ipip-neo-120-v1,O502,single_choice,,D,profile=gd_017_authored;facet=INTELLECT;target_sum=14;scored_pattern=4-4-3-3,gd_017_authored_answer_recipe_v1
GD-017,ipip-neo-120-v1,O503,single_choice,,N,profile=gd_017_authored;facet=INTELLECT;target_sum=14;scored_pattern=4-4-3-3,gd_017_authored_answer_recipe_v1
GD-017,ipip-neo-120-v1,O504,single_choice,,N,profile=gd_017_authored;facet=INTELLECT;target_sum=14;scored_pattern=4-4-3-3,gd_017_authored_answer_recipe_v1
GD-017,ipip-neo-120-v1,O601,single_choice,,A,profile=gd_017_authored;facet=LIBERALISM;target_sum=13;scored_pattern=4-3-3-3,gd_017_authored_answer_recipe_v1
GD-017,ipip-neo-120-v1,O602,single_choice,,N,profile=gd_017_authored;facet=LIBERALISM;target_sum=13;scored_pattern=4-3-3-3,gd_017_authored_answer_recipe_v1
GD-017,ipip-neo-120-v1,O603,single_choice,,N,profile=gd_017_authored;facet=LIBERALISM;target_sum=13;scored_pattern=4-3-3-3,gd_017_authored_answer_recipe_v1
GD-017,ipip-neo-120-v1,O604,single_choice,,N,profile=gd_017_authored;facet=LIBERALISM;target_sum=13;scored_pattern=4-3-3-3,gd_017_authored_answer_recipe_v1
GD-017,ipip-neo-120-v1,A101,single_choice,,A,profile=gd_017_authored;facet=TRUST;target_sum=13;scored_pattern=4-3-3-3,gd_017_authored_answer_recipe_v1
GD-017,ipip-neo-120-v1,A102,single_choice,,N,profile=gd_017_authored;facet=TRUST;target_sum=13;scored_pattern=4-3-3-3,gd_017_authored_answer_recipe_v1
GD-017,ipip-neo-120-v1,A103,single_choice,,N,profile=gd_017_authored;facet=TRUST;target_sum=13;scored_pattern=4-3-3-3,gd_017_authored_answer_recipe_v1
GD-017,ipip-neo-120-v1,A104,single_choice,,N,profile=gd_017_authored;facet=TRUST;target_sum=13;scored_pattern=4-3-3-3,gd_017_authored_answer_recipe_v1
GD-017,ipip-neo-120-v1,A201,single_choice,,D,profile=gd_017_authored;facet=MORALITY;target_sum=16;scored_pattern=4-4-4-4,gd_017_authored_answer_recipe_v1
GD-017,ipip-neo-120-v1,A202,single_choice,,D,profile=gd_017_authored;facet=MORALITY;target_sum=16;scored_pattern=4-4-4-4,gd_017_authored_answer_recipe_v1
GD-017,ipip-neo-120-v1,A203,single_choice,,D,profile=gd_017_authored;facet=MORALITY;target_sum=16;scored_pattern=4-4-4-4,gd_017_authored_answer_recipe_v1
GD-017,ipip-neo-120-v1,A204,single_choice,,D,profile=gd_017_authored;facet=MORALITY;target_sum=16;scored_pattern=4-4-4-4,gd_017_authored_answer_recipe_v1
GD-017,ipip-neo-120-v1,A301,single_choice,,A,profile=gd_017_authored;facet=ALTRUISM;target_sum=16;scored_pattern=4-4-4-4,gd_017_authored_answer_recipe_v1
GD-017,ipip-neo-120-v1,A302,single_choice,,A,profile=gd_017_authored;facet=ALTRUISM;target_sum=16;scored_pattern=4-4-4-4,gd_017_authored_answer_recipe_v1
GD-017,ipip-neo-120-v1,A303,single_choice,,D,profile=gd_017_authored;facet=ALTRUISM;target_sum=16;scored_pattern=4-4-4-4,gd_017_authored_answer_recipe_v1
GD-017,ipip-neo-120-v1,A304,single_choice,,D,profile=gd_017_authored;facet=ALTRUISM;target_sum=16;scored_pattern=4-4-4-4,gd_017_authored_answer_recipe_v1
GD-017,ipip-neo-120-v1,A401,single_choice,,SD,profile=gd_017_authored;facet=COOPERATION;target_sum=18;scored_pattern=5-5-4-4,gd_017_authored_answer_recipe_v1
GD-017,ipip-neo-120-v1,A402,single_choice,,SD,profile=gd_017_authored;facet=COOPERATION;target_sum=18;scored_pattern=5-5-4-4,gd_017_authored_answer_recipe_v1
GD-017,ipip-neo-120-v1,A403,single_choice,,D,profile=gd_017_authored;facet=COOPERATION;target_sum=18;scored_pattern=5-5-4-4,gd_017_authored_answer_recipe_v1
GD-017,ipip-neo-120-v1,A404,single_choice,,D,profile=gd_017_authored;facet=COOPERATION;target_sum=18;scored_pattern=5-5-4-4,gd_017_authored_answer_recipe_v1
GD-017,ipip-neo-120-v1,A501,single_choice,,N,profile=gd_017_authored;facet=MODESTY;target_sum=11;scored_pattern=3-3-3-2,gd_017_authored_answer_recipe_v1
GD-017,ipip-neo-120-v1,A502,single_choice,,N,profile=gd_017_authored;facet=MODESTY;target_sum=11;scored_pattern=3-3-3-2,gd_017_authored_answer_recipe_v1
GD-017,ipip-neo-120-v1,A503,single_choice,,N,profile=gd_017_authored;facet=MODESTY;target_sum=11;scored_pattern=3-3-3-2,gd_017_authored_answer_recipe_v1
GD-017,ipip-neo-120-v1,A504,single_choice,,A,profile=gd_017_authored;facet=MODESTY;target_sum=11;scored_pattern=3-3-3-2,gd_017_authored_answer_recipe_v1
GD-017,ipip-neo-120-v1,A601,single_choice,,A,profile=gd_017_authored;facet=SYMPATHY;target_sum=16;scored_pattern=4-4-4-4,gd_017_authored_answer_recipe_v1
GD-017,ipip-neo-120-v1,A602,single_choice,,A,profile=gd_017_authored;facet=SYMPATHY;target_sum=16;scored_pattern=4-4-4-4,gd_017_authored_answer_recipe_v1
GD-017,ipip-neo-120-v1,A603,single_choice,,D,profile=gd_017_authored;facet=SYMPATHY;target_sum=16;scored_pattern=4-4-4-4,gd_017_authored_answer_recipe_v1
GD-017,ipip-neo-120-v1,A604,single_choice,,D,profile=gd_017_authored;facet=SYMPATHY;target_sum=16;scored_pattern=4-4-4-4,gd_017_authored_answer_recipe_v1
GD-017,ipip-neo-120-v1,C101,single_choice,,A,profile=gd_017_authored;facet=SELF_EFFICACY;target_sum=15;scored_pattern=4-4-4-3,gd_017_authored_answer_recipe_v1
GD-017,ipip-neo-120-v1,C102,single_choice,,A,profile=gd_017_authored;facet=SELF_EFFICACY;target_sum=15;scored_pattern=4-4-4-3,gd_017_authored_answer_recipe_v1
GD-017,ipip-neo-120-v1,C103,single_choice,,A,profile=gd_017_authored;facet=SELF_EFFICACY;target_sum=15;scored_pattern=4-4-4-3,gd_017_authored_answer_recipe_v1
GD-017,ipip-neo-120-v1,C104,single_choice,,N,profile=gd_017_authored;facet=SELF_EFFICACY;target_sum=15;scored_pattern=4-4-4-3,gd_017_authored_answer_recipe_v1
GD-017,ipip-neo-120-v1,C201,single_choice,,A,profile=gd_017_authored;facet=ORDERLINESS;target_sum=14;scored_pattern=4-4-3-3,gd_017_authored_answer_recipe_v1
GD-017,ipip-neo-120-v1,C202,single_choice,,D,profile=gd_017_authored;facet=ORDERLINESS;target_sum=14;scored_pattern=4-4-3-3,gd_017_authored_answer_recipe_v1
GD-017,ipip-neo-120-v1,C203,single_choice,,N,profile=gd_017_authored;facet=ORDERLINESS;target_sum=14;scored_pattern=4-4-3-3,gd_017_authored_answer_recipe_v1
GD-017,ipip-neo-120-v1,C204,single_choice,,N,profile=gd_017_authored;facet=ORDERLINESS;target_sum=14;scored_pattern=4-4-3-3,gd_017_authored_answer_recipe_v1
GD-017,ipip-neo-120-v1,C301,single_choice,,A,profile=gd_017_authored;facet=DUTIFULNESS;target_sum=15;scored_pattern=4-4-4-3,gd_017_authored_answer_recipe_v1
GD-017,ipip-neo-120-v1,C302,single_choice,,A,profile=gd_017_authored;facet=DUTIFULNESS;target_sum=15;scored_pattern=4-4-4-3,gd_017_authored_answer_recipe_v1
GD-017,ipip-neo-120-v1,C303,single_choice,,D,profile=gd_017_authored;facet=DUTIFULNESS;target_sum=15;scored_pattern=4-4-4-3,gd_017_authored_answer_recipe_v1
GD-017,ipip-neo-120-v1,C304,single_choice,,N,profile=gd_017_authored;facet=DUTIFULNESS;target_sum=15;scored_pattern=4-4-4-3,gd_017_authored_answer_recipe_v1
GD-017,ipip-neo-120-v1,C401,single_choice,,A,profile=gd_017_authored;facet=ACHIEVEMENT_STRIVING;target_sum=15;scored_pattern=4-4-4-3,gd_017_authored_answer_recipe_v1
GD-017,ipip-neo-120-v1,C402,single_choice,,A,profile=gd_017_authored;facet=ACHIEVEMENT_STRIVING;target_sum=15;scored_pattern=4-4-4-3,gd_017_authored_answer_recipe_v1
GD-017,ipip-neo-120-v1,C403,single_choice,,D,profile=gd_017_authored;facet=ACHIEVEMENT_STRIVING;target_sum=15;scored_pattern=4-4-4-3,gd_017_authored_answer_recipe_v1
GD-017,ipip-neo-120-v1,C404,single_choice,,N,profile=gd_017_authored;facet=ACHIEVEMENT_STRIVING;target_sum=15;scored_pattern=4-4-4-3,gd_017_authored_answer_recipe_v1
GD-017,ipip-neo-120-v1,C501,single_choice,,A,profile=gd_017_authored;facet=SELF_DISCIPLINE;target_sum=13;scored_pattern=4-3-3-3,gd_017_authored_answer_recipe_v1
GD-017,ipip-neo-120-v1,C502,single_choice,,N,profile=gd_017_authored;facet=SELF_DISCIPLINE;target_sum=13;scored_pattern=4-3-3-3,gd_017_authored_answer_recipe_v1
GD-017,ipip-neo-120-v1,C503,single_choice,,N,profile=gd_017_authored;facet=SELF_DISCIPLINE;target_sum=13;scored_pattern=4-3-3-3,gd_017_authored_answer_recipe_v1
GD-017,ipip-neo-120-v1,C504,single_choice,,N,profile=gd_017_authored;facet=SELF_DISCIPLINE;target_sum=13;scored_pattern=4-3-3-3,gd_017_authored_answer_recipe_v1
GD-017,ipip-neo-120-v1,C601,single_choice,,N,profile=gd_017_authored;facet=CAUTIOUSNESS;target_sum=12;scored_pattern=3-3-3-3,gd_017_authored_answer_recipe_v1
GD-017,ipip-neo-120-v1,C602,single_choice,,N,profile=gd_017_authored;facet=CAUTIOUSNESS;target_sum=12;scored_pattern=3-3-3-3,gd_017_authored_answer_recipe_v1
GD-017,ipip-neo-120-v1,C603,single_choice,,N,profile=gd_017_authored;facet=CAUTIOUSNESS;target_sum=12;scored_pattern=3-3-3-3,gd_017_authored_answer_recipe_v1
GD-017,ipip-neo-120-v1,C604,single_choice,,N,profile=gd_017_authored;facet=CAUTIOUSNESS;target_sum=12;scored_pattern=3-3-3-3,gd_017_authored_answer_recipe_v1
GD-017,safran_v1,VW01,single_choice,,VW01_opt_3,profile=gd_017_authored;subtest=VW;correct_count=7,gd_017_authored_answer_recipe_v1
GD-017,safran_v1,VW02,single_choice,,VW02_opt_4,profile=gd_017_authored;subtest=VW;correct_count=7,gd_017_authored_answer_recipe_v1
GD-017,safran_v1,VW03,single_choice,,VW03_opt_4,profile=gd_017_authored;subtest=VW;correct_count=7,gd_017_authored_answer_recipe_v1
GD-017,safran_v1,VW04,single_choice,,VW04_opt_3,profile=gd_017_authored;subtest=VW;correct_count=7,gd_017_authored_answer_recipe_v1
GD-017,safran_v1,VW05,single_choice,,VW05_opt_2,profile=gd_017_authored;subtest=VW;correct_count=7,gd_017_authored_answer_recipe_v1
GD-017,safran_v1,VW06,single_choice,,VW06_opt_4,profile=gd_017_authored;subtest=VW;correct_count=7,gd_017_authored_answer_recipe_v1
GD-017,safran_v1,VW07,single_choice,,VW07_opt_1,profile=gd_017_authored;subtest=VW;correct_count=7,gd_017_authored_answer_recipe_v1
GD-017,safran_v1,VW08,single_choice,,VW08_opt_1,profile=gd_017_authored;subtest=VW;correct_count=7,gd_017_authored_answer_recipe_v1
GD-017,safran_v1,VW09,single_choice,,VW09_opt_1,profile=gd_017_authored;subtest=VW;correct_count=7,gd_017_authored_answer_recipe_v1
GD-017,safran_v1,VA01,single_choice,,VA01_opt_3,profile=gd_017_authored;subtest=VA;correct_count=6,gd_017_authored_answer_recipe_v1
GD-017,safran_v1,VA02,single_choice,,VA02_opt_5,profile=gd_017_authored;subtest=VA;correct_count=6,gd_017_authored_answer_recipe_v1
GD-017,safran_v1,VA03,single_choice,,VA03_opt_3,profile=gd_017_authored;subtest=VA;correct_count=6,gd_017_authored_answer_recipe_v1
GD-017,safran_v1,VA04,single_choice,,VA04_opt_2,profile=gd_017_authored;subtest=VA;correct_count=6,gd_017_authored_answer_recipe_v1
GD-017,safran_v1,VA05,single_choice,,VA05_opt_1,profile=gd_017_authored;subtest=VA;correct_count=6,gd_017_authored_answer_recipe_v1
GD-017,safran_v1,VA06,single_choice,,VA06_opt_4,profile=gd_017_authored;subtest=VA;correct_count=6,gd_017_authored_answer_recipe_v1
GD-017,safran_v1,VA07,single_choice,,VA07_opt_1,profile=gd_017_authored;subtest=VA;correct_count=6,gd_017_authored_answer_recipe_v1
GD-017,safran_v1,VA08,single_choice,,VA08_opt_1,profile=gd_017_authored;subtest=VA;correct_count=6,gd_017_authored_answer_recipe_v1
GD-017,safran_v1,VA09,single_choice,,VA09_opt_1,profile=gd_017_authored;subtest=VA;correct_count=6,gd_017_authored_answer_recipe_v1
GD-017,safran_v1,FA01,single_choice,,FA01_opt_correct,profile=gd_017_authored;subtest=FA;correct_count=5,gd_017_authored_answer_recipe_v1
GD-017,safran_v1,FA02,single_choice,,FA02_opt_correct,profile=gd_017_authored;subtest=FA;correct_count=5,gd_017_authored_answer_recipe_v1
GD-017,safran_v1,FA03,single_choice,,FA03_opt_correct,profile=gd_017_authored;subtest=FA;correct_count=5,gd_017_authored_answer_recipe_v1
GD-017,safran_v1,FA04,single_choice,,FA04_opt_correct,profile=gd_017_authored;subtest=FA;correct_count=5,gd_017_authored_answer_recipe_v1
GD-017,safran_v1,FA05,single_choice,,FA05_opt_correct,profile=gd_017_authored;subtest=FA;correct_count=5,gd_017_authored_answer_recipe_v1
GD-017,safran_v1,FA06,single_choice,,FA06_opt_dis1,profile=gd_017_authored;subtest=FA;correct_count=5,gd_017_authored_answer_recipe_v1
GD-017,safran_v1,FA07,single_choice,,FA07_opt_dis1,profile=gd_017_authored;subtest=FA;correct_count=5,gd_017_authored_answer_recipe_v1
GD-017,safran_v1,FA08,single_choice,,FA08_opt_dis1,profile=gd_017_authored;subtest=FA;correct_count=5,gd_017_authored_answer_recipe_v1
GD-017,safran_v1,FA09,single_choice,,FA09_opt_dis1,profile=gd_017_authored;subtest=FA;correct_count=5,gd_017_authored_answer_recipe_v1
GD-017,safran_v1,FM01,single_choice,,FM01_opt_correct,profile=gd_017_authored;subtest=FM;correct_count=4,gd_017_authored_answer_recipe_v1
GD-017,safran_v1,FM02,single_choice,,FM02_opt_correct,profile=gd_017_authored;subtest=FM;correct_count=4,gd_017_authored_answer_recipe_v1
GD-017,safran_v1,FM03,single_choice,,FM03_opt_correct,profile=gd_017_authored;subtest=FM;correct_count=4,gd_017_authored_answer_recipe_v1
GD-017,safran_v1,FM04,single_choice,,FM04_opt_correct,profile=gd_017_authored;subtest=FM;correct_count=4,gd_017_authored_answer_recipe_v1
GD-017,safran_v1,FM05,single_choice,,FM05_opt_dis1,profile=gd_017_authored;subtest=FM;correct_count=4,gd_017_authored_answer_recipe_v1
GD-017,safran_v1,FM06,single_choice,,FM06_opt_dis1,profile=gd_017_authored;subtest=FM;correct_count=4,gd_017_authored_answer_recipe_v1
GD-017,safran_v1,FM07,single_choice,,FM07_opt_dis1,profile=gd_017_authored;subtest=FM;correct_count=4,gd_017_authored_answer_recipe_v1
GD-017,safran_v1,FM08,single_choice,,FM08_opt_dis1,profile=gd_017_authored;subtest=FM;correct_count=4,gd_017_authored_answer_recipe_v1
GD-017,safran_v1,FM09,single_choice,,FM09_opt_dis1,profile=gd_017_authored;subtest=FM;correct_count=4,gd_017_authored_answer_recipe_v1
GD-017,safran_v1,NZ01_01,text,22,,profile=gd_017_authored;subtest=NZ;correct_count=6,gd_017_authored_answer_recipe_v1
GD-017,safran_v1,NZ02_01,text,4.5,,profile=gd_017_authored;subtest=NZ;correct_count=6,gd_017_authored_answer_recipe_v1
GD-017,safran_v1,NZ03_01,text,12.5,,profile=gd_017_authored;subtest=NZ;correct_count=6,gd_017_authored_answer_recipe_v1
GD-017,safran_v1,NZ04_01,text,17,,profile=gd_017_authored;subtest=NZ;correct_count=6,gd_017_authored_answer_recipe_v1
GD-017,safran_v1,NZ05_01,text,25,,profile=gd_017_authored;subtest=NZ;correct_count=6,gd_017_authored_answer_recipe_v1
GD-017,safran_v1,NZ06_01,text,9,,profile=gd_017_authored;subtest=NZ;correct_count=6,gd_017_authored_answer_recipe_v1
GD-017,safran_v1,NZ07_01,text,43,,profile=gd_017_authored;subtest=NZ;correct_count=6,gd_017_authored_answer_recipe_v1
GD-017,safran_v1,NZ08_01,text,9.5,,profile=gd_017_authored;subtest=NZ;correct_count=6,gd_017_authored_answer_recipe_v1
GD-017,safran_v1,NZ09_01,text,113,,profile=gd_017_authored;subtest=NZ;correct_count=6,gd_017_authored_answer_recipe_v1
GD-017,mwms_v1,MWMS_01,single_choice,,MWMS_LIKERT_1,profile=gd_017_authored;dimension=amotivation;values=1-2-1,gd_017_authored_answer_recipe_v1
GD-017,mwms_v1,MWMS_02,single_choice,,MWMS_LIKERT_2,profile=gd_017_authored;dimension=amotivation;values=1-2-1,gd_017_authored_answer_recipe_v1
GD-017,mwms_v1,MWMS_03,single_choice,,MWMS_LIKERT_1,profile=gd_017_authored;dimension=amotivation;values=1-2-1,gd_017_authored_answer_recipe_v1
GD-017,mwms_v1,MWMS_04,single_choice,,MWMS_LIKERT_3,profile=gd_017_authored;dimension=external_social;values=3-3-2,gd_017_authored_answer_recipe_v1
GD-017,mwms_v1,MWMS_05,single_choice,,MWMS_LIKERT_3,profile=gd_017_authored;dimension=external_social;values=3-3-2,gd_017_authored_answer_recipe_v1
GD-017,mwms_v1,MWMS_06,single_choice,,MWMS_LIKERT_2,profile=gd_017_authored;dimension=external_social;values=3-3-2,gd_017_authored_answer_recipe_v1
GD-017,mwms_v1,MWMS_07,single_choice,,MWMS_LIKERT_4,profile=gd_017_authored;dimension=external_material;values=4-4-5,gd_017_authored_answer_recipe_v1
GD-017,mwms_v1,MWMS_08,single_choice,,MWMS_LIKERT_4,profile=gd_017_authored;dimension=external_material;values=4-4-5,gd_017_authored_answer_recipe_v1
GD-017,mwms_v1,MWMS_09,single_choice,,MWMS_LIKERT_5,profile=gd_017_authored;dimension=external_material;values=4-4-5,gd_017_authored_answer_recipe_v1
GD-017,mwms_v1,MWMS_10,single_choice,,MWMS_LIKERT_4,profile=gd_017_authored;dimension=introjected;values=4-5-4-4,gd_017_authored_answer_recipe_v1
GD-017,mwms_v1,MWMS_11,single_choice,,MWMS_LIKERT_5,profile=gd_017_authored;dimension=introjected;values=4-5-4-4,gd_017_authored_answer_recipe_v1
GD-017,mwms_v1,MWMS_12,single_choice,,MWMS_LIKERT_4,profile=gd_017_authored;dimension=introjected;values=4-5-4-4,gd_017_authored_answer_recipe_v1
GD-017,mwms_v1,MWMS_13,single_choice,,MWMS_LIKERT_4,profile=gd_017_authored;dimension=introjected;values=4-5-4-4,gd_017_authored_answer_recipe_v1
GD-017,mwms_v1,MWMS_14,single_choice,,MWMS_LIKERT_6,profile=gd_017_authored;dimension=identified;values=6-6-7,gd_017_authored_answer_recipe_v1
GD-017,mwms_v1,MWMS_15,single_choice,,MWMS_LIKERT_6,profile=gd_017_authored;dimension=identified;values=6-6-7,gd_017_authored_answer_recipe_v1
GD-017,mwms_v1,MWMS_16,single_choice,,MWMS_LIKERT_7,profile=gd_017_authored;dimension=identified;values=6-6-7,gd_017_authored_answer_recipe_v1
GD-017,mwms_v1,MWMS_17,single_choice,,MWMS_LIKERT_6,profile=gd_017_authored;dimension=intrinsic;values=6-5-6,gd_017_authored_answer_recipe_v1
GD-017,mwms_v1,MWMS_18,single_choice,,MWMS_LIKERT_5,profile=gd_017_authored;dimension=intrinsic;values=6-5-6,gd_017_authored_answer_recipe_v1
GD-017,mwms_v1,MWMS_19,single_choice,,MWMS_LIKERT_6,profile=gd_017_authored;dimension=intrinsic;values=6-5-6,gd_017_authored_answer_recipe_v1
GD-018,ipip-neo-120-v1,N101,single_choice,,N,profile=gd_018_authored;facet=ANXIETY;target_sum=9;scored_pattern=3-2-2-2,gd_018_authored_answer_recipe_v1
GD-018,ipip-neo-120-v1,N102,single_choice,,D,profile=gd_018_authored;facet=ANXIETY;target_sum=9;scored_pattern=3-2-2-2,gd_018_authored_answer_recipe_v1
GD-018,ipip-neo-120-v1,N103,single_choice,,D,profile=gd_018_authored;facet=ANXIETY;target_sum=9;scored_pattern=3-2-2-2,gd_018_authored_answer_recipe_v1
GD-018,ipip-neo-120-v1,N104,single_choice,,D,profile=gd_018_authored;facet=ANXIETY;target_sum=9;scored_pattern=3-2-2-2,gd_018_authored_answer_recipe_v1
GD-018,ipip-neo-120-v1,N201,single_choice,,D,profile=gd_018_authored;facet=ANGER;target_sum=8;scored_pattern=2-2-2-2,gd_018_authored_answer_recipe_v1
GD-018,ipip-neo-120-v1,N202,single_choice,,D,profile=gd_018_authored;facet=ANGER;target_sum=8;scored_pattern=2-2-2-2,gd_018_authored_answer_recipe_v1
GD-018,ipip-neo-120-v1,N203,single_choice,,D,profile=gd_018_authored;facet=ANGER;target_sum=8;scored_pattern=2-2-2-2,gd_018_authored_answer_recipe_v1
GD-018,ipip-neo-120-v1,N204,single_choice,,A,profile=gd_018_authored;facet=ANGER;target_sum=8;scored_pattern=2-2-2-2,gd_018_authored_answer_recipe_v1
GD-018,ipip-neo-120-v1,N301,single_choice,,D,profile=gd_018_authored;facet=DEPRESSION;target_sum=7;scored_pattern=2-2-2-1,gd_018_authored_answer_recipe_v1
GD-018,ipip-neo-120-v1,N302,single_choice,,D,profile=gd_018_authored;facet=DEPRESSION;target_sum=7;scored_pattern=2-2-2-1,gd_018_authored_answer_recipe_v1
GD-018,ipip-neo-120-v1,N303,single_choice,,D,profile=gd_018_authored;facet=DEPRESSION;target_sum=7;scored_pattern=2-2-2-1,gd_018_authored_answer_recipe_v1
GD-018,ipip-neo-120-v1,N304,single_choice,,SA,profile=gd_018_authored;facet=DEPRESSION;target_sum=7;scored_pattern=2-2-2-1,gd_018_authored_answer_recipe_v1
GD-018,ipip-neo-120-v1,N401,single_choice,,N,profile=gd_018_authored;facet=SELF_CONSCIOUSNESS;target_sum=11;scored_pattern=3-3-3-2,gd_018_authored_answer_recipe_v1
GD-018,ipip-neo-120-v1,N402,single_choice,,N,profile=gd_018_authored;facet=SELF_CONSCIOUSNESS;target_sum=11;scored_pattern=3-3-3-2,gd_018_authored_answer_recipe_v1
GD-018,ipip-neo-120-v1,N403,single_choice,,N,profile=gd_018_authored;facet=SELF_CONSCIOUSNESS;target_sum=11;scored_pattern=3-3-3-2,gd_018_authored_answer_recipe_v1
GD-018,ipip-neo-120-v1,N404,single_choice,,A,profile=gd_018_authored;facet=SELF_CONSCIOUSNESS;target_sum=11;scored_pattern=3-3-3-2,gd_018_authored_answer_recipe_v1
GD-018,ipip-neo-120-v1,N501,single_choice,,D,profile=gd_018_authored;facet=IMMODERATION;target_sum=7;scored_pattern=2-2-2-1,gd_018_authored_answer_recipe_v1
GD-018,ipip-neo-120-v1,N502,single_choice,,A,profile=gd_018_authored;facet=IMMODERATION;target_sum=7;scored_pattern=2-2-2-1,gd_018_authored_answer_recipe_v1
GD-018,ipip-neo-120-v1,N503,single_choice,,A,profile=gd_018_authored;facet=IMMODERATION;target_sum=7;scored_pattern=2-2-2-1,gd_018_authored_answer_recipe_v1
GD-018,ipip-neo-120-v1,N504,single_choice,,SA,profile=gd_018_authored;facet=IMMODERATION;target_sum=7;scored_pattern=2-2-2-1,gd_018_authored_answer_recipe_v1
GD-018,ipip-neo-120-v1,N601,single_choice,,N,profile=gd_018_authored;facet=VULNERABILITY;target_sum=10;scored_pattern=3-3-2-2,gd_018_authored_answer_recipe_v1
GD-018,ipip-neo-120-v1,N602,single_choice,,N,profile=gd_018_authored;facet=VULNERABILITY;target_sum=10;scored_pattern=3-3-2-2,gd_018_authored_answer_recipe_v1
GD-018,ipip-neo-120-v1,N603,single_choice,,D,profile=gd_018_authored;facet=VULNERABILITY;target_sum=10;scored_pattern=3-3-2-2,gd_018_authored_answer_recipe_v1
GD-018,ipip-neo-120-v1,N604,single_choice,,A,profile=gd_018_authored;facet=VULNERABILITY;target_sum=10;scored_pattern=3-3-2-2,gd_018_authored_answer_recipe_v1
GD-018,ipip-neo-120-v1,E101,single_choice,,A,profile=gd_018_authored;facet=FRIENDLINESS;target_sum=14;scored_pattern=4-4-3-3,gd_018_authored_answer_recipe_v1
GD-018,ipip-neo-120-v1,E102,single_choice,,A,profile=gd_018_authored;facet=FRIENDLINESS;target_sum=14;scored_pattern=4-4-3-3,gd_018_authored_answer_recipe_v1
GD-018,ipip-neo-120-v1,E103,single_choice,,N,profile=gd_018_authored;facet=FRIENDLINESS;target_sum=14;scored_pattern=4-4-3-3,gd_018_authored_answer_recipe_v1
GD-018,ipip-neo-120-v1,E104,single_choice,,N,profile=gd_018_authored;facet=FRIENDLINESS;target_sum=14;scored_pattern=4-4-3-3,gd_018_authored_answer_recipe_v1
GD-018,ipip-neo-120-v1,E201,single_choice,,N,profile=gd_018_authored;facet=GREGARIOUSNESS;target_sum=11;scored_pattern=3-3-3-2,gd_018_authored_answer_recipe_v1
GD-018,ipip-neo-120-v1,E202,single_choice,,N,profile=gd_018_authored;facet=GREGARIOUSNESS;target_sum=11;scored_pattern=3-3-3-2,gd_018_authored_answer_recipe_v1
GD-018,ipip-neo-120-v1,E203,single_choice,,N,profile=gd_018_authored;facet=GREGARIOUSNESS;target_sum=11;scored_pattern=3-3-3-2,gd_018_authored_answer_recipe_v1
GD-018,ipip-neo-120-v1,E204,single_choice,,A,profile=gd_018_authored;facet=GREGARIOUSNESS;target_sum=11;scored_pattern=3-3-3-2,gd_018_authored_answer_recipe_v1
GD-018,ipip-neo-120-v1,E301,single_choice,,SA,profile=gd_018_authored;facet=ASSERTIVENESS;target_sum=18;scored_pattern=5-5-4-4,gd_018_authored_answer_recipe_v1
GD-018,ipip-neo-120-v1,E302,single_choice,,SA,profile=gd_018_authored;facet=ASSERTIVENESS;target_sum=18;scored_pattern=5-5-4-4,gd_018_authored_answer_recipe_v1
GD-018,ipip-neo-120-v1,E303,single_choice,,A,profile=gd_018_authored;facet=ASSERTIVENESS;target_sum=18;scored_pattern=5-5-4-4,gd_018_authored_answer_recipe_v1
GD-018,ipip-neo-120-v1,E304,single_choice,,D,profile=gd_018_authored;facet=ASSERTIVENESS;target_sum=18;scored_pattern=5-5-4-4,gd_018_authored_answer_recipe_v1
GD-018,ipip-neo-120-v1,E401,single_choice,,A,profile=gd_018_authored;facet=ACTIVITY_LEVEL;target_sum=14;scored_pattern=4-4-3-3,gd_018_authored_answer_recipe_v1
GD-018,ipip-neo-120-v1,E402,single_choice,,A,profile=gd_018_authored;facet=ACTIVITY_LEVEL;target_sum=14;scored_pattern=4-4-3-3,gd_018_authored_answer_recipe_v1
GD-018,ipip-neo-120-v1,E403,single_choice,,N,profile=gd_018_authored;facet=ACTIVITY_LEVEL;target_sum=14;scored_pattern=4-4-3-3,gd_018_authored_answer_recipe_v1
GD-018,ipip-neo-120-v1,E404,single_choice,,N,profile=gd_018_authored;facet=ACTIVITY_LEVEL;target_sum=14;scored_pattern=4-4-3-3,gd_018_authored_answer_recipe_v1
GD-018,ipip-neo-120-v1,E501,single_choice,,N,profile=gd_018_authored;facet=EXCITEMENT_SEEKING;target_sum=10;scored_pattern=3-3-2-2,gd_018_authored_answer_recipe_v1
GD-018,ipip-neo-120-v1,E502,single_choice,,N,profile=gd_018_authored;facet=EXCITEMENT_SEEKING;target_sum=10;scored_pattern=3-3-2-2,gd_018_authored_answer_recipe_v1
GD-018,ipip-neo-120-v1,E503,single_choice,,D,profile=gd_018_authored;facet=EXCITEMENT_SEEKING;target_sum=10;scored_pattern=3-3-2-2,gd_018_authored_answer_recipe_v1
GD-018,ipip-neo-120-v1,E504,single_choice,,D,profile=gd_018_authored;facet=EXCITEMENT_SEEKING;target_sum=10;scored_pattern=3-3-2-2,gd_018_authored_answer_recipe_v1
GD-018,ipip-neo-120-v1,E601,single_choice,,A,profile=gd_018_authored;facet=CHEERFULNESS;target_sum=14;scored_pattern=4-4-3-3,gd_018_authored_answer_recipe_v1
GD-018,ipip-neo-120-v1,E602,single_choice,,A,profile=gd_018_authored;facet=CHEERFULNESS;target_sum=14;scored_pattern=4-4-3-3,gd_018_authored_answer_recipe_v1
GD-018,ipip-neo-120-v1,E603,single_choice,,N,profile=gd_018_authored;facet=CHEERFULNESS;target_sum=14;scored_pattern=4-4-3-3,gd_018_authored_answer_recipe_v1
GD-018,ipip-neo-120-v1,E604,single_choice,,N,profile=gd_018_authored;facet=CHEERFULNESS;target_sum=14;scored_pattern=4-4-3-3,gd_018_authored_answer_recipe_v1
GD-018,ipip-neo-120-v1,O101,single_choice,,N,profile=gd_018_authored;facet=IMAGINATION;target_sum=12;scored_pattern=3-3-3-3,gd_018_authored_answer_recipe_v1
GD-018,ipip-neo-120-v1,O102,single_choice,,N,profile=gd_018_authored;facet=IMAGINATION;target_sum=12;scored_pattern=3-3-3-3,gd_018_authored_answer_recipe_v1
GD-018,ipip-neo-120-v1,O103,single_choice,,N,profile=gd_018_authored;facet=IMAGINATION;target_sum=12;scored_pattern=3-3-3-3,gd_018_authored_answer_recipe_v1
GD-018,ipip-neo-120-v1,O104,single_choice,,N,profile=gd_018_authored;facet=IMAGINATION;target_sum=12;scored_pattern=3-3-3-3,gd_018_authored_answer_recipe_v1
GD-018,ipip-neo-120-v1,O201,single_choice,,N,profile=gd_018_authored;facet=ARTISTIC_INTERESTS;target_sum=10;scored_pattern=3-3-2-2,gd_018_authored_answer_recipe_v1
GD-018,ipip-neo-120-v1,O202,single_choice,,N,profile=gd_018_authored;facet=ARTISTIC_INTERESTS;target_sum=10;scored_pattern=3-3-2-2,gd_018_authored_answer_recipe_v1
GD-018,ipip-neo-120-v1,O203,single_choice,,A,profile=gd_018_authored;facet=ARTISTIC_INTERESTS;target_sum=10;scored_pattern=3-3-2-2,gd_018_authored_answer_recipe_v1
GD-018,ipip-neo-120-v1,O204,single_choice,,A,profile=gd_018_authored;facet=ARTISTIC_INTERESTS;target_sum=10;scored_pattern=3-3-2-2,gd_018_authored_answer_recipe_v1
GD-018,ipip-neo-120-v1,O301,single_choice,,N,profile=gd_018_authored;facet=EMOTIONALITY;target_sum=10;scored_pattern=3-3-2-2,gd_018_authored_answer_recipe_v1
GD-018,ipip-neo-120-v1,O302,single_choice,,N,profile=gd_018_authored;facet=EMOTIONALITY;target_sum=10;scored_pattern=3-3-2-2,gd_018_authored_answer_recipe_v1
GD-018,ipip-neo-120-v1,O303,single_choice,,A,profile=gd_018_authored;facet=EMOTIONALITY;target_sum=10;scored_pattern=3-3-2-2,gd_018_authored_answer_recipe_v1
GD-018,ipip-neo-120-v1,O304,single_choice,,A,profile=gd_018_authored;facet=EMOTIONALITY;target_sum=10;scored_pattern=3-3-2-2,gd_018_authored_answer_recipe_v1
GD-018,ipip-neo-120-v1,O401,single_choice,,N,profile=gd_018_authored;facet=ADVENTUROUSNESS;target_sum=11;scored_pattern=3-3-3-2,gd_018_authored_answer_recipe_v1
GD-018,ipip-neo-120-v1,O402,single_choice,,N,profile=gd_018_authored;facet=ADVENTUROUSNESS;target_sum=11;scored_pattern=3-3-3-2,gd_018_authored_answer_recipe_v1
GD-018,ipip-neo-120-v1,O403,single_choice,,N,profile=gd_018_authored;facet=ADVENTUROUSNESS;target_sum=11;scored_pattern=3-3-3-2,gd_018_authored_answer_recipe_v1
GD-018,ipip-neo-120-v1,O404,single_choice,,A,profile=gd_018_authored;facet=ADVENTUROUSNESS;target_sum=11;scored_pattern=3-3-3-2,gd_018_authored_answer_recipe_v1
GD-018,ipip-neo-120-v1,O501,single_choice,,A,profile=gd_018_authored;facet=INTELLECT;target_sum=15;scored_pattern=4-4-4-3,gd_018_authored_answer_recipe_v1
GD-018,ipip-neo-120-v1,O502,single_choice,,D,profile=gd_018_authored;facet=INTELLECT;target_sum=15;scored_pattern=4-4-4-3,gd_018_authored_answer_recipe_v1
GD-018,ipip-neo-120-v1,O503,single_choice,,D,profile=gd_018_authored;facet=INTELLECT;target_sum=15;scored_pattern=4-4-4-3,gd_018_authored_answer_recipe_v1
GD-018,ipip-neo-120-v1,O504,single_choice,,N,profile=gd_018_authored;facet=INTELLECT;target_sum=15;scored_pattern=4-4-4-3,gd_018_authored_answer_recipe_v1
GD-018,ipip-neo-120-v1,O601,single_choice,,N,profile=gd_018_authored;facet=LIBERALISM;target_sum=11;scored_pattern=3-3-3-2,gd_018_authored_answer_recipe_v1
GD-018,ipip-neo-120-v1,O602,single_choice,,N,profile=gd_018_authored;facet=LIBERALISM;target_sum=11;scored_pattern=3-3-3-2,gd_018_authored_answer_recipe_v1
GD-018,ipip-neo-120-v1,O603,single_choice,,N,profile=gd_018_authored;facet=LIBERALISM;target_sum=11;scored_pattern=3-3-3-2,gd_018_authored_answer_recipe_v1
GD-018,ipip-neo-120-v1,O604,single_choice,,A,profile=gd_018_authored;facet=LIBERALISM;target_sum=11;scored_pattern=3-3-3-2,gd_018_authored_answer_recipe_v1
GD-018,ipip-neo-120-v1,A101,single_choice,,N,profile=gd_018_authored;facet=TRUST;target_sum=11;scored_pattern=3-3-3-2,gd_018_authored_answer_recipe_v1
GD-018,ipip-neo-120-v1,A102,single_choice,,N,profile=gd_018_authored;facet=TRUST;target_sum=11;scored_pattern=3-3-3-2,gd_018_authored_answer_recipe_v1
GD-018,ipip-neo-120-v1,A103,single_choice,,N,profile=gd_018_authored;facet=TRUST;target_sum=11;scored_pattern=3-3-3-2,gd_018_authored_answer_recipe_v1
GD-018,ipip-neo-120-v1,A104,single_choice,,A,profile=gd_018_authored;facet=TRUST;target_sum=11;scored_pattern=3-3-3-2,gd_018_authored_answer_recipe_v1
GD-018,ipip-neo-120-v1,A201,single_choice,,SD,profile=gd_018_authored;facet=MORALITY;target_sum=17;scored_pattern=5-4-4-4,gd_018_authored_answer_recipe_v1
GD-018,ipip-neo-120-v1,A202,single_choice,,D,profile=gd_018_authored;facet=MORALITY;target_sum=17;scored_pattern=5-4-4-4,gd_018_authored_answer_recipe_v1
GD-018,ipip-neo-120-v1,A203,single_choice,,D,profile=gd_018_authored;facet=MORALITY;target_sum=17;scored_pattern=5-4-4-4,gd_018_authored_answer_recipe_v1
GD-018,ipip-neo-120-v1,A204,single_choice,,D,profile=gd_018_authored;facet=MORALITY;target_sum=17;scored_pattern=5-4-4-4,gd_018_authored_answer_recipe_v1
GD-018,ipip-neo-120-v1,A301,single_choice,,A,profile=gd_018_authored;facet=ALTRUISM;target_sum=13;scored_pattern=4-3-3-3,gd_018_authored_answer_recipe_v1
GD-018,ipip-neo-120-v1,A302,single_choice,,N,profile=gd_018_authored;facet=ALTRUISM;target_sum=13;scored_pattern=4-3-3-3,gd_018_authored_answer_recipe_v1
GD-018,ipip-neo-120-v1,A303,single_choice,,N,profile=gd_018_authored;facet=ALTRUISM;target_sum=13;scored_pattern=4-3-3-3,gd_018_authored_answer_recipe_v1
GD-018,ipip-neo-120-v1,A304,single_choice,,N,profile=gd_018_authored;facet=ALTRUISM;target_sum=13;scored_pattern=4-3-3-3,gd_018_authored_answer_recipe_v1
GD-018,ipip-neo-120-v1,A401,single_choice,,D,profile=gd_018_authored;facet=COOPERATION;target_sum=14;scored_pattern=4-4-3-3,gd_018_authored_answer_recipe_v1
GD-018,ipip-neo-120-v1,A402,single_choice,,D,profile=gd_018_authored;facet=COOPERATION;target_sum=14;scored_pattern=4-4-3-3,gd_018_authored_answer_recipe_v1
GD-018,ipip-neo-120-v1,A403,single_choice,,N,profile=gd_018_authored;facet=COOPERATION;target_sum=14;scored_pattern=4-4-3-3,gd_018_authored_answer_recipe_v1
GD-018,ipip-neo-120-v1,A404,single_choice,,N,profile=gd_018_authored;facet=COOPERATION;target_sum=14;scored_pattern=4-4-3-3,gd_018_authored_answer_recipe_v1
GD-018,ipip-neo-120-v1,A501,single_choice,,N,profile=gd_018_authored;facet=MODESTY;target_sum=10;scored_pattern=3-3-2-2,gd_018_authored_answer_recipe_v1
GD-018,ipip-neo-120-v1,A502,single_choice,,N,profile=gd_018_authored;facet=MODESTY;target_sum=10;scored_pattern=3-3-2-2,gd_018_authored_answer_recipe_v1
GD-018,ipip-neo-120-v1,A503,single_choice,,A,profile=gd_018_authored;facet=MODESTY;target_sum=10;scored_pattern=3-3-2-2,gd_018_authored_answer_recipe_v1
GD-018,ipip-neo-120-v1,A504,single_choice,,A,profile=gd_018_authored;facet=MODESTY;target_sum=10;scored_pattern=3-3-2-2,gd_018_authored_answer_recipe_v1
GD-018,ipip-neo-120-v1,A601,single_choice,,A,profile=gd_018_authored;facet=SYMPATHY;target_sum=13;scored_pattern=4-3-3-3,gd_018_authored_answer_recipe_v1
GD-018,ipip-neo-120-v1,A602,single_choice,,N,profile=gd_018_authored;facet=SYMPATHY;target_sum=13;scored_pattern=4-3-3-3,gd_018_authored_answer_recipe_v1
GD-018,ipip-neo-120-v1,A603,single_choice,,N,profile=gd_018_authored;facet=SYMPATHY;target_sum=13;scored_pattern=4-3-3-3,gd_018_authored_answer_recipe_v1
GD-018,ipip-neo-120-v1,A604,single_choice,,N,profile=gd_018_authored;facet=SYMPATHY;target_sum=13;scored_pattern=4-3-3-3,gd_018_authored_answer_recipe_v1
GD-018,ipip-neo-120-v1,C101,single_choice,,SA,profile=gd_018_authored;facet=SELF_EFFICACY;target_sum=18;scored_pattern=5-5-4-4,gd_018_authored_answer_recipe_v1
GD-018,ipip-neo-120-v1,C102,single_choice,,SA,profile=gd_018_authored;facet=SELF_EFFICACY;target_sum=18;scored_pattern=5-5-4-4,gd_018_authored_answer_recipe_v1
GD-018,ipip-neo-120-v1,C103,single_choice,,A,profile=gd_018_authored;facet=SELF_EFFICACY;target_sum=18;scored_pattern=5-5-4-4,gd_018_authored_answer_recipe_v1
GD-018,ipip-neo-120-v1,C104,single_choice,,A,profile=gd_018_authored;facet=SELF_EFFICACY;target_sum=18;scored_pattern=5-5-4-4,gd_018_authored_answer_recipe_v1
GD-018,ipip-neo-120-v1,C201,single_choice,,SA,profile=gd_018_authored;facet=ORDERLINESS;target_sum=18;scored_pattern=5-5-4-4,gd_018_authored_answer_recipe_v1
GD-018,ipip-neo-120-v1,C202,single_choice,,SD,profile=gd_018_authored;facet=ORDERLINESS;target_sum=18;scored_pattern=5-5-4-4,gd_018_authored_answer_recipe_v1
GD-018,ipip-neo-120-v1,C203,single_choice,,D,profile=gd_018_authored;facet=ORDERLINESS;target_sum=18;scored_pattern=5-5-4-4,gd_018_authored_answer_recipe_v1
GD-018,ipip-neo-120-v1,C204,single_choice,,D,profile=gd_018_authored;facet=ORDERLINESS;target_sum=18;scored_pattern=5-5-4-4,gd_018_authored_answer_recipe_v1
GD-018,ipip-neo-120-v1,C301,single_choice,,SA,profile=gd_018_authored;facet=DUTIFULNESS;target_sum=19;scored_pattern=5-5-5-4,gd_018_authored_answer_recipe_v1
GD-018,ipip-neo-120-v1,C302,single_choice,,SA,profile=gd_018_authored;facet=DUTIFULNESS;target_sum=19;scored_pattern=5-5-5-4,gd_018_authored_answer_recipe_v1
GD-018,ipip-neo-120-v1,C303,single_choice,,SD,profile=gd_018_authored;facet=DUTIFULNESS;target_sum=19;scored_pattern=5-5-5-4,gd_018_authored_answer_recipe_v1
GD-018,ipip-neo-120-v1,C304,single_choice,,D,profile=gd_018_authored;facet=DUTIFULNESS;target_sum=19;scored_pattern=5-5-5-4,gd_018_authored_answer_recipe_v1
GD-018,ipip-neo-120-v1,C401,single_choice,,SA,profile=gd_018_authored;facet=ACHIEVEMENT_STRIVING;target_sum=18;scored_pattern=5-5-4-4,gd_018_authored_answer_recipe_v1
GD-018,ipip-neo-120-v1,C402,single_choice,,SA,profile=gd_018_authored;facet=ACHIEVEMENT_STRIVING;target_sum=18;scored_pattern=5-5-4-4,gd_018_authored_answer_recipe_v1
GD-018,ipip-neo-120-v1,C403,single_choice,,D,profile=gd_018_authored;facet=ACHIEVEMENT_STRIVING;target_sum=18;scored_pattern=5-5-4-4,gd_018_authored_answer_recipe_v1
GD-018,ipip-neo-120-v1,C404,single_choice,,D,profile=gd_018_authored;facet=ACHIEVEMENT_STRIVING;target_sum=18;scored_pattern=5-5-4-4,gd_018_authored_answer_recipe_v1
GD-018,ipip-neo-120-v1,C501,single_choice,,SA,profile=gd_018_authored;facet=SELF_DISCIPLINE;target_sum=18;scored_pattern=5-5-4-4,gd_018_authored_answer_recipe_v1
GD-018,ipip-neo-120-v1,C502,single_choice,,SA,profile=gd_018_authored;facet=SELF_DISCIPLINE;target_sum=18;scored_pattern=5-5-4-4,gd_018_authored_answer_recipe_v1
GD-018,ipip-neo-120-v1,C503,single_choice,,D,profile=gd_018_authored;facet=SELF_DISCIPLINE;target_sum=18;scored_pattern=5-5-4-4,gd_018_authored_answer_recipe_v1
GD-018,ipip-neo-120-v1,C504,single_choice,,D,profile=gd_018_authored;facet=SELF_DISCIPLINE;target_sum=18;scored_pattern=5-5-4-4,gd_018_authored_answer_recipe_v1
GD-018,ipip-neo-120-v1,C601,single_choice,,D,profile=gd_018_authored;facet=CAUTIOUSNESS;target_sum=16;scored_pattern=4-4-4-4,gd_018_authored_answer_recipe_v1
GD-018,ipip-neo-120-v1,C602,single_choice,,D,profile=gd_018_authored;facet=CAUTIOUSNESS;target_sum=16;scored_pattern=4-4-4-4,gd_018_authored_answer_recipe_v1
GD-018,ipip-neo-120-v1,C603,single_choice,,D,profile=gd_018_authored;facet=CAUTIOUSNESS;target_sum=16;scored_pattern=4-4-4-4,gd_018_authored_answer_recipe_v1
GD-018,ipip-neo-120-v1,C604,single_choice,,D,profile=gd_018_authored;facet=CAUTIOUSNESS;target_sum=16;scored_pattern=4-4-4-4,gd_018_authored_answer_recipe_v1
GD-018,safran_v1,VW01,single_choice,,VW01_opt_3,profile=gd_018_authored;subtest=VW;correct_count=6,gd_018_authored_answer_recipe_v1
GD-018,safran_v1,VW02,single_choice,,VW02_opt_4,profile=gd_018_authored;subtest=VW;correct_count=6,gd_018_authored_answer_recipe_v1
GD-018,safran_v1,VW03,single_choice,,VW03_opt_4,profile=gd_018_authored;subtest=VW;correct_count=6,gd_018_authored_answer_recipe_v1
GD-018,safran_v1,VW04,single_choice,,VW04_opt_3,profile=gd_018_authored;subtest=VW;correct_count=6,gd_018_authored_answer_recipe_v1
GD-018,safran_v1,VW05,single_choice,,VW05_opt_2,profile=gd_018_authored;subtest=VW;correct_count=6,gd_018_authored_answer_recipe_v1
GD-018,safran_v1,VW06,single_choice,,VW06_opt_4,profile=gd_018_authored;subtest=VW;correct_count=6,gd_018_authored_answer_recipe_v1
GD-018,safran_v1,VW07,single_choice,,VW07_opt_2,profile=gd_018_authored;subtest=VW;correct_count=6,gd_018_authored_answer_recipe_v1
GD-018,safran_v1,VW08,single_choice,,VW08_opt_1,profile=gd_018_authored;subtest=VW;correct_count=6,gd_018_authored_answer_recipe_v1
GD-018,safran_v1,VW09,single_choice,,VW09_opt_1,profile=gd_018_authored;subtest=VW;correct_count=6,gd_018_authored_answer_recipe_v1
GD-018,safran_v1,VA01,single_choice,,VA01_opt_3,profile=gd_018_authored;subtest=VA;correct_count=7,gd_018_authored_answer_recipe_v1
GD-018,safran_v1,VA02,single_choice,,VA02_opt_5,profile=gd_018_authored;subtest=VA;correct_count=7,gd_018_authored_answer_recipe_v1
GD-018,safran_v1,VA03,single_choice,,VA03_opt_3,profile=gd_018_authored;subtest=VA;correct_count=7,gd_018_authored_answer_recipe_v1
GD-018,safran_v1,VA04,single_choice,,VA04_opt_2,profile=gd_018_authored;subtest=VA;correct_count=7,gd_018_authored_answer_recipe_v1
GD-018,safran_v1,VA05,single_choice,,VA05_opt_1,profile=gd_018_authored;subtest=VA;correct_count=7,gd_018_authored_answer_recipe_v1
GD-018,safran_v1,VA06,single_choice,,VA06_opt_4,profile=gd_018_authored;subtest=VA;correct_count=7,gd_018_authored_answer_recipe_v1
GD-018,safran_v1,VA07,single_choice,,VA07_opt_4,profile=gd_018_authored;subtest=VA;correct_count=7,gd_018_authored_answer_recipe_v1
GD-018,safran_v1,VA08,single_choice,,VA08_opt_1,profile=gd_018_authored;subtest=VA;correct_count=7,gd_018_authored_answer_recipe_v1
GD-018,safran_v1,VA09,single_choice,,VA09_opt_1,profile=gd_018_authored;subtest=VA;correct_count=7,gd_018_authored_answer_recipe_v1
GD-018,safran_v1,FA01,single_choice,,FA01_opt_correct,profile=gd_018_authored;subtest=FA;correct_count=5,gd_018_authored_answer_recipe_v1
GD-018,safran_v1,FA02,single_choice,,FA02_opt_correct,profile=gd_018_authored;subtest=FA;correct_count=5,gd_018_authored_answer_recipe_v1
GD-018,safran_v1,FA03,single_choice,,FA03_opt_correct,profile=gd_018_authored;subtest=FA;correct_count=5,gd_018_authored_answer_recipe_v1
GD-018,safran_v1,FA04,single_choice,,FA04_opt_correct,profile=gd_018_authored;subtest=FA;correct_count=5,gd_018_authored_answer_recipe_v1
GD-018,safran_v1,FA05,single_choice,,FA05_opt_correct,profile=gd_018_authored;subtest=FA;correct_count=5,gd_018_authored_answer_recipe_v1
GD-018,safran_v1,FA06,single_choice,,FA06_opt_dis1,profile=gd_018_authored;subtest=FA;correct_count=5,gd_018_authored_answer_recipe_v1
GD-018,safran_v1,FA07,single_choice,,FA07_opt_dis1,profile=gd_018_authored;subtest=FA;correct_count=5,gd_018_authored_answer_recipe_v1
GD-018,safran_v1,FA08,single_choice,,FA08_opt_dis1,profile=gd_018_authored;subtest=FA;correct_count=5,gd_018_authored_answer_recipe_v1
GD-018,safran_v1,FA09,single_choice,,FA09_opt_dis1,profile=gd_018_authored;subtest=FA;correct_count=5,gd_018_authored_answer_recipe_v1
GD-018,safran_v1,FM01,single_choice,,FM01_opt_correct,profile=gd_018_authored;subtest=FM;correct_count=5,gd_018_authored_answer_recipe_v1
GD-018,safran_v1,FM02,single_choice,,FM02_opt_correct,profile=gd_018_authored;subtest=FM;correct_count=5,gd_018_authored_answer_recipe_v1
GD-018,safran_v1,FM03,single_choice,,FM03_opt_correct,profile=gd_018_authored;subtest=FM;correct_count=5,gd_018_authored_answer_recipe_v1
GD-018,safran_v1,FM04,single_choice,,FM04_opt_correct,profile=gd_018_authored;subtest=FM;correct_count=5,gd_018_authored_answer_recipe_v1
GD-018,safran_v1,FM05,single_choice,,FM05_opt_correct,profile=gd_018_authored;subtest=FM;correct_count=5,gd_018_authored_answer_recipe_v1
GD-018,safran_v1,FM06,single_choice,,FM06_opt_dis1,profile=gd_018_authored;subtest=FM;correct_count=5,gd_018_authored_answer_recipe_v1
GD-018,safran_v1,FM07,single_choice,,FM07_opt_dis1,profile=gd_018_authored;subtest=FM;correct_count=5,gd_018_authored_answer_recipe_v1
GD-018,safran_v1,FM08,single_choice,,FM08_opt_dis1,profile=gd_018_authored;subtest=FM;correct_count=5,gd_018_authored_answer_recipe_v1
GD-018,safran_v1,FM09,single_choice,,FM09_opt_dis1,profile=gd_018_authored;subtest=FM;correct_count=5,gd_018_authored_answer_recipe_v1
GD-018,safran_v1,NZ01_01,text,22,,profile=gd_018_authored;subtest=NZ;correct_count=7,gd_018_authored_answer_recipe_v1
GD-018,safran_v1,NZ02_01,text,4.5,,profile=gd_018_authored;subtest=NZ;correct_count=7,gd_018_authored_answer_recipe_v1
GD-018,safran_v1,NZ03_01,text,12.5,,profile=gd_018_authored;subtest=NZ;correct_count=7,gd_018_authored_answer_recipe_v1
GD-018,safran_v1,NZ04_01,text,17,,profile=gd_018_authored;subtest=NZ;correct_count=7,gd_018_authored_answer_recipe_v1
GD-018,safran_v1,NZ05_01,text,25,,profile=gd_018_authored;subtest=NZ;correct_count=7,gd_018_authored_answer_recipe_v1
GD-018,safran_v1,NZ06_01,text,9,,profile=gd_018_authored;subtest=NZ;correct_count=7,gd_018_authored_answer_recipe_v1
GD-018,safran_v1,NZ07_01,text,42,,profile=gd_018_authored;subtest=NZ;correct_count=7,gd_018_authored_answer_recipe_v1
GD-018,safran_v1,NZ08_01,text,9.5,,profile=gd_018_authored;subtest=NZ;correct_count=7,gd_018_authored_answer_recipe_v1
GD-018,safran_v1,NZ09_01,text,113,,profile=gd_018_authored;subtest=NZ;correct_count=7,gd_018_authored_answer_recipe_v1
GD-018,mwms_v1,MWMS_01,single_choice,,MWMS_LIKERT_1,profile=gd_018_authored;dimension=amotivation;values=1-1-2,gd_018_authored_answer_recipe_v1
GD-018,mwms_v1,MWMS_02,single_choice,,MWMS_LIKERT_1,profile=gd_018_authored;dimension=amotivation;values=1-1-2,gd_018_authored_answer_recipe_v1
GD-018,mwms_v1,MWMS_03,single_choice,,MWMS_LIKERT_2,profile=gd_018_authored;dimension=amotivation;values=1-1-2,gd_018_authored_answer_recipe_v1
GD-018,mwms_v1,MWMS_04,single_choice,,MWMS_LIKERT_3,profile=gd_018_authored;dimension=external_social;values=3-3-2,gd_018_authored_answer_recipe_v1
GD-018,mwms_v1,MWMS_05,single_choice,,MWMS_LIKERT_3,profile=gd_018_authored;dimension=external_social;values=3-3-2,gd_018_authored_answer_recipe_v1
GD-018,mwms_v1,MWMS_06,single_choice,,MWMS_LIKERT_2,profile=gd_018_authored;dimension=external_social;values=3-3-2,gd_018_authored_answer_recipe_v1
GD-018,mwms_v1,MWMS_07,single_choice,,MWMS_LIKERT_4,profile=gd_018_authored;dimension=external_material;values=4-5-4,gd_018_authored_answer_recipe_v1
GD-018,mwms_v1,MWMS_08,single_choice,,MWMS_LIKERT_5,profile=gd_018_authored;dimension=external_material;values=4-5-4,gd_018_authored_answer_recipe_v1
GD-018,mwms_v1,MWMS_09,single_choice,,MWMS_LIKERT_4,profile=gd_018_authored;dimension=external_material;values=4-5-4,gd_018_authored_answer_recipe_v1
GD-018,mwms_v1,MWMS_10,single_choice,,MWMS_LIKERT_5,profile=gd_018_authored;dimension=introjected;values=5-5-4-5,gd_018_authored_answer_recipe_v1
GD-018,mwms_v1,MWMS_11,single_choice,,MWMS_LIKERT_5,profile=gd_018_authored;dimension=introjected;values=5-5-4-5,gd_018_authored_answer_recipe_v1
GD-018,mwms_v1,MWMS_12,single_choice,,MWMS_LIKERT_4,profile=gd_018_authored;dimension=introjected;values=5-5-4-5,gd_018_authored_answer_recipe_v1
GD-018,mwms_v1,MWMS_13,single_choice,,MWMS_LIKERT_5,profile=gd_018_authored;dimension=introjected;values=5-5-4-5,gd_018_authored_answer_recipe_v1
GD-018,mwms_v1,MWMS_14,single_choice,,MWMS_LIKERT_6,profile=gd_018_authored;dimension=identified;values=6-7-6,gd_018_authored_answer_recipe_v1
GD-018,mwms_v1,MWMS_15,single_choice,,MWMS_LIKERT_7,profile=gd_018_authored;dimension=identified;values=6-7-6,gd_018_authored_answer_recipe_v1
GD-018,mwms_v1,MWMS_16,single_choice,,MWMS_LIKERT_6,profile=gd_018_authored;dimension=identified;values=6-7-6,gd_018_authored_answer_recipe_v1
GD-018,mwms_v1,MWMS_17,single_choice,,MWMS_LIKERT_5,profile=gd_018_authored;dimension=intrinsic;values=5-6-7,gd_018_authored_answer_recipe_v1
GD-018,mwms_v1,MWMS_18,single_choice,,MWMS_LIKERT_6,profile=gd_018_authored;dimension=intrinsic;values=5-6-7,gd_018_authored_answer_recipe_v1
GD-018,mwms_v1,MWMS_19,single_choice,,MWMS_LIKERT_7,profile=gd_018_authored;dimension=intrinsic;values=5-6-7,gd_018_authored_answer_recipe_v1
